http://foreign.zamunda.net/;2562
http://dunya.com.pk/;5964
http://arabmmo.com/;56770
http://www.mmosite.com/;60791
http://juegos10.com/;97368
http://blacklib.com/;114234
http://myanmarsubtitlemovie.com/;116715
http://rarefile.net/;137432
http://seinfeld-episode.blogspot.com/;139288
http://easysubtitles.com/;146555
http://mypst.com.br/;156176
http://www.telechargementgratuits.com/;164465
http://mcvane.ge/;295040
http://webanimex.com/;393497
http://bg-zamunda.net/;415370
http://filmeonline-noi.info/;418216
http://www.cinemafilmgratis.it/;560081
http://9jabook.com/;588988
http://bdlivezone.com/;589476
https://golazogoal.com/;613480
http://www.toongames.com/;713405
http://www.i6.com/;726453
http://www.oyunsitesi.com/;886811
http://annonce-algerie.com/;905214
http://soruvecevap.blogcu.com/;1043215
http://www.jeux-de-mario.com/;1250499
http://www.quevidamastriste.net/#_=_;1335019
http://teknodaninfokita.blogspot.com/;1411437
http://heberger-image.fr/;1502091
http://www.jeux-gratuit.com/;1630376
http://c1m3.blogspot.com/;1671831
http://www.theartimes.com/;1862688
http://droos-b.blogspot.com/;1872010
http://like-ma.blogspot.com/;1872766
http://mes-jeux-gratuits.fr/;1898511
http://tv-maniacs-movies.blogspot.com/;1951043
http://hscandel.blogspot.com/;1976843
http://seinfeld-episodess.blogspot.com/;2178886
http://fpsgratuit.fr/;2192287
http://www.foot-direct.tv/;2232415
http://www.po-igraem.ru/;2237162
http://futuramascope.free.fr/;2254910
http://beisbolenvivo.blogspot.com/;2328407
http://unmundomovil.blogspot.com/;2330445
http://www.jeu-mmorpg.net/;2773253
http://draguer-une-fille.net/;2815479
http://www.regarder-tv.com/;3486359
http://radioxaschove.com/;3742537
http://www.randevucity.net/;3890699
http://www.jeux-flash-gratuit.com/;3954378
http://llaveskaspersky.blogspot.com/;4087335
http://www.softarea.in/;4096037
http://gtasanandreas-fr.com/;4173300
http://offresdemploitunisie.blogspot.com/;4195704
http://gledaionline.org/;4311453
https://www.ekanpur.in/index.php?/;4399398
http://www.zopy.in/;4476526
http://tvarmenia.do.am/;4670403
http://englishtube.net/;4682637
http://painting-history.com/;4765276
http://www.vilubeviet.com/;4805149
http://www.ninjarpg.com/;4838435
http://www.juegospom.com/;4903860
http://gotoprofit.blogspot.com/;4944413
http://gujaratisongsdownload.com/;5010502
http://www.truckgames123.com/;5249248
http://nistnews.blogspot.com/;5285493
http://www.carwheels.ae/;5303980
http://celtic-game.com/;5595036
http://www.historiquedesjeuxvideo.com/;5652068
http://www.uominidonneanticipazioni.it/;5667117
http://flobzoo.com/;5757859
http://www.bubble-shooter.fr/;5912820
http://www.sites2jeux.net/;5930322
http://www.jeuxpourlafamille.com/;5945811
http://www.webjeux.com/;5988902
https://www.envoyer-sms-gratuits.com/;6262650
http://www.jgn.biz/;6287119
http://quotes4status.com/;6361014
http://www.ecbarre2.net/;6515937
http://mmorpgmanga.fr/;6573956
http://naruto-uzumaki.net/;6584282
http://www.mini-jeux-mario.com/;6590271
http://www.filmsstreaming.com/;6612424
http://jogos-gratuitos.com/;6642989
http://www.jeux-de-mmo.com/;6737275
https://www.lecoindesjeux.com/;6876020
http://basketinfo.com/;6914666
http://www.tuttotoro.com/;7142675
http://www.annuaire-de-jeux.com/;7347526
http://smileysnetwork.com/;7475878
http://deathnote-manga.net/;7832616
http://aniveldecalle.net/v3/;7835240
http://www.udirect.tv/;7837326
http://ciudadfutura.org.es/;7906997
http://seekyouritem.com/;8030864
http://www.radios-live.fr/;8096857
http://senegal-annonces.com/;8186697
http://www.outils-webmaster.org/;8264603
http://www.descargartemusica.com/;8380386
http://www.jeu-flash.info/;8596575
http://www.aide-ogame.net/;8774532
http://cours-de-photo.com/;8836791
http://www.gurujeux.com/;8864216
http://www.downloadur.org/;8984646
http://www.tv3nt.com/;9032175
http://runwox.com/;9140772
http://filme-online-subtitrate.info/;9684774
https://www.bestemoticon.com/;9829402
http://annkathrinbrommel.com/;9968830
http://sur-scene.com/;10163536
http://joberu.com/jobs/;10224472
http://nixsos.com/;10230388
http://fellinoweb.eu/;10291560
http://www.weplayflash.com/;10323801
http://ulivetv.com/;10389214
http://trajestipicosyestilizados.com/;10395198
http://flags.org.ru/;10444563
http://www.comores-annonces.com/;10529541
http://www.lajkbrigad.hu/;10617859
http://www.radios-direct.fr/;10850668
http://www.todooflash.com/;10902182
http://jeu-mmorpg.org/;11236672
http://caballos9.com/;11514918
http://www.fungratuit.com/;11610662
http://mmorpg2013.fr/;11649183
http://www.megamusic.it/;11883345
http://le-site-du-football.com/;12045303
http://www.smeshni7.com/;12103632
http://onebuli.hu/;12298383
http://aonebingo.com/;12386625
http://foxjeux.com/;12525898
https://www.jeu-navigateur.org/;12632237
http://foojeux.com/;12639972
http://arabasmile.blogspot.com/;12869683
http://segurpress.com/;12948851
http://www.e4eshop.com/classified/;12998937
http://blogbzm.blogspot.com/;13481205
http://webatme.com/;14084663
http://mostafa-web.blogspot.com/;14432477
http://www.bonus-gratuits.net/;14452747
http://www.jouerconcours.com/;14639304
http://www.jeux365.net/;14750765
http://www.jeuxx.org/;15339300
http://mundovicio.com/;15415761
http://botanycourse.com/;15524624
http://sozlukcell.com/;15623546
http://www.marxismeculturel.com/;15777720
http://www.narutogen.com/;15896560
https://www.jeux-navigateur.org/;16157986
http://www.androizados.com/;16208904
http://yellowmanworld.blogspot.com/;16245138
https://www.bestemoticon.biz/;16357643
http://jeuxlol.com/;16462822
http://www.poshgames.com/;16554135
http://boojeux.com/;16641597
http://ma3refh.blogspot.com/;16667133
http://verybadtrique.com/;17033061
http://www.mini-jeux-sonic.com/;17085761
http://vijde.com/;17129642
http://www.mini-jeux-batman.com/;17494253
http://epsicom.net/;17596069
http://sporta365.com/;18017992
http://www.igiochifree.it/;18334582
http://mmorpgenligne.fr/;18584298
http://www.backvietnam.org/;18611912
http://hmetro.my/;18701804
http://tophits.ir/;18747402
http://www.mini-jeux-spiderman.com/;19289928
http://ar-blogger-tips.blogspot.com/;19303099
http://www.kadogratuit.net/;19679858
http://amiga-games.com/;21065555
http://www.minigames123.com/;21787228
http://www.jeux-simpson.fr/;22671307
http://www.jeux-music.com/;23398363
http://www.boite2jeux.fr/;23966678
http://www.jeux-de-velo.com/;24039683
http://www.tacodance.com/;25093834
http://www.jeux-de-guerre.org/;25672484
http://www.sonic-vs-mario.fr/;25672586
https://watchfreeon.com/;26089277
http://www.telephonie-mobile.fr/;27273703
http://www.isoksok.com/;27332089
http://datinghuge.com/;27401693
http://budbestbuddy.com/;31723917
http://add-url.in/;>30M
http://hadoken-fansubs.fr/;>30M
http://www.gamesumo.com/;>30M
http://www.jeux-internet.com/;>30M
http://iptv-planet.com/;>30M
http://krichitv.com/;>30M
http://www.koreandrama.tv/;>30M
http://www.maparabic.com/;>30M
http://thinkfoot.fr/;>30M
http://info241.com/;>30M
http://vo-production.com/;>30M
http://youconvertit.com/ConvertFiles.aspx;>30M
http://extreme-protect.com/;>30M
http://startru.net/;>30M
http://www.agriacta.com/;>30M
http://spot-live-tv.blogspot.com/;>30M
http://www.loltube.fr/;>30M
http://cuartetos.org/;>30M
http://www.poshtoons.com/;>30M
http://www.arabogames.com/;>30M
http://www.allleftturns.com/;>30M
http://www.streaming-direct.tv/;>30M
http://impressionism-art.org/;>30M
http://ocaspro.com/;>30M
http://www.anunciosbrasileiros.com/;>30M
http://balkanton.net/;>30M
http://www.iprogrammetv.com/;>30M
http://www.banconotemondiali.it/;>30M
http://www.reducirbarriga.com/;>30M
http://www.the-cool-cat.info/;>30M
http://anunciosgratos.com/;>30M
http://www.mini-jeux-voiture.com/;>30M
http://warnation.be/;>30M
http://www.jeuxdeguerre-gratuit.fr/;>30M
http://mservers.eu/;>30M
http://www.sarunga.com/;>30M
http://jeuxtrade.com/;>30M
http://www.jeuxdepingpong.org/;>30M
http://jeux51.com/;>30M
http://mp3cep.org/;>30M
http://evtinidrehi.com/;>30M
http://rawas-group.com/;>30M
http://platingames.com/;>30M
http://jonatan.co/;>30M
http://mister-easycash.fr/;>30M
http://accesgamer.fr/;>30M
http://www.bestpcgamedownload.net/;>30M
http://mobicars.info/;>30M
http://kedesjeux.com/;>30M
http://mario-jeux.fr/;>30M
http://www.mini-jeux-moto.com/;>30M
http://annonces-algerie.net/;>30M
http://www.les-empires.org/;>30M
http://news241.com/;>30M
http://meilleurbuzz.com/;>30M
http://sotrue.cc/;>30M
http://mmorpggratuitenligne.com/;>30M
http://zoojeux.fr/;>30M
http://csoulioti.com/;>30M
http://radyolisteleri.com/;>30M
http://pubblicitavaltellina.com/;>30M
http://infos241.com/;>30M
http://allobuzz.tv/;>30M
http://sinemadam.com/;>30M
http://www.lexiquedujeux.com/;>30M
http://jeuxdemoto-gratuit.fr/;>30M
http://pkmart.pk/;>30M
http://original.com.pa/;>30M
http://www.animetrixrevolution.com.br/;>30M
http://mmorpgatelecharger.fr/;>30M
http://worldfreesoft.com/;>30M
http://various.blogsky.com/;>30M
http://streamingtorrent.altervista.org/;>30M
http://www.onlajnfilmovi.at.ua/;>30M
http://baixargratisjogoscompletos.blogspot.com/;>30M
http://watchmoviesonline43.download/;>30M
http://www.jeu-mafia-game.com/;>30M
http://halis.do.am/;>30M
http://music.azad.az/;>30M
http://spravki-online.free.bg/;>30M
http://torrentdeposu1.club/;>30M
http://izos.fr/;>30M
http://nantes-nettoyage.fr/;>30M
http://www.novavia.fr/;>30M
http://orjeux.fr/;>30M
http://news.mcvane.ge/;>30M
https://bab-hunk.tr.gg/;>30M
http://www.adslforum.it/;>30M
http://www.tuttonapolicalcio.it/;>30M
http://makilemuzika.blog.rs/;>30M
http://www.titobos.co.vu/;>30M
http://livefutboll.superweb.ws/;>30M
http://muzikdinle.site/;>30M
http://www.condividime.it/;>30M
