http://ikea-club.com.ua/;176960
https://www.weavesmart.com/;430580
https://www.andindia.com/?___store=andindia_oth&__from_store=andindia_oth;854197
https://www.oxolloxo.com/;894710
https://www.womenice.com.tr/;1478292
https://cosmos-relax.site/;1710249
http://storie.club/;1861011
http://auto-news.site/;3127306
https://retailreco.myshopify.com/;3202354
https://porno-kitty.info/;3905073
https://k9clippers.website/;4289833
https://anarki.online/;4516281
https://igriskoli.top/;4815126
http://tagmebel-7ya.ru/;5094118
https://234a.top/;5193763
https://yume-es.site/;5228658
http://flasharteweb.com/;5546697
https://lesbian-sexy.pro/;5574163
https://www.raashops.com/;5685771
https://pinro.co/;5942005
https://theexaminer.site/;7009378
https://www.santiyedefteri.xyz/;7398269
https://jobseek.site/;7638169
https://techmore.website/;7826651
http://friv3games.top/;8059573
https://movieson.top/;9158637
https://treatmeathome.online/;9478730
https://bixbet.live/;9580501
http://arfolyammnb.hu/;10888496
https://uad-2.info/;10890675
http://200felules.hu/;10988087
https://a24.online/;11101646
https://vklas.info/;11142890
https://sochiintim.site/;11251240
https://www.iterary.com/;12141506
https://cernokostelecko.info/;12925982
https://socialbookmark.xyz/;13242294
https://12in12.space/;13964935
https://pastane.co/;14133909
https://www.casterchaircompany.com/;14688011
http://harmonyrehabilitationcenter.org/;14949838
https://investissementlocatif.xyz/;15144729
https://www.globalboard.world/;15933135
https://asamurat.club/;15951995
https://fashion-style.site/;16067606
https://aclu-charlotte.org/;16457749
https://servicesolahartjakarta.top/;17572072
https://www.tempo-furniture.com/;17680086
https://orgiasesso.info/;17829882
http://text-only.info/;18199330
https://rus-army.org/;18255814
https://kaufengenerika.space/;18359035
http://ccac-us.com/;18894598
https://corewonderful.xyz/;19243699
https://tonery.online/;19474034
https://porno-retro.online/;19645650
https://cyper.xyz/;19695586
https://bigbang.ie/;19759310
https://sfee.info/;20552418
https://enss.nl/;21293722
https://bellescollective.online/;22479056
https://snus.mobi/;22488727
https://semipio.xyz/;22714180
https://ivarca.nl/;22878921
http://codo.ro/;23369446
https://meerarmslag.nl/;25238204
https://taitrochoifree.mobi/;25717837
https://umka.mobi/;26529244
https://www.globaldesi.in/?___store=gd_oth&__from_store=gd_oth;>30M
https://exhibityour.com/;>30M
https://conpragma.nl/;>30M
https://amireizen.nl/;>30M
http://www.taipei-old.com/;>30M
http://www.appcrawler.net/;>30M
https://nwdv.info/;>30M
http://natalyor.ru/;>30M
https://aoiko.me/;>30M
https://edcpa.me/;>30M
https://bibli.me/;>30M
http://clickco.in/;>30M
https://hitsms.nl/;>30M
https://lospistoleros.info/;>30M
https://zadorozhnyy.info/;>30M
https://world-sex.info/;>30M
http://www.xerionics.com/;>30M
https://genjyokaifuku.info/;>30M
https://ayurveda-lakshmi.nl/;>30M
https://world-rally-museum.nl/;>30M
https://woens.nl/;>30M
https://thinkculture.net/;>30M
https://mihcsn.org/;>30M
https://e-neuro.org/;>30M
http://unlimitedflightstoaustralia.com/;>30M
https://kudlerfinefoods.info/;>30M
https://www.technoblogger.ru/;>30M
https://zcpublishers.info/;>30M
https://baznicai100.info/;>30M
https://wcwd.info/;>30M
http://gochuan.com/;>30M
https://footballpics.nl/;>30M
http://pineapplevacations.com/;>30M
https://lingeriestart.nl/;>30M
http://sisilife.com/;>30M
https://hvelt.nl/;>30M
https://webcam-pornos.info/;>30M
https://bedrijven-kopen-verkopen.nl/;>30M
https://joeandkimphoto.com/;>30M
https://homeinsurancecalculator.info/;>30M
https://schermen-esprit.nl/;>30M
https://streetdiva.nl/;>30M
https://adulttop100.nl/;>30M
https://les-tertres.info/;>30M
https://msn-letters.nl/;>30M
https://thebranchesonline.info/;>30M
https://latinacamsex.nl/;>30M
https://poljorissen.nl/;>30M
https://d-day-publishing.be/;>30M
https://telegaranti.nl/;>30M
https://theglp.info/;>30M
http://koone.org/;>30M
https://schlagzeilen.mobi/;>30M
https://weblinkjes.nl/;>30M
https://tomvanmeerten.nl/;>30M
https://jaahost.nl/;>30M
http://www.josephandbenjamin.com/;>30M
https://nerdmash.com/;>30M
http://islandnightsjazzcruise.com/;>30M
https://yahvehyireh.com/;>30M
https://innerpeaceforyou.me/;>30M
http://zhnews.top/;>30M
https://discunska.info/;>30M
https://maticon-hitori.info/;>30M
https://treadie.com/;>30M
https://howtoplaypoker.online/;>30M
https://192168ll.top/;>30M
https://bbtop.top/;>30M
https://bodyhealthaustralia.top/;>30M
https://englishstudent.top/;>30M
https://www.kizi3.top/;>30M
https://maizao.top/;>30M
https://muskelaufbau-tabletten.top/;>30M
https://potenssihairio.top/;>30M
https://spiermassasupplementen.top/;>30M
https://bodyfurless.xyz/;>30M
https://savealot.xyz/;>30M
https://way-studio.xyz/;>30M
https://cheapnfljerseys.store/;>30M
https://fxworx-job.club/;>30M
http://kuni.space/;>30M
http://motemodnekvinner.website/;>30M
http://beskidtsexgratis.site/;>30M
http://topkredite.top/;>30M
http://joyourself.club/;>30M
http://sosny.top/;>30M
https://buy-zithromax-online.online/;>30M
https://goldenfoodshuanuco.com/;>30M
https://motherboardbundles.online/;>30M
https://socketmotherboards.online/;>30M
https://supplomat.de/;>30M
https://huffington.website/;>30M
https://scrapbooking.website/;>30M
https://acheterenligne.site/;>30M
https://eroerofactory.xyz/;>30M
https://premiumdeals.online/;>30M
https://phillipreed.online/;>30M
https://americandistrict.space/;>30M
https://abeandblog.info/;>30M
https://inazuma.site/;>30M
https://troublesome.space/;>30M
https://socialshop.pro/;>30M
https://cialisgenerikabillig.top/;>30M
https://amandaborges.online/;>30M
https://sazukari-ninkatu.xyz/;>30M
https://10fit.online/;>30M
https://e-t-a.xyz/;>30M
https://150mgpriserviagra.top/;>30M
https://bestellencialisbillig.top/;>30M
https://v-krovatke.info/;>30M
https://nicestyles.xyz/;>30M
https://teensporn.site/;>30M
https://omnicef.club/;>30M
https://compraryeezyes.club/;>30M
https://goodsinitial.xyz/;>30M
https://crazecool.xyz/;>30M
https://malllicensed.xyz/;>30M
https://shopbrilliant.xyz/;>30M
https://andrewjaiahkaikai.online/;>30M
https://vatendoll.xyz/;>30M
https://cardigan.space/;>30M
https://lbbleonlinks.xyz/;>30M
https://megiba.xyz/;>30M
http://ingatlanok.top/;>30M
https://beta1.online/;>30M
https://forgottenhero.website/;>30M
https://wonder-woman.online/;>30M
https://spacewarped.online/;>30M
https://360yu.site/;>30M
https://spa-anddent.top/;>30M
https://mrm-domori.space/;>30M
https://placepretty.top/;>30M
https://fancymall.top/;>30M
https://outletrare.top/;>30M
https://crazefashionable.top/;>30M
https://priomh.website/;>30M
https://planeetcinema.be/;>30M
http://testsites.website/;>30M
https://mandiriqq.site/;>30M
https://satanichiabrothers.online/;>30M
https://csrpfivem.life/;>30M
https://nimotop.club/;>30M
https://domic.top/;>30M
https://love-es.xyz/;>30M
https://insecta.store/;>30M
http://cartiertank.top/;>30M
https://yogappoi.life/;>30M
https://10698881.pw/;>30M
https://megaogorod.pw/;>30M
https://ibuyviagraonline.life/;>30M
http://desafioherbal.com/;>30M
https://www.shopfino.in/;>30M
https://zestril.club/;>30M
https://pzjb.site/;>30M
https://delern.org/;>30M
https://redbeard.top/;>30M
https://1blackfire.top/;>30M
https://felolore.top/;>30M
https://beathis.top/;>30M
https://sexdosug.pw/;>30M
https://www.stom66.co.uk/;>30M
http://epicentar.club/;>30M
http://vreale.club/;>30M
https://jonseo.co.uk/;>30M
https://snegdiler.online/;>30M
https://libidox.party/;>30M
https://pazaruvai.online/;>30M
https://zdrava-vyziva.online/;>30M
https://e-girls.men/;>30M
https://practicefour.online/;>30M
https://bestprice24.online/;>30M
https://jatholdings.online/;>30M
https://headsetgo.online/;>30M
https://themealplannerapp.com/;>30M
https://dating-sex-toys.xyz/;>30M
https://altermedica.online/;>30M
http://morkowki.ru/;>30M
https://restaurantpwa.com/;>30M
https://seeperfect.xyz/;>30M
https://asbestos-ace.co.uk/;>30M
http://bobscomputershop.co.uk/;>30M
http://www.fitness-equipment-shop.co.uk/;>30M
https://pivotalbusinessnetworking.co.uk/;>30M
https://bhs-kent.org.uk/;>30M
https://bgchat.club/;>30M
https://deliheruaijin.club/;>30M
https://dentistaribeiraopreto.club/;>30M
https://ellusto.club/;>30M
https://globaltravelers.club/;>30M
https://guangin.club/;>30M
https://hcgslimming.club/;>30M
https://kinohit.club/;>30M
https://krazure.club/;>30M
https://numerologytrends.club/;>30M
https://okaidoku.club/;>30M
https://pers.club/;>30M
https://provr.club/;>30M
https://putlockers2.club/;>30M
https://wein-herstellen.club/;>30M
https://wu49.club/;>30M
https://pastelbox.co/;>30M
https://vidd.co/;>30M
https://meteo.francetvinfo.fr/;>30M
https://www.dennison.in/;>30M
https://minidukan.in/;>30M
https://gobiernodepozarica.gob.mx/;>30M
https://bernersennen-finmarken.nl/;>30M
https://bovry.nl/;>30M
https://opticsweek.nl/;>30M
https://cacayota.pro/;>30M
https://farine.pro/;>30M
https://femme-de-menage.pro/;>30M
http://cheapreplicawatches.pw/;>30M
https://mzml.pw/;>30M
https://n32.pw/;>30M
https://qq88.pw/;>30M
https://rufilms.pw/;>30M
https://tokyo-selection.pw/;>30M
https://aloneintheuniverse.space/;>30M
https://brianrodriguez.space/;>30M
https://starsbead.com.ua/;>30M
https://braidamsterdam.com/;>30M
http://anusiya.com/;>30M
https://canpharm.top/;>30M
http://www.wanjing999.com/;>30M
https://www.mootish.com/;>30M
http://txagr.site/;>30M
https://www.kink-o-meter.com/;>30M
