http://www.deloton.com/;74
https://www.cnet.com/;162
http://www.onclkds.com/;4642
https://www.worldcoinindex.com/;4694
https://propellerads.com/;10550
https://www.liveauctioneers.com/;13818
http://www.onclickads.net/;13943
http://www.convertfiles.com/;16941
https://www.comando-filmes.org/;17861
https://karaspartyideas.com/;31347
https://govjobadda.org/;38394
http://www.chatib.us/;39124
http://www.raidcall.com.ru/index.html;40677
http://www.cbseguess.com/;45071
https://bitrad.io/;46672
https://voz48.xyz/#_=_;49952
http://baseshare.com/;50267
https://www.combinacionganadora.com/;76400
https://digitaldripped.com/;80690
http://rilis.id/;85118
https://via-midgard.com/;104616
https://clearcoin.co/;104871
https://xconomy.com/;116253
http://softdroid4u.blogspot.com/;150700
https://hostkda.com/;152290
https://asgardia.space/en/;180629
http://blognife.com/;183175
https://www.vrandfun.com/;187419
http://www.selowae.net/;189436
https://burstforum.net/;190032
https://www.sercanto.co.uk/;190145
https://kryptomoney.com/;206188
https://mycurrentlocation.net/;211377
http://www.gsmfavor.com/;228181
http://filipinochannel-tf.blogspot.com/;234807
http://adsmodern.com/;257656
http://tapcuoi.net/;261543
https://mymediads.com/;277966
https://nytcrosswordanswers.com/;298126
https://varindia.com/;302600
https://ablefast.com/;308093
https://www.poftut.com/;319640
http://www.maungpauk.org/;335422
http://www.nta.ng/;335718
http://desene3d.com/;356599
http://www.gsmtestedfirmware.com/;399447
http://mypetads.com/;428222
http://www.z-table.com/;432974
https://aufgewachter.wordpress.com/;443766
http://www.homelandsecuritynewswire.com/;451425
http://g80g.com/;465669
https://www.asianhobbyist.com/;469217
http://www.fs2000.org/;476281
https://thetravelsoftatsu.wordpress.com/;521075
https://sitebooster.com/;530167
https://www.milleguide.com/;564874
http://www.ofuran.com/;598415
https://gsmkarachi786.blogspot.com/;601131
http://www.vgamerz.com/;630713
http://www.jobsato.com/;713301
https://thaimilitaryandasianregion.wordpress.com/;715267
https://www.sportsworldnews.com/;747288
http://blackworld.com/;758794
http://downloadsforfree4all.blogspot.com/;763845
https://weaponsandwarfare.com/;784078
https://animeworldnetwork.blogspot.com/;831058
http://www.netcam.ro/;855298
https://www.concaholic.com/;886647
https://todaysera.com/;889004
https://www.wytv.com/;909132
https://theuavguy.wordpress.com/;930272
http://www.meralesson.com/;1034206
https://soutwatan.com/;1041329
http://www.indialeads.com/leads/;1055761
http://www.lyricfresh.com/;1118871
https://stakeminers.com/;1133618
https://bitcoinsfor.me/;1175036
https://ctoon.party/;1181344
http://cpmoz.com/;1192923
http://www.aviastock.com/;1208801
http://www.aspmantra.com/;1217105
https://www.boatmag.it/;1245690
http://ad7.biz/;1264232
http://newsinfocenter.blogspot.com/;1287030
http://mobile88.co.id/sitemap.asp;1294102
http://affbuzz.com/;1295894
http://letembed.blogspot.com/;1299967
http://tradecall.in/;1370430
http://lightning-surf.com/;1396476
http://technosteroid.blogspot.com/;1431865
http://www.mangamanga.ml/;1436887
https://www.usedboatequipment.com/;1458097
http://www.triennguyen.com/;1476853
http://affexpert.net/;1481738
http://lankavision.com/;1483585
http://boseflix.com/;1508484
http://www.kasganjportal.in/;1513786
https://www.azeeztech.com.ng/;1524407
https://jazzlives.wordpress.com/;1538708
http://nannaof3.blogspot.com/;1557361
https://ahmaditclub.blogspot.com/;1582444
http://pse-tools.info/;1608881
http://washingtonbids.com/;1623271
https://cxgames10.blogspot.com/;1685602
http://countetdilaga.blogspot.com/;1686195
http://dramacartoon.blogspot.com/;1705706
http://www.paidclix.net/;1726214
http://articles-at.blogspot.com/;1763241
http://hollywolf.ca/;1770925
http://sitessubmit.blogspot.com/;1778465
https://androidhexzone.blogspot.com/;1835034
http://www.adfries.com/;1837962
http://alltipsotricks.blogspot.com/;1940225
http://kwingroup.com/;1962704
http://serialetelewizyjne.info/;1997906
http://bloviatingzeppelin.net/;2018029
http://www.cumacoder.com/;2029155
http://www.moneyfanclub.com/;2060820
https://www.airpart.co.uk/;2246400
http://www.space-travel.com/;2249075
https://szextant.blogspot.com/;2305586
http://www.bbbaovivogratis.top/;2305599
http://www.infotechtips.com/;2338799
http://tajmobile.blogspot.com/;2389423
http://69hot.info/;2441588
https://basil-karatzas.com/;2459802
http://chicagoartmagazine.com/;2487897
http://entemovie.com/;2497046
https://mobomedix.net/;2539120
https://www.dailycryptonews.com/;2556701
http://www.scamalertreview.com/2017/08/duhmoneyclub-does-it-pay.html;2602415
https://www.donofweb.com/;2692491
http://totalik.com/;2724837
http://wolftraffic.com/;2773333
http://www.aviationofjapan.com/;2867625
http://www.webmaster-money.org/;2897086
http://www.irtiqa-blog.com/;2906742
http://www.androidlive.in/;3050808
https://huongduong1412.blogspot.com/;3065045
http://yourwaysformoney.com/;3090347
http://www.iptvmmu.tk/;3098970
https://patriceayme.wordpress.com/;3108963
http://www.accessorieslists.com/;3122440
https://nisgav.net/;3203016
http://chibum.com/;3219538
http://www.thehackingguide.com/;3308199
http://streamnoypi.blogspot.com/;3310367
https://torontosavvy.me/;3343555
http://www.softwares.tk/;3349202
http://www.m-artimimpi.com/;3383309
http://www.prweekawards.com/;3483097
https://www.discoveryhub.net/;3502477
http://gsmvn.vn/;3692009
http://viralking.com/;3729899
http://www.thatdedang.com/p/update-ptc.html;3734199
http://cpideal.com/;3755364
http://www.nitroware.net/;3829812
http://telecharger01-net.blogspot.com/;3923936
http://www.sealnado.com/;3964311
http://www.thuthuatso.info/;4185337
https://womenoffshore.org/;4231529
https://skyweek.wordpress.com/;4332795
http://www.wideinfoweb.org/;4356800
http://www.mouthytech.com/;4461546
http://hk-banks.com/;4491369
http://www.gistpost.com/;4614491
http://www.mindfvck.com/;4647631
https://plexmedia.co.uk/;4650938
http://www.livingwarbirds.com/;4673246
https://www.sk8.rocks/;4713138
http://alaska-native-news.com/;4719277
https://www.enchantology.com/;4725648
http://adanahaber.co/;4738015
http://www.thebuildingboard.com/;4759622
http://parityads.com/;5009086
http://www.lastlookproduction.com/;5038183
https://job-dz48.blogspot.com/;5073110
http://mo3jabeen.blogspot.com/;5105128
https://kingelia.com/;5217285
http://adzfun.info/;5487867
http://mytv-online.fr/;5504959
http://www.god4bandme.com/;5650677
http://tikjda3.blogspot.com/;5651798
http://solutionsbd.blogspot.com/;5776256
http://bestgadgetsforgift.com/;5849525
https://989me.vn/;5857223
http://www.csgauravsharma.com/;5974770
http://borderline.biz/;6077165
http://www.riequetehacebien.com/;6109109
https://healthclubnews.org/;6150397
http://www.accet.in/;6169072
http://www.teofilo.net/;6172616
http://tennesseebids.com/;6187291
https://itszaib.blogspot.com/;6240246
http://wirenews.in/;6302325
http://sejutamp3.com/index.xhtml;6336207
https://buzz4mommies.blogspot.com/;6361717
https://kurusdancantik.com/;6383707
https://laysalaysa.com/;6433269
http://www.onlinerana.com/;6470738
http://ideadiez.com/;6473843
http://www.itechglance.com/;6474267
https://www.pennyforyourpocket.com/;6573689
http://www.sfondidesktop.eu/;6602857
http://www.mitsubishijambi.com/;6640556
http://www.akosuaevelyn.com/;6827348
https://thyliasmoss-writer.com/;6829737
http://shoprus.com/;6844807
http://asndailynews.com/;6864993
http://payingmedia.com/;6922824
http://airflightdisaster.com/;6942979
http://www.ruffledhair.com/;6977829
https://ridnt-b.blogspot.com/;7011730
https://algeriansewing.blogspot.com/;7066511
http://faravir.ir/;7073042
http://jansongroup.com/;7087547
http://businessnetworkinglife.com/;7122181
https://www.atc-c.com/;7192495
http://ugspaintball.com/;7201580
http://www.boatmad.com/forum/;7287443
http://gemtraffic.com/;7290433
http://virginiabids.com/;7337339
http://putlockercom.com/;7365785
http://physics57.blogspot.com/;7380655
https://www.passionboard.com/;7497665
http://topmovie22.com/;7506269
http://digitalmedia.com.ec/web/;7666864
https://entrepreneurtopics.com/;7704352
http://www.techy-world.com/;7763168
https://biopolyverse.com/;7784059
http://gospeldrummer.org/;7919548
http://adsremedy.com/;8173558
http://lobola.net/;8221574
http://hydenlaw.com/;8247846
https://jjpostcards.com/en/;8277673
http://avnn.in/;8401911
https://giumelligroup.com/;8418254
https://oziamoney.blogspot.com/;8481871
http://notoriousro.net/;8534658
http://affiliatecompanylist.com/;8547415
https://abovethefoldagency.com/;8626545
http://punjab-employee.blogspot.com/;8650286
http://xoloq800kitkatroms.blogspot.com/;8699763
http://giveawaygal.blogspot.com/;8763632
http://hextidol.blogspot.com/;8842612
https://tastymir.com/;8905234
http://www.easymakingmoneyonline.com/;8997822
http://twittervisits.com/;9029663
http://mdb-dev.es/;9158412
http://chakrirkhabar.blogspot.com/;9283335
http://geopng.blogspot.com/;9413006
http://www.aspins-media.com/;9473508
http://glphotographyllc.com/;9491601
http://www.lovefoods.de/;9554121
https://www.airventuresri.com/;9587627
http://boatsdaily.com.au/;9620009
http://blogfromhome.biz/;9636407
http://teknikterminoloji.com/;9642476
http://amicapubblicita.net/;9673764
http://workhomeunion.com/;9699636
http://www.listsofhospitalsintheunitedstates.com/;9726932
http://www.justremedies.com/;9943148
https://virtualworldsedu.info/;9961438
http://pubblicitagratuita.net/;10068215
http://www.tunceryolal.com/;10154923
https://automotiveguideto.com/;10192712
http://channelvid.blogspot.com/;10287692
http://topadult.biz/;10320685
http://www.officialwebnews.com/;10380511
http://quixoticjoust.blogspot.com/;10388588
http://foodsandflavorsofindia.com/;10478778
http://www.newskeera.com/WfMQZ/;10532438
http://electroluminescent-store.com/;10555564
http://www.hdsectorjobs.in/;10633825
http://giakhang.com.vn/;10641231
http://260blog.com/;10666091
http://www.sevenpack.net/;10772794
http://www.zamlakay.press/;10890099
http://www.ukhanemarathi.com/;11120142
http://naijalyricsng.com/;11123979
https://techwithcoffee.com/;11133535
https://twinsonthego.com/;11225335
http://sarov.mobi/;11264656
http://castlesurf.com/;11451225
http://adgate.com/;11626022
http://theyoungs.com/;11656241
https://speedcup.wordpress.com/;11692378
https://www.markwatsonchildrensbooks.com/;11744965
https://ad507.com/;11758977
http://bdimagenetwork.blogspot.com/;11803233
http://www.lidrontech.com/;11817697
http://alfamontreal.info/;11854642
http://excelsiorsuperfoods.com/;12076229
https://aladeensoftware.blogspot.com/;12087898
http://www.pilipinasonlineupdates.com/;12244899
https://www.ninteny.com/;12261460
http://course4us.com/;12278719
http://skdevelopers.info/;12285290
http://lifespeaks.tv/;12566709
http://www.bytecruft.com/;12614556
https://thedictionaryprojectblog.com/;12677317
https://www.cumlesanat.com/;12731289
http://www.cardomino.info/;12765611
http://www.senseimichael.com/;13017116
https://puressmin.com/;13029098
http://taphoacongnghe.com/;13244917
http://againstthewall.info/;13278342
http://cotopaxi-colorado.com/;13329915
http://ilovehasselt.com/;13344212
http://fictionempire.com/;13413839
http://www.hottarin.com/;13419400
http://educatorsconnect.com/;13431045
http://eventhorizonexchange.com/;13488320
http://www.rfkassassination.com/;13596137
https://herringspoint.com/;13765824
http://www.tarka-gymnastics.com/;13789054
https://buzz-feeds.com/;13806863
http://dju.be/;13837001
http://www.olympusexchange.com/;14032701
http://www.girlgotglitter.com/;14033883
http://november221963.com/;14038221
http://inloads.com/;14050532
http://www.bacninh.work/;14250057
https://sinisterresistance.com/;14400273
http://sekedarkicauanrakyat.blogspot.com/;14447565
http://www.promosip.com/;14476418
https://www.lectureverb.com/;14766825
http://teammatrix.org/;14770895
http://evilexposed.org/;14814750
http://today-tv24.blogspot.com/;14819830
http://www.davemiltonphotography.com/;14843774
http://amicapubblicita.org/;14857067
http://wiseconnex.com/;14996816
http://www.pranknepal.com/;15077981
http://proadsplus.com/;15164341
https://2r2bcash.blogspot.com/;15235472
http://mustangmessage.org/;15398384
http://andigentho.blogspot.com/;15409378
http://www.chatdiamond.com/;15462422
http://24segundos.com/;15577262
http://www.geminidivision.com/;15590447
http://fishingpixels.com/;15646815
http://blackpropeller.com/;15671985
http://www.francoisbocquet.com/;15741761
http://hd-lenkino.info/;15789975
http://variedthoughts.com/;15976187
https://linkshd.com/;16178433
https://remsxplane10.wordpress.com/;16225881
http://creative-collaboration.net/;16320719
http://www.susimai.com/;16371831
http://tesplash.com/;16548640
https://biqqle.blogspot.com/;16567273
https://gumeniuk.com/;16680511
https://www.webpotentiel.com/;16814599
http://123insured.com/;16858357
http://ru-lenkino.info/;17173730
http://www.theviewfromhemingwaysattic.com/;17283342
http://www.ifrweather.com/;17329685
http://sidewalkmodel.com/;17409900
https://www.montelent.com/;17416996
http://lenkino-ru.info/;17506092
https://hackingplayground.com/;17715745
https://www.tdjss143.com/;17727982
http://songacomms.com/;17796046
http://trendgorilla.com/;17813094
http://copystylist.com/;17813768
http://kcws.org/;17976855
http://matthewbuckland.com/;18098502
http://jjcamping.com/;18165632
http://www.designpost.com/;18173884
http://utpakistan.blogspot.com/;18252477
https://www.thesip.com.au/;18390478
http://www.justinspencer.us/;18408166
http://anastomoo.com/;18516987
http://taiji18.com/;18531602
https://bostonbiotechwatch.com/;18584024
http://ferialmasryforassembly.com/;18610615
http://www.darkwallz.com/;18710927
http://soupads.com/;18715513
http://www.vfrweather.com/;18768122
http://www.eizzy.info/;18947281
http://errecharge.com/;18979369
http://www.debrabrinkman.com/;19113826
http://www.gajidigital.com/;19124818
http://decontaminationgear.com/;19136949
http://themarketplace.com/;19168309
http://theombar.com/;19186472
http://forumseriale.info/;19203657
http://www.dealsindiaonline.com/;19958954
http://topvideotrainingcourses.com/;20411218
http://suaradepok.com/;20417418
http://www.totallyelectriccars.com/;20845209
http://pubadmedia.com/;20937626
https://numerologybasics.com/;21309487
http://longnguoikhodoan.com/;21385770
https://www.zzzzzzzzz.net/;21811342
http://kino-torrents.info/;22211453
https://www.lowbrowliterati.com/;22257628
http://werwillmit.com/;22317144
http://murthasolutions.com/;22547016
http://www.free-download-city.com/;22839401
http://abmuktradelink.com/;22850293
http://johnhdenny.com/;23243256
http://worldjobbox.blogspot.com/;23281396
http://www.picturesqueon.com/;23618791
http://altrightnation.com/;23945526
http://best2world.com/;24127433
http://www.cdguru.com/;24142553
http://www.tibshirani.ca/;24314526
http://blizwiz.com/;24622920
http://www.tegim.com/;24789009
https://hasan270blog.wordpress.com/;24835106
http://ymcogop.org/;25035790
https://simandflight.com/;25316383
http://www.mixsepmixing.com/;25547408
http://lunits.com/;25689130
http://blakeface.us/;25759537
http://topserials.info/;26233562
http://computersecurityinfo.com/;26807340
http://internetjogjakarta.blogspot.com/;26982066
http://kino-films.info/;29961969
http://www.takeoffsareoptional.com/;30261863
http://www.blackberryos.com/;>30M
https://oraculochino.org/;>30M
https://www.b2bnn.com/;>30M
http://www.xeniosworld.com/;>30M
https://www.ussailing.org/;>30M
http://internationalsecurityjobs.blogspot.com/;>30M
http://www.mommyramblings.org/;>30M
http://izquierdazo.com/;>30M
https://tieshaunn.wordpress.com/;>30M
http://www.businessclass.co.uk/;>30M
https://www.bydanjohnson.com/;>30M
http://www.eceway.com/;>30M
http://www.kutufam.com/;>30M
http://reviewbrokers.net/;>30M
https://www.didhelikeit.com/;>30M
http://presstz.net/;>30M
http://www.newestsoft.com/;>30M
http://www.divostroi.ru/;>30M
https://www.toytag.com/;>30M
https://consejos-publicitarios.blogspot.com/;>30M
https://raddestlooks.org/#_=_;>30M
http://www.techbadoo.com/;>30M
https://educationinjapan.wordpress.com/;>30M
http://www.sourcecodesolutions.in/;>30M
http://www.dodgycoder.net/;>30M
http://te-world.com/;>30M
http://true-bluetraffic.net/;>30M
http://trafficdynamitepro.com/;>30M
http://eaglewok.com/;>30M
http://huntdrop.com/;>30M
http://1sthitspro.com/;>30M
https://www.ibexshow.com/;>30M
http://www.cardpostage.com/;>30M
https://www.nepal24hours.com/;>30M
https://www.adac-skiguide.de/en/;>30M
http://cutteraviation.com/;>30M
http://www.topadnetwork.com/;>30M
https://nisgav.com/;>30M
http://www.engineersdaily.com/;>30M
http://premiumfile.net/;>30M
http://www.muhammadzeeshan.net/;>30M
http://zoozoogames.com/;>30M
http://traffictoons.com/;>30M
https://p1superstock.com/;>30M
https://midletonheritage.com/;>30M
https://jamesscheller.com/;>30M
http://watchtvserial.info/;>30M
http://freshjoblistings.com/;>30M
http://realistik.biz/;>30M
https://creditz.org/;>30M
http://flourishprosperinc.com/;>30M
https://martechfinder.com/;>30M
https://kingofgym.com/;>30M
http://iyiparakazan.com/;>30M
https://navyships.com/;>30M
http://www.leejohnphotography.com/;>30M
https://www.accessoriesdogs.com/;>30M
http://kitkatnews.com/;>30M
http://mytv-online.com/;>30M
http://nodum.org/;>30M
http://www.alhekayat.com/;>30M
http://amicapubblicita.info/;>30M
http://medicaltreatment.info/;>30M
http://serial-box.info/;>30M
http://rutstoriches.com/;>30M
https://drones-camera.com/;>30M
http://savorycafe.org/;>30M
http://vcamo.com/;>30M
https://phimhai.us/;>30M
http://www.pflaglascruces.org/;>30M
http://www.halifaxhotelsairport.com/;>30M
https://crossingriversandroads.com/;>30M
http://serialionlain.info/;>30M
http://kellberg.net/;>30M
http://diefreudederschoepfung.de/;>30M
https://nisgav.co/;>30M
http://www.gyverchang.com/;>30M
http://boisfranclanaudiere.com/;>30M
http://circleofreason.org/;>30M
https://jetopen.com/;>30M
http://epichow.com/;>30M
http://www.champ-english.com/;>30M
http://jrcook.net/;>30M
http://www.barrhavenrentals.com/;>30M
http://mhtbworld.com/;>30M
http://xxxpornbusiness.com/;>30M
http://www.distrocyber.com/;>30M
https://joblist4u.com/;>30M
http://topgenads.com/;>30M
http://produtos-para-emagrecer.info/;>30M
https://propellermarine.com/;>30M
http://abhilash.us/;>30M
http://www.felixmeyer.com/;>30M
https://nisgav.tv/;>30M
http://bctraining.us/;>30M
http://cflyer.com/;>30M
http://mattinglysilo.com/word/;>30M
http://www.easthawthorne.com/;>30M
http://dodgeramwa.info/;>30M
https://muquestionpapers.com/;>30M
http://mymelodies.net/;>30M
http://burst-team.us/;>30M
http://www.emilelm.com/;>30M
https://nisgav.eu/;>30M
http://otimundo.com/;>30M
http://www.cardessen.com/;>30M
https://marvelousreality.com/;>30M
http://enlerce.com/;>30M
https://overthedoorstep.com/;>30M
http://socialmediaicu.com/;>30M
https://undercoverquarterly.com/;>30M
http://pcifreehost.net/;>30M
http://www.wapdynamo.com/;>30M
http://andrija.com/;>30M
http://rasberincedan.com/;>30M
http://chimerae.net/;>30M
https://www.wilmingtonpropellerclub.org/;>30M
http://dozenporn.com/;>30M
https://www.socialblogger.org/;>30M
http://musicoften.com/;>30M
https://dreampoetica.com/;>30M
https://www.kino360.de/;>30M
http://www.cityofbaldwyn.com/;>30M
http://www.tolllikereceptor.com/;>30M
http://reel33.com/;>30M
http://losingstuffgainingfreedom.com/;>30M
https://nisgav.info/;>30M
https://freemaritime.com/;>30M
https://conspiracyandchaos.net/;>30M
https://www.affinext.com/;>30M
https://nisgav.us/;>30M
http://www.realmoneyblueprint.com/;>30M
http://www.moughamarat.com/;>30M
https://inorbitad.com/;>30M
http://www.wofts.com/;>30M
http://www.esthersoakley.com/;>30M
http://www.disneygolfvacations.com/;>30M
http://www.qyrool.com/;>30M
https://nisgav.org/;>30M
http://artdrilldesign.com/;>30M
http://bobbrakemanmovies.com/;>30M
https://www.geezgo.com/;>30M
https://jetchartering.net/;>30M
https://jaimebristow.com/;>30M
https://mimsflorida.com/;>30M
http://webdefence.net/;>30M
http://www.vfrwx.com/;>30M
http://www.ottawachessclub.com/;>30M
https://nisgav.biz/;>30M
http://appspublic.com/;>30M
https://www.pieterbakker1.com/;>30M
https://www.bendelaroche.com/;>30M
http://www.hasslefreefishing.com/;>30M
http://roydomingo.com/;>30M
https://www.hoilfield.com/;>30M
http://benadiba.com.br/;>30M
https://linkybird.com/;>30M
https://www.ddimports.ca/;>30M
https://globalresearchblog.wordpress.com/;>30M
https://www.lakshmiengworks.com/;>30M
http://www.ortintin.com/;>30M
http://www.lolhorses.com/;>30M
http://kristiankokol.com/;>30M
http://eatcolorsdrinkvibes.com/;>30M
http://socialmediatips.info/;>30M
https://worldtaxi.org/;>30M
http://www.smoochiespoochies.com/;>30M
http://www.enricopavia.com/;>30M
https://browncountyhorsemans.org/;>30M
https://www.precisionsales.ca/;>30M
https://motoringwithmarla.com/;>30M
http://www.moveads.net/;>30M
https://www.advertaiz.com/;>30M
https://bettinglove.com/;>30M
https://www.virtualkollage.com/;>30M
https://www.electricrcaircraftguy.com/;>30M
https://vuilen.info/;>30M
http://www.naijavacancy.com/;>30M
http://ardantus.org/;>30M
http://elmaktab.com/;>30M
http://www.aerialadvertising.org/;>30M
http://fomenkoart.com/;>30M
http://www.lelaboratoire.be/;>30M
http://www.ifrwx.com/;>30M
http://www.sailingxperience.com/;>30M
http://www.connexussolutions.com/;>30M
http://vitiswise.com/;>30M
http://iserlohn-roosters.org/;>30M
http://nexus-tech.us/;>30M
http://www.opendoor-christian-store.com/;>30M
https://usale.us/;>30M
https://ketchcompassrose.com/;>30M
http://www.airjacksonsolar.com/;>30M
http://www.fuelmanagers.net/;>30M
http://hhfsa.us/;>30M
https://greekships.com/;>30M
http://sprachcenter-kassel.eu/;>30M
http://d3pk.com/;>30M
http://dododesign.com/;>30M
http://www.newgoodidea.com/;>30M
http://jon-parks.com/;>30M
http://majorproblems.net/;>30M
http://www.alterdiaz.net/;>30M
https://grendz.com/;>30M
https://adflips.com/;>30M
http://www.projectfit.nl/;>30M
http://rockfest.org/;>30M
http://www.justwedeminute.com/;>30M
http://salesforcefactory.com/;>30M
http://thehollowbranch.com/;>30M
https://flygeek.no/;>30M
http://www.vzdrzevanje-poti.com/;>30M
http://cahalincreations.com/;>30M
http://www.hollycover.com/;>30M
http://martyaversa.com/;>30M
http://affiliatespot.net/;>30M
http://infoadvocate.org/blog/;>30M
http://www.determinedband.com/;>30M
http://www.carbonrank.com/;>30M
https://kristinenowlain.com/;>30M
http://november221963.net/;>30M
http://vogtnetworks.net/;>30M
http://larnoe.net/;>30M
https://congo-republic.com/;>30M
https://www.formatka.pl/;>30M
http://filmeserialeyoutube.info/;>30M
https://singaporeship.com/;>30M
http://kinostudia.info/;>30M
http://ymcogop.com/;>30M
http://exterminatoraustin.org/;>30M
http://jackjgraycpa.com/;>30M
http://dexter-serial.info/;>30M
http://all-serials.info/;>30M
https://www.gadgetstrading.nl/;>30M
http://alfamontreal.com/;>30M
http://pcifreehost.com/;>30M
https://www.angelvision.co/;>30M
http://www.devreker.com/;>30M
http://businessadsforfree.net/;>30M
https://ppnewsfb.com.br/;>30M
http://mgbay13.blogspot.com/;>30M
https://www.godziolink.pl/;>30M
http://kristiankokol.de/;>30M
http://tetrabble.appspot.com/;>30M
http://xn--stverstuuv-fcb.de/;>30M
http://adreviser.com/;>30M
http://www.sure.com.my/;>30M
https://privatejetchartering.net/;>30M
http://kinopremiera.info/;>30M
https://adelaideflight.com/;>30M
http://aerialphil.com/;>30M
https://www.ampro-software.com/;>30M
https://amsterdambillboard.com/;>30M
https://deutschlandkanal.com/;>30M
http://draftthreads.com/;>30M
https://www.droneindustrymap.com/en/;>30M
http://farmocel.com/;>30M
https://finddivers.com/;>30M
https://www.gadgetstrading.com/;>30M
https://jetonlineshop.com/;>30M
https://www.kelithomson.com/;>30M
http://laataia.com/;>30M
http://www.lazerjobs.com/;>30M
https://www.mindfultrailproject.com/;>30M
https://mobilegamingboss.com/;>30M
http://moerit.com/;>30M
http://www.ooogleee.com/;>30M
https://optimizedvesseldesign.com/;>30M
https://www.splitboardjournalen.com/;>30M
https://taipeishipping.com/;>30M
http://www.talkmoneyblog.com/;>30M
https://executivejetbook.org/;>30M
https://nminus3.com/;>30M
https://rqlautotransporters.com/;>30M
http://www.simpletechpost.com/;>30M
https://uichacha.net/;>30M
https://shipdb.org/;>30M
http://bigcedu.info/;>30M
https://hotvideo.top/;>30M
https://www.bokep.link/;>30M
https://www.downloadwarez.xyz/;>30M
http://www.googlefree.xyz/;>30M
http://hentaibux.xyz/;>30M
http://www.sociota.xyz/;>30M
http://webmania.tk/;>30M
http://www.a7larb7.tk/;>30M
https://austriamining.com/;>30M
http://www.googleorange.com/;>30M
http://www.iamcreativenwa.com/;>30M
http://syncopatedmama.blogspot.com/;>30M
http://happypesa.com/;>30M
https://affiliateweapons.com/;>30M
http://trussells.site/;>30M
https://moti.news/;>30M
https://creationstools.blogspot.com/;>30M
https://www.coba2.org/;>30M
http://www.upbeatjobs.com/;>30M
http://november221963.org/;>30M
https://www.guru0.com/;>30M
https://www.images-stellaires.com/;>30M
https://hyderabadadventure.com/;>30M
http://best-serials.info/;>30M
http://www.smokincuba.com/;>30M
http://supeearth.com/;>30M
http://www.baigiangxd.com/;>30M
http://kino-zal.info/;>30M
https://laborjag.com/;>30M
http://digicaly.com/;>30M
http://www.pesonawangi.com/;>30M
http://dev-did-he-like-it.pantheonsite.io/;>30M
https://cedarcoastbc.com/;>30M
http://joeksdj.nl/;>30M
http://popstate.net/;>30M
http://living-with-analects.com/;>30M
http://tricksbdinfo.blogspot.com/;>30M
http://www.worldsearchzone.com/;>30M
http://www.seocompany5.info/;>30M
http://www.aveacomp.cz/;>30M
https://thephone.directory/;>30M
https://thetoonwood.blogspot.com/;>30M
http://www.jurnalistikuinam.com/;>30M
http://www.scholarshipsop.com/;>30M
https://www.bostonscratchkitchen.com/;>30M
http://sildenafil-withoutdoctorsprescription.com/;>30M
http://www.blogland.info/;>30M
http://morrobaylocals.com/;>30M
http://offershoes.us/;>30M
https://sport-news360.blogspot.com/;>30M
http://taphoacongnghe.vn/;>30M
http://emailgarbage.com/;>30M
http://kinogo-hd-720.info/;>30M
http://www.gekmusica.com/;>30M
http://viewxyz.com/;>30M
https://gicastore.it/;>30M
http://www.digital4kshop.com/;>30M
http://www.firefeuer.info/;>30M
http://www.guagepilot.com/;>30M
https://www.burakkhan-goodman.com/;>30M
https://lakelandqdro.com/;>30M
http://jspects.com/;>30M
http://gzbb.in/;>30M
http://www.thenewman.org.ng/;>30M
http://hakuryu5995.com/;>30M
http://abballiance.com/;>30M
http://www.bayracar.com/;>30M
http://www.mp3box.stream/;>30M
https://www.collectorgadget.com/;>30M
http://www.modifabis.com/;>30M
http://jenniferjumd.com/;>30M
http://www.axax.tk/;>30M
http://www.ngonluanblog.com/;>30M
http://raspimx.com/;>30M
http://www.ancientencyclopedia.ga/;>30M
https://www.tokenmeister.com/;>30M
http://gallery-vigasapuwath.blogspot.com/;>30M
http://remixlist.co/;>30M
https://www.magnusandmuscat.com/;>30M
http://adzcross.org/;>30M
https://jesdigital.com/;>30M
https://www.wildgamersk.com/;>30M
http://frajamix.com/live/index.php;>30M
http://www.trickspe.com/;>30M
http://www.cargowares.com/;>30M
http://betzure.com/;>30M
http://www.karakibweb.com/;>30M
https://crackinggsmteam.blogspot.com/;>30M
https://etipsntrix.blogspot.com/;>30M
http://www.vinacourse.net/;>30M
http://edblanche.com/;>30M
http://www.noelontheroad.net/;>30M
http://krobath.ca/;>30M
http://www.healthycollect.com/;>30M
https://spiritinventory.com/;>30M
http://www.sexdollcare.com/;>30M
http://www.gurusaine.com/;>30M
http://mexbanks.com/;>30M
http://prolympus.com/;>30M
https://mashable-tech.blogspot.com/;>30M
https://lisathegeekmom.wordpress.com/;>30M
https://dewan31.wordpress.com/;>30M
https://changemonkey.blog/;>30M
http://thepro4techn.blogspot.com/;>30M
http://todayscircuits.blogspot.com/;>30M
https://4inforforall.blogspot.com/;>30M
http://monarchyscripts.blogspot.com/;>30M
http://www.rhyoinfo.top/;>30M
https://mirioptical3d.wordpress.com/;>30M
http://www.johntechservice.com.ng/;>30M
http://svripple.blogspot.com/;>30M
http://television-en-vivo-por-internet.blogspot.com/;>30M
https://rat-soft.blogspot.com/;>30M
http://nettoolz.blogspot.com/;>30M
https://mks9972005-softwares.blogspot.com/;>30M
http://erkdemon.blogspot.com/;>30M
http://sweetpotato.tv/;>30M
https://walkabout2000.wordpress.com/;>30M
https://howtocruise.wordpress.com/;>30M
https://moedred.livejournal.com/;>30M
http://webtrethobloger.blogspot.com/;>30M
https://cindiemarren.com/;>30M
http://www.erp-software-services.review/;>30M
http://a1-tv.com/;>30M
http://volvoreview.com/;>30M
https://www.moneytipped.com/;>30M
https://www.foxnaija.com/;>30M
http://www.linkgish.net/;>30M
https://classicmanexpressions.com/;>30M
http://www.ppwinews.com/;>30M
http://merkula.org/;>30M
http://tayleristrying.com/;>30M
https://thekingwarehouse.com/;>30M
https://sekureshop.com/;>30M
http://www.taufikismail.web.id/;>30M
http://www.seriesdetvys.club/;>30M
http://mynewlifeblog.com/;>30M
http://www.thebitcoinfanatic.com/;>30M
https://umerqaiser.com/;>30M
http://www.procitajte.info/;>30M
https://sametozen.com/;>30M
http://www.bbb19aovivo.com/;>30M
http://query-rcaristo-read.com/;>30M
http://nemesismovies.com/;>30M
http://chailresorts.cf/;>30M
http://blog-12.com/;>30M
http://homoeopathicdrugshots.com/;>30M
http://www.americabestnews.info/;>30M
https://adlinkurl.com/;>30M
https://www.advenbureau.com/;>30M
https://www.gsme.site/;>30M
http://www.bbb19.live/;>30M
http://www.bbb19aovivo.net/;>30M
http://kingshares.net/;>30M
http://www.listverse5.com/;>30M
http://www.kryptoxnews.com/;>30M
http://www.caraccidents.site/;>30M
http://www.firmwaresp.com/;>30M
https://www.crackapk4u.com/;>30M
http://www.dlpaddy.com/;>30M
http://viraltrending.win/;>30M
http://www.assistirtvonline.top/;>30M
http://www.websclicker.com/;>30M
http://www.mrati.site/;>30M
https://www.salnaguide.com/;>30M
http://www.cryptodeal.site/;>30M
http://www.metmarian.nl/;>30M
http://www.buzztrending.tk/;>30M
http://aiwebforum.com/;>30M
http://www.bbbaovivo.live/;>30M
http://gizmag.co.in/;>30M
https://xemvideo.online/;>30M
http://vuilen.site/;>30M
https://goodmovie.site/;>30M
http://www.ganadineroenlaweb.online/;>30M
http://www.receitasmaster.net/;>30M
http://www.aovivo-tv.online/;>30M
http://michalzidek.eu/;>30M
http://malmroes.dk/;>30M
http://www.top-erp-software.review/;>30M
http://www.cobalten.com/;>30M
http://www.stemanblog.com/;>30M
https://horrorfilm.site/;>30M
https://funnycartoon.site/;>30M
http://www.makeupn.com/;>30M
https://mymakemoney.online/;>30M
https://xlntreads.com/;>30M
https://www.whatdaplug.com/;>30M
http://www.akbarenet.com/;>30M
https://www.am-wheel.com/;>30M
http://www.techsnaija.win/;>30M
https://www.crypto-meth.com/;>30M
http://successtoday-story.info/;>30M
http://tuyulcrypto.online/;>30M
https://jobsintr.net/;>30M
https://toocoolonline.com/;>30M
http://akiebarato.net/;>30M
https://letsspeaktech.com/;>30M
http://mistersakong.com/;>30M
http://www.badinanshow.com/;>30M
http://tv-o.link/;>30M
http://radiotvtoday.info/;>30M
https://www.bctv.world/;>30M
http://etamilchannel.com/;>30M
https://www.profantasyteam.com/;>30M
https://www.lancair360ifrforsale.com/;>30M
https://www.nickarchibaldcreative.com/;>30M
https://www.blogtipsandtricks.info/;>30M
http://firstbitnews.com/;>30M
https://topfootball.site/;>30M
https://www.tochfeed.com/;>30M
http://www.jokerlivestream.live/;>30M
http://www.saksika.com/;>30M
http://www.bodyguard.ae/;>30M
http://www.bloggingefforts.com/;>30M
https://www.infoguiders.com/;>30M
http://tinyohao.com/;>30M
https://12strands.co.uk/;>30M
http://www.briansbarbecue.co.uk/;>30M
http://www.cablesfarm.co.uk/;>30M
http://www.dudeltd.co.uk/;>30M
http://www.escortservicebirmingham.co.uk/;>30M
http://fellsidefilms.co.uk/;>30M
http://frenchmarine.co.uk/;>30M
http://www.hookandlineseafoods.co.uk/;>30M
http://mayflowercleaners.co.uk/;>30M
http://the-tube.co.uk/;>30M
https://abceon.be/;>30M
http://hermansbikeshop.be/;>30M
http://iloveleuven.be/;>30M
http://condoinfo.com.br/;>30M
http://birthdayproject.ca/;>30M
http://hashtagseniors.ca/;>30M
http://www.bestptc.club/;>30M
http://maiara-hosting.club/;>30M
https://sockers.club/;>30M
http://zhjqx.cn/;>30M
http://adsensealternative.co/;>30M
http://schwarzwaldfoto.de/;>30M
http://exercices.jeblog.fr/;>30M
http://hir.portal.hu/;>30M
http://www.tkj.or.id/;>30M
https://cyber.bgu.ac.il/;>30M
http://www.jobshive.in/;>30M
http://thehonanews.co.in/;>30M
https://dailyearnings.io/;>30M
https://www.fenestra.io/;>30M
http://araarmian.jugem.jp/;>30M
http://kbl.org.ph/;>30M
http://green-white.pk/;>30M
http://adstars.pro/;>30M
https://anhdaden.site/;>30M
https://goalhighlight.site/;>30M
https://successrate.site/;>30M
https://vuivuitv.site/;>30M
http://www.dinero-online.tk/;>30M
http://mymillionairematch.tk/;>30M
http://www.eniaclanka.co.vu/;>30M
https://technewshorizon.com/;>30M
https://www.novaphoto1.com/;>30M
http://historicalportal.com/;>30M
http://www.bloggerloud.com/;>30M
http://effiliati.com/;>30M
http://guruskaba.com/;>30M
https://www.businessmeg.com/;>30M
http://inezdamsiatak.review/;>30M
http://www.fastshoes.in/;>30M
https://faucethype.com/;>30M
http://mcisproject.com/;>30M
http://www.minooxanews.com/;>30M
http://ads-a-to-z.net/;>30M
http://www.affiliatemarketing24hrs.com/;>30M
http://deltanetlogin.org/;>30M
https://www.vandyl.org/;>30M
http://appleflight.org/;>30M
https://yuken.blog/;>30M
http://www.lefakejournal.com/;>30M
https://tipsbook.site/;>30M
http://theflashcart.com/;>30M
http://onlineearnonline.com/;>30M
https://link-rise.net/;>30M
http://www.arewabest.com/;>30M
http://atozds.com/;>30M
http://www.arsvlog.online/;>30M
http://www.bocah-sinau.cf/;>30M
http://snapspypro.com/;>30M
https://wanderwomanthea.com/;>30M
http://www.mortgageloanu84.club/;>30M
http://a-ds.net/;>30M
http://echoinfo.club/;>30M
http://tubeiflix.com/;>30M
http://viralvedios.live/;>30M
http://www.carawindows.com/;>30M
http://ru-kino.info/;>30M
http://www.123viewsyoutube.com/;>30M
http://www.1clicktoget.com/;>30M
https://imperialho.com/index;>30M
https://www.techgamer.online/;>30M
http://www.temouchinko.com/;>30M
https://www.nmmapper.com/;>30M
http://www.filmsbit.com/;>30M
http://clickltc.com/;>30M
http://www.sawadifa.site/;>30M
http://affiliatestatistiky.com/;>30M
http://liga1live.info/;>30M
https://outsidelookingin.blog/;>30M
http://www.creativeideashare.com/;>30M
https://evangelistjoshuaforum.com/;>30M
http://adstoob.us/;>30M
https://adxfly.com/;>30M
http://www.haroldsblogng.com/;>30M
http://www.thecryptocitizen.net/;>30M
http://newscryptonow.live/;>30M
http://www.isahtechs.com/;>30M
http://www.informbd247.info/;>30M
http://ngcashnews.com/;>30M
http://www.msporcars.com/;>30M
http://www.iptv4streaming.com/;>30M
http://www.generalloaded.com/;>30M
https://www.rapidrationale.com/;>30M
https://www.knowledgeinflux.info/;>30M
http://mpzp520.com/;>30M
http://hamaraserial.info/;>30M
http://serial-pokemon.info/;>30M
http://serials-free.info/;>30M
http://twojeseriale.info/;>30M
http://www.dailytrendpost24.com/;>30M
http://albatross.media/;>30M
http://www.worldvibesgh.com/;>30M
http://www.tabooay.com/;>30M
http://www.asep.online/;>30M
http://techworldbd.net/;>30M
http://ovuitube.com/;>30M
http://adtrii.com/;>30M
http://www.scholarskul.us/;>30M
http://onlineaffiliateonline.co.za/;>30M
http://asnsportsnews.com/;>30M
https://www.reportocean.com/;>30M
https://xemhub.net/;>30M
http://myonlinenewz.com/;>30M
http://www.pixytechnet.com/;>30M
http://37matter.com/;>30M
http://copyshare88.com/;>30M
http://www.it-inventory.website/;>30M
http://motoranalizi.com/;>30M
https://lukishi.com/;>30M
http://www.passionatepicture.com/;>30M
http://www.sciencenewz.com/;>30M
http://www.textforsong.com/;>30M
http://theoniz.com/;>30M
https://www.ksrealpay.com/;>30M
https://buzz-feeds.org/;>30M
http://www.dailyggists.com.ng/;>30M
https://buzz-feeds.net/;>30M
http://nv9.me/;>30M
https://www.hausatech.com.ng/;>30M
https://www.zjonews.com/;>30M
https://www.seeuder.com/;>30M
http://linksng.com/;>30M
https://edenpure360.com/;>30M
http://z5z.io/;>30M
http://edemakorsutv.com/;>30M
https://www.captainboatfinder.com/;>30M
http://www.ultimateudemy.com/;>30M
https://www.erpsoftware.host/;>30M
http://videoder-ios.com/;>30M
http://www.naijacliqspot.com.ng/;>30M
http://www.ighzernews.com/;>30M
http://gloriaosondu.com/;>30M
http://1586621205.rsc.cdn77.org/;>30M
https://www.airdrops2019icos.com/;>30M
https://petmaven.io/;>30M
https://newopinionslaforum.com/;>30M
https://techvig.net/;>30M
http://www.dedailypoint.online/;>30M
http://lesportif.online/;>30M
http://faninterth.com/;>30M
