https://www.freeonlinegames.com/;35224
http://www.cheatground.ru/;40850
https://guitarflash.com/;46573
http://game1001.co/;57168
http://www.xeplayer.com/;63465
http://www.buenaisla.net/;65171
http://games2jolly.com/;74824
http://aqovd.com/;78128
https://www.txori.com/;78825
http://game1001.net/;87383
http://www.mousecity.com/;94121
http://www.gamesbox.com/;138543
http://www.pspshare.org/;157979
http://www.pekegifs.com/;189249
http://funkyapps.info/;212424
http://worldescapegames.com/;223915
http://avmgames.com/;243256
http://gimme5games.com/;245964
http://best-games.co/;267909
http://www.freegamesforyourwebsite.com/;270445
http://bigmoneyarcade.com/;279614
http://onlinegamesracing.com/;295010
http://top8844.com/;307759
http://tamugaia.com/;312992
http://123rede.com/;316240
http://best-game.co/;343381
http://filipe-sheepwolf.com/;349570
http://qqovd.com/;350662
http://playbelle.com/;376733
http://uhopefinded.info/;383844
http://guitarflash.net/;387527
http://www.jeuxdecartes.biz/;407681
http://cellcraft.io/;429831
http://prevalentgames.com/;438677
http://igrite.com/;463708
http://39games.com/;476573
http://al3abeyes.com/;649039
http://sugabit.net/;652433
http://tohotweb.com/;672368
http://bnat11.com/;740560
http://guitar-flash.com/;756351
https://www.atarata.cz/;936994
http://jogostempo.com/;994290
http://firsttoonz.com/;1061901
http://oceandesjeux.com/;1107907
http://swartag.com/;1213042
http://otkata-net.com/;1354573
https://www.atarata.pl/;1532520
https://pathuku.com/;1537571
http://gta.jucatori.net/;1645260
http://www.2al3ab.com/;1672031
https://thegamesilo.com/;1762586
http://rpgd.com/;1978994
http://www.videowired.com/;1987241
http://www.bahvideo.com/;2180406
http://www.snailbob6.net/;2410357
http://guitarflash.me/;2504411
http://www.jeuxmahjong.net/;2618108
http://www.jeuxdecombat.info/;2802032
http://juegos-vestir-maquillaje-peinar-nuevos.com/;3080685
http://juegoscuidarcomprasamor.com/;3240679
http://www.jeuxdebillard.org/;3347125
http://www.al3by.com/;3421644
http://cdeboys.com/;3575775
http://bucatarici.ro/;3643484
http://freehorrorgames.net/;3911957
http://dkcgaming.com/;4145547
http://juegos-vestir-maquillar-peluqueria.com/;4256861
http://www.hellogirlgames.com/;4288744
http://juegosonlinemmogratis.com/;4737578
http://www.lovelyanime.com/;4891076
http://mickeymouse24.com/;5180127
http://juegos-disenar-ropa-moda-diseno.com/;5319551
http://www.scarygamesnow.com/;5652688
http://1hry.cz/;6108476
http://bestgameplayer.com/;6490003
http://www.arabminiclip.com/ar;6590983
http://juegosvestirchicasninas.com/;6756730
http://gamegood.net/;6802271
http://www.2fastcargames.com/;6825066
http://codenamegta.hu/;6922688
http://www.koolkatgames.com/;6927811
http://plushry.sk/;6987298
http://juegosvestirprincesasmunecashadas.com/;7329322
http://readyforgame.com/;7356241
http://www.mmorpgate.com/;7428439
http://tomandjerry24.com/;7467921
http://online-jatek.net/;7911684
http://juegoscocinarestaurante.com/;8333717
http://amazgaming.com/;8463231
http://indianbeautiespoint.com/;8700461
http://amebasaladeriva.com/;8921561
https://gameyanker.com/;9342819
http://hostilegames.com/;9416560
http://gigapixelgaming.com/;9465803
http://foxigames.com/;9714991
http://friv250.club/;9939798
http://rosygames.com/;10598480
http://www.escapethis.net/;10923477
http://peaarcade.com/;11803204
http://www.funnyphysicsgames.com/;11811595
http://barbiestardollbratzdressup.com/;13263985
http://www.erstgames.com/;14960068
http://mawak3.com/;15618300
http://plazmaburst.net/;16465309
http://thegamingunderground.com/;17585272
http://www.best-games-online.com/;17662159
http://twocommaclub.com/;18294095
http://plyplyply.com/;18325234
http://pornobride.com/;18550589
http://kizifrivgaming.com/;18996997
http://hannahmontana24.info/;19142361
https://promo.center/uk-indexhtml.php?from=;19275795
http://onlinegates.com/;19311369
http://www.gamelava.com/;19786582
http://gameengland.com/;19791002
http://dogwalkerstarterkit.com/;19843626
http://winxgames.info/;20316121
http://oltozteto.jatekclub.com/;20457571
http://www.birdirbir.com/;24665580
http://ssacafe.com/;24911427
http://damegames.com/;26675298
http://www.baby-hazel-games.com/;>30M
http://allfrozengames.com/;>30M
http://www.jeu-gratuit.net/;>30M
http://www.dailyfreegames.com/;>30M
http://www.freeaddictinggames.com/;>30M
http://cakgames.com/;>30M
https://www.atarata.com/en/?rd=1;>30M
http://pokemonbattlequest.net/;>30M
http://tibia.pl/;>30M
http://btracs.com/;>30M
http://gamesud.org/;>30M
http://juegosvestirfamososcantantes.com/;>30M
http://zoozoogames.com/;>30M
http://smiterino.com/;>30M
http://godofgta.com/;>30M
http://778poker.com/;>30M
http://piano-sheets.com/;>30M
http://kihh.net/;>30M
http://totopweb.com/;>30M
http://vpr.fr/;>30M
http://customfitmedia.com/;>30M
http://nsor.cn/;>30M
http://toppuzzlegames.net/;>30M
http://npvwindows.com/;>30M
http://tometjerryjeux.info/;>30M
http://hercegnok.com/;>30M
http://duraznito.com/;>30M
http://johnmnardiconsultinginc.com/;>30M
http://jop.fr/;>30M
http://primitivosmagazine.com/;>30M
http://terraarcade.com/;>30M
https://www.top20onlinegames.com/;>30M
http://sharkz.io/;>30M
http://www.bestespieleonline.com/;>30M
https://salaargames.com/;>30M
http://track-easily.online/;>30M
http://kissmyfuture.com/;>30M
http://personaltouchremodelingllc.com/;>30M
http://shvideo558.com/;>30M
http://bbw-test.com/;>30M
http://www.forautodays.com/;>30M
http://myriads.io/;>30M
http://www.topgamergamer.com/;>30M
http://www.take22games.com/;>30M
http://www.newagesro1.info/;>30M
http://deezgp.biz/;>30M
http://kzvmjm.biz/;>30M
http://guide-leb.com/;>30M
http://alpha-florists.com/;>30M
http://movimientonacionalj.com.ar/;>30M
http://www.barbiebaba.extra.hu/;>30M
http://www.icikepicike.extra.hu/;>30M
http://www.mylittlepony.extra.hu/;>30M
http://www.escapegames.co.il/;>30M
http://en.tibia.pl/;>30M
http://forum.tibia.pl/;>30M
https://hackedfreeonlinegames.com/;>30M
http://sangocaolanh.com/;>30M
http://www.gametrkr.site/;>30M
http://freegamesforyourwebsites.com/;>30M
http://t7aaa.com/;>30M
http://gpamail.agency/;>30M
http://irockppt.com/;>30M
http://www.asafreebie.info/;>30M
http://vipgameflash.com/;>30M
http://dig4women.com/;>30M
http://moboplay.online/;>30M
http://leadquon.com/;>30M
https://wincontest.club/uk-indexhtml.php?from=;>30M
http://devlayer.cloud/;>30M
http://am55i.com/;>30M
http://abtparspay90i.org/;>30M
