https://affise.com/en/;23366
http://dainiksambad.net/;93005
https://airpush.com/;270407
http://www.makingmoneywithandroid.com/;349051
http://topnetworks.com/;405566
http://inner-active.com/;416693
https://trackingtokens.com/;509405
http://android-help.fr/;511128
https://www.mobileads.com/;531655
http://dior.video/;560943
http://ultimateappmaker.com/;579056
https://mobbo.com/;611494
http://reportmyads.com/;621369
http://dailydesherkatha.net/;751027
https://papyrus.global/;970226
http://3gpvideos.in/;1087210
http://www.bannhadathcm.com/;1355520
http://optifyme.com/;1641837
http://www.mobilab.ru/;1668968
http://dfm.tj/;1724431
http://www.uselambda.com/;1736875
https://wapstate.ru/;1760231
https://3ayli.com/;1816999
http://psychology-my-family.ru/;1838887
https://represent.la/;1903386
http://akbirock3.blogspot.com/;2003694
http://hubbl.com/;2132779
http://arbitraffic.com/;2358343
https://richwap.ru/;2481987
https://amadsoleh.blogspot.com/;3001976
http://orangephone.me/;3312031
http://wapmaximum.ru/;3405839
http://billionmobi.com/;3946047
https://wapratio.ru/;4130742
http://www.iautoindia.com/;4528668
http://mbwasi.com/;4550431
http://www.ecommerce-center.com/;4627875
http://www.cupcakesgarden.com/;4770698
https://bostonvcblog.typepad.com/;4818190
https://celerumdigital.com/;4893844
https://leywap.ru/;4905743
http://adbility.com/adwiki/Main_Page;4990709
http://www.apoggy.com/;5209207
http://pouncingjerboa.com/;5342038
http://iruswap.com/;5876735
http://yurduseven.net/;5883521
http://mosesyoon.com/;5956932
http://www.work4mob.com/;6408682
http://www.xenri.com.my/;6655126
http://waplab.net/;7071420
http://www.conocemechat.com/chat;7439016
http://loatsadpromomedia.com/;7631593
http://mobilko.net/;7655894
http://www.logician.in/;7806478
http://penperon.net/;7879920
http://tigerquotes.com/;8319561
http://www.nationalappsbd.com/;8608941
http://www.cellular2all.com/;8843969
http://v2.phoneclick.ru/;8864866
https://mobi.info/;9204552
https://convertiz.ru/;9206661
http://lifepushmag.com/;9572804
http://www.jobs-in-india.in/;9658400
https://appmediapro.com/;9671335
https://faisalskhan.com/;9679853
http://diddlelabs.com/;10157325
http://neveragain.tech/;10363749
http://gibstudio.com/;10729308
http://avazumdsp.com/home/;11219928
http://warrengutierrez.com/;11457704
https://ad507.com/;11758977
http://www.xn--vicentemuoz-9db.es/;11887799
http://www.apkmoddb.com/;12176406
http://wapholding.com/;12198398
http://iosstash.io/;12836435
http://xn--bnderibyen-0cb.com/;12918351
https://airpush.su/;13021398
http://www.mobiadage.com/;13256371
http://ask-shen-long.com/;13527357
https://freelancerlibre.com/category/inicio/;13568645
https://wapconvert.ru/;13590826
http://chucker.me/;14228844
https://share2fun.com/;14308956
http://centerwap.ru/;14398788
http://wapscash.ru/;15214337
https://vipwaps.com/;15596331
http://wap.money/;15741457
http://traffic-back.ru/;16102601
http://www.socialbucket.net/;16159171
http://wapsource.ru/;16586675
http://proponga.ru/;16679673
http://2start.net/;17033637
http://jgroup-me.com/;17290450
http://www.woodhousecreative.com/;18117173
http://pathikfoundation.com/;19134810
http://instafile.ru/;19582644
http://www.olliehales.com/;19644976
http://www.todosaganar.com/harlequin;19697524
http://wapmasters.ru/;19987453
http://richload.ru/;20167349
http://appbux.com/;21203117
http://monstrwap.ru/;22199997
http://uconverts.com/;23032603
http://www.4dpax.com/web2/;23253620
http://trueads.net/;24000991
http://teknobilen.com/;24129189
https://maxiwap.ru/;25296422
http://besttrafficshop.com/;25693883
https://connecticus.ru/;25791874
http://sunspotstudio.net/;26214921
http://www.itrithuc.com/;27064423
http://tsarwap.ru/;31202102
https://admobispy.com/en;>30M
https://admost.com/;>30M
http://zeddy.ru/;>30M
https://mobileadvertisingwatch.com/;>30M
http://www.fitnessrockers.com/;>30M
http://www.affdaily.com/;>30M
http://www.neoranking.com/;>30M
https://virtualsky.com/;>30M
http://yeshobhumi.com/;>30M
http://karnatakamalla.com/;>30M
https://minervasql.com/wp-content/endurance-page-cache//_index.html;>30M
http://www.pushdo.net/;>30M
https://martechfinder.com/;>30M
https://www.matisse-co.com/;>30M
http://mobocash.ru/;>30M
http://streampartner.ru/;>30M
https://milisus.com/;>30M
http://thebestgame2015.blogspot.com/;>30M
http://mobpays.ru/;>30M
http://danorganhcm.blogspot.com/;>30M
http://eminds.mobi/;>30M
http://22x2.com/;>30M
http://airpush.in/;>30M
http://crystalclearpsychics.com/;>30M
http://www.pushdo.com/;>30M
http://www.snowinq8.com/;>30M
http://wapzilla.net/;>30M
http://wuhumall.com/;>30M
http://www.appsponse.com/;>30M
http://www.yangyongge.com/;>30M
http://cpawap.com/;>30M
http://alnoonline.com/;>30M
http://couponsale.net/;>30M
http://tanahabangbajumurah.com/;>30M
http://www.bladetradder.com/;>30M
http://matthewmccoy.net/;>30M
http://mobiadvert.ru/;>30M
http://wapbucks.com/;>30M
http://www.webtrithuc.com/;>30M
https://enhance.co/;>30M
http://www.hanneskaufmann.net/;>30M
http://www.illanthalir.com/;>30M
http://earningonline.co/;>30M
http://www.adtopping.com/;>30M
http://www.losiky.com/;>30M
http://xapush.com/;>30M
http://www.androidtrainee.com/;>30M
http://airpush.net/;>30M
http://apushx.com/;>30M
http://www.todosajugar.co/harlequin;>30M
https://airpush.finance/;>30M
https://lemon.fm/;>30M
http://www.95rfsb.com/;>30M
http://www.golazomovil.com/metegol;>30M
https://minervadb.com/;>30M
http://www.myhouseofads.com/;>30M
http://sodads.com/;>30M
http://www.sylhetimedia.com/;>30M
https://wap.run/;>30M
http://gws.cloud/;>30M
http://www.xirk.my/;>30M
https://citywap.net/;>30M
http://wap.dog/;>30M
http://jiggy.life/;>30M
http://drunkenraid.com/;>30M
http://www.tensonjacket.com/;>30M
http://malwaredb.net/;>30M
http://zgjuwm.com/;>30M
http://contagiominidump.blogspot.com/;>30M
http://royalmobinetwork.com/;>30M
http://eternity.digital/;>30M
http://airpush.link/;>30M
https://www.blockclickmedia.com/;>30M
http://cheaptrafficads.com/;>30M
http://www.adblinking.com/;>30M
https://kayodmarino.blogspot.com/;>30M
https://www.adinfinitum.network/;>30M
https://aplussignals.com/;>30M
https://edroidapps.com/;>30M
https://adzarget.com/;>30M
https://www.pubnx.com/;>30M
http://shrimpchange.com/;>30M
http://rockfordmobi.com/;>30M
https://miningcriptos.com/;>30M
https://unlockgram.ru/;>30M
https://airpush.app/;>30M
http://priceapna.online/;>30M
http://www.pasatiempos.co/harlequin;>30M
http://jugaconkolbi.cr/;>30M
http://inailit.unblog.fr/;>30M
http://ddd.co.id/;>30M
http://amarasom.glpublications.in/;>30M
http://arvindelectroniccity.in/;>30M
http://mg.glpublications.in/;>30M
http://net.glpublications.in/;>30M
http://pp.glpublications.in/;>30M
http://foundvr.io/;>30M
https://mobbed.io/;>30M
http://trueads.com.mx/;>30M
http://airpush.pl/;>30M
http://flexdistro.vn/;>30M
http://mcisproject.com/;>30M
http://dianmo360.com/;>30M
http://installblackbox.co/;>30M
http://affiliatestatistiky.com/;>30M
http://leftjoin.ru/;>30M
http://naijahowtozone.com.ng/;>30M
http://joachimdezutter.com/;>30M
http://pagreeshop.com/;>30M
http://www.gunlukhaberler.biz/;>30M
http://boostcash.online/;>30M
http://redtracktutorial.com/;>30M
https://fevlakeconf.ru/;>30M
https://www.tdigieye.com/;>30M
https://www.octopusdigitalgroup.com/;>30M
http://tomamisarchivos.live/;>30M
