https://www.oantagonista.com/;7261
https://www.ecuavisa.com/;8761
https://www.yesstyle.com/en/home.html;9474
https://www.pdfmerge.com/;9615
https://aristeguinoticias.com/;10463
https://www.sodapdf.com/;14997
https://www.pedestrian.tv/;20282
https://theconstructor.org/;26397
https://circuitdigest.com/;26769
https://www.pushengage.com/;27747
https://electronicsforu.com/;29988
https://electrical-engineering-portal.com/;38993
https://www.schools360.in/;39357
https://lowcarbyum.com/;41890
https://moneyconnexion.com/;42476
https://www.thekitchenmagpie.com/;48158
https://rootmygalaxy.net/;49342
https://www.acumatica.com/;53197
https://www.wholesomeyum.com/;54902
https://www.astroyogi.com/;59510
https://www.gati.com/;63065
http://teluguone.com/;64738
https://www.conseilsmarketing.com/;69582
http://careerji.com/;77087
https://www.polihome.gr/;78358
http://webtribune.rs/;79318
https://opensourceforu.com/;80087
https://techbeasts.com/;80851
https://diyprojects.com/;81491
https://theartofcharm.com/;83139
https://daftareshoma.com/;84234
https://hypnosistrainingacademy.com/;84499
http://www.alam3arb.com/;85305
https://vegis.ro/;87079
https://indiahikes.com/;89550
http://www.hbrtaiwan.com/;94062
https://www.wedado.com/;99736
http://www.diez.bo/;102197
https://unitedwithisrael.org/;104636
https://www.glamour.hu/;112380
https://www.crazyforcrust.com/;112905
http://www.vibe.ng/;115161
https://www.quickmobile.ro/;116752
https://loi.com.uy/;124757
https://studiopk.blogspot.com/;134827
https://makhsoom.com/lb/beirut;148058
https://upgradedpoints.com/;148277
https://choratouaxoritou.gr/;152014
https://www.haustec.de/;152674
https://www.itinyhouses.com/;154972
https://www.chainstoreage.com/;174213
https://ninjadoexcel.com.br/;175906
https://www.cookincanuck.com/;182132
https://www.iheartnaptime.net/;182990
https://www.couponrani.com/;186444
http://www.fitavation.com/;196962
https://ezmob.com/;197702
https://badura.pl/;197710
https://www.yallayalla.it/;198591
http://www.jobzapply.com/;199543
https://www.thecookierookie.com/;205162
https://csnews.com/;221236
http://www.jobzdaily.com/;226922
https://thozhilvaarthakal.com/;234545
https://risnews.com/;243321
https://www.crypto-news.net/;243751
https://www.drugstorenews.com/;252254
https://www.eposnow.com/uk;253099
https://www.kfzteile.com/;256665
https://www.playl2r.com/;257163
https://oombawkadesigncrochet.com/;257982
http://postmodernjukebox.com/;261134
https://www.protein7.com/;267964
http://trishstratus.com/;269497
https://allgovtjobsindia.in/;271263
http://googleping.com/;273908
https://www.justflowers.com/home.asp?se=1;280024
http://nigeriamessageboard.com/;289972
https://hospitalitytech.com/;305980
https://shpashto4you.blogspot.com/;307676
https://www.magnet4blogging.net/;307813
https://wpsutra.com/;310903
https://www.gatestudy.com/;322844
http://www.cepseyir.com/;323420
https://thistlewoodfarms.com/;324623
https://tidymom.net/;326581
https://www.poppulo.com/;335023
https://fragrances.bg/;335186
https://www.inpuff.ro/;347084
https://nextool.it/;351293
https://www.lottogazzetta.it/;358217
https://basecamptrading.com/;358784
http://xn--webducation-dbb.com/;361496
https://secretmenus.com/;361587
https://simplypaisa.com/;378217
https://julieblanner.com/;381627
https://progressivegrocer.com/;395616
https://apparelmag.com/;400832
https://unoliving.com/;429050
http://www.thenightfilmes.net/;429528
http://www.mayfairhotels.com/;430552
https://www.everydaymaven.com/;431645
https://www.omvapors.com/;441421
https://shoutmehindi.com/;442521
https://www.groupdeal.nl/;446141
http://www.bloggingways.net/;446555
https://tradingdot.com/;447743
https://scoutmytrip.com/;451371
http://myrightcode.com/;456704
https://www.forexcrunch.com/;465754
https://www.deliciousmeetshealthy.com/;470580
https://psychopharmacologyinstitute.com/;470717
http://www.thebudgetdiet.com/;472838
https://marineessentials.com/;478909
https://www.howwemakemoneyonline.com/;482556
https://thesongpedia.com/;483617
https://www.scribblefun.com/;483754
https://www.directorstalk.net/;499689
https://www.rachelcooks.com/;507031
http://top5meilleurssitesderencontre.com/;521202
http://www.vstellar.com/;521883
https://www.bedworks.com.au/;531805
http://rusonline.org/;549109
https://www.familygo.eu/;561606
http://www.rawrflash.com/;585369
https://www.foxandbriar.com/;586567
https://www.naturescanner.nl/;587573
http://dealandloot.com/;588394
http://knowhowtoearn.com/;596639
http://www.androiddeft.com/;597159
http://pairno.gr/;597915
http://www.hindifinance.com/;606987
https://gadgetopoly.com/;608291
https://www.nepalitelecom.com/;608797
https://www.evolvingtable.com/;613961
https://100comments.com/;620030
http://maivalosag.com/;620510
https://consumergoods.com/;621912
https://www.hbsdealer.com/;625489
https://stepawayfromthecarbs.com/;629519
https://gk-jobs.com/;654902
http://etiaxil.com.pl/;663360
https://www.pcskull.com/;672708
http://ehotbuzz.com/;673411
https://www.jagabanking.com/;683723
http://www.nuchun.com/;687384
https://xxxcomics.org/;692496
https://www.csestack.org/;724830
https://www.justfreestuff.com/;736695
https://thevapeshopla.com/;739742
https://www.canvastic.gr/;740615
http://helpmedico.com/;748620
http://onlinehile.pro/;748753
https://dazeinfo.com/;752261
https://www.squto.com/;762096
http://textguru.in/;762900
https://www.jadid-tech.com/;781739
https://jaypeeonline.net/;792084
http://www.huntjobz.com/;823932
http://gearbestblog.ru/;828490
http://www.thomasholland.net/;830389
http://s00th.com/;832140
https://www.tallengestore.com/;832299
https://makesomemoney.today/;844189
https://stepack.blogspot.com/;880726
https://www.newsgram.com/;888708
http://araphil.com/;893096
http://www.continentalhospitals.com/;894332
https://www.sport24.dk/;899043
http://cricket.com.pk/;904212
https://yerevan.today/;907189
https://www.dnsassociates.co.uk/;917059
https://topwritersden.com/;932717
https://www.sanaullastore.com/;941250
https://retailleader.com/;973108
http://glambox.com.br/;992669
http://iklanraksasa.com/;1012431
https://www.smartschoolonline.in/;1014124
http://madhuriesingh.com/;1043930
https://duydam.com/;1051027
https://concept-casa.ro/;1062361
https://e-bon.ir/;1087783
https://uae.pricedeals.com/;1153643
https://drivemeca.blogspot.com/;1164959
https://www.electronicsmedia.info/;1175845
http://elcicko.com/;1178423
https://inspiretothrive.com/;1182291
http://www.friendsoflight.com/;1190445
http://bharatconnect.in/;1211876
http://guvenasazeytinyagi.com/;1217665
http://coingyan.com/;1236554
https://nandednewslive.com/;1251149
http://www.islamitatilyerleri.net/tr/;1270918
http://www.mysmsmart.com/;1275731
https://makers.dk/;1279698
https://www.gorgeousgirl.com/;1287658
http://www.qaautomated.com/;1294728
https://fly8ma.com/;1302907
http://ramkyestates.com/;1311379
http://www.digitalanglez.com/;1342874
https://natbooks.com.au/;1353195
http://www.fiber-optic-equipment.com/;1357347
https://paraguaype.com/;1383624
http://odnevn.com/;1387301
http://radiologyme.com/;1404110
http://couponlazada.com/;1412040
https://mlmaman.com/;1414696
https://laclicservices.com/;1433941
https://coastalcreativegroup.com/;1477045
https://www.indianmarketview.com/;1485177
http://infotegal.com/;1526616
http://discountly.in/;1530972
https://www.laundrokart.com/;1539651
https://www.pharmaplaza.hu/;1547973
http://check9ja.com/;1586933
http://www.tecphlie.com/;1588197
http://chemicalengineeringsite.in/;1592563
http://www.mightyshouts.com/;1603766
https://webloglab.com/;1614868
https://www.healthmania.org/;1620585
https://www.thewanderingrv.com/;1624003
https://www.readinbrief.com/;1659618
https://www.westviamidwest.com/;1675373
http://ro3bonline.com/;1681683
http://servicosturisticosstp.net/;1694597
https://technologytipsisrail.com/;1698985
https://www.ispaze.com/;1703438
http://telesqop.co.ug/;1711215
http://karekaise.in/;1712650
http://halfsamosa.in/;1733615
https://packmundiales.blogspot.com/;1766880
http://zwnews.com/;1807373
http://www.moneymaya.in/;1820465
http://www.varstreetinc.com/;1820565
http://techregime.com/;1826674
http://www.egirdirakingazetesi.com.tr/;1863573
http://www.arcadegamescorner.com/;1907572
http://www.mustlovehome.com/;1927595
https://essense.club/;1939662
https://awesomealice.com/;1941018
http://meltemkoleji.com/;1943436
https://www.selfanimate.com/;1947849
http://jmc.com.br/;1964740
https://grataruldingradina.ro/;1991154
https://www.reviewplan.com/;2038079
https://www.papilior.com/;2088275
http://bitcoincasino.best/;2107252
https://313portal.ir/;2125972
http://trickskreators.com/;2174788
https://www.extrajob.ro/;2214807
http://religiopoliticaltalk.com/;2222517
http://www.wapmasterszone.com/;2228896
http://www.inputmaths.com/;2238837
http://www.cimsal.com.br/;2246134
http://www.amitghosh.net/;2309334
http://www.rssbsuratshabadyog.org/;2318744
http://m-shuk.net/;2321525
https://oraclenews.ng/;2334444
http://oscuraverdad.com/;2344398
http://www.kakawandroid.com/;2346024
http://www.bacaresep.com/;2357716
http://gulfrozee.com/;2397517
http://mysuperbrain.com/;2402033
http://www.socialemedier.dk/;2432529
http://droitspace.com/;2442569
http://www.birhakaya.com/;2452474
http://www.ilahisozu.org/;2478393
https://ecologie.ma/;2553758
https://strongerleaner.com/;2571241
https://seovip.vn/;2577311
http://www.onlinekepessegfejleszto.hu/;2579596
http://www.ultrasoundindia.com/;2621556
http://www.shouttoworld.com/;2658450
http://www.shortnotes.in/;2676261
http://www.ewebblog.in/;2677830
http://onkeltomsstuga.se/;2697828
http://amenajaricreative.ro/;2712380
https://www.loan4u.co.il/;2736725
http://gadgetspost.com/;2775674
https://aroypedal.com/;2812811
http://czarsportzauto.com/;2832721
https://www.telefononerileri.com/;2848293
http://www.viajofeliz.com/web/;2924297
https://finisareacasei.ro/;2926897
http://itgopeshwar.ac.in/;2936921
http://www.independen.net/;2957827
http://www.latambschool.com/en/home/;2967735
https://divvycloud.com/;3000119
http://www.danielbuenogonzalez.com/;3026568
https://gujunews.in/;3058067
https://mustangfanclub.com/;3077204
http://lo3btna.com/;3090803
http://halalop.com/;3113485
http://vaytinchapdng.com/;3162173
https://cheerfulwe.com/;3212352
http://socialbusinesspedia.com/;3228198
https://www.jayshable.com/;3313222
http://www.kartarpurmail.com/;3366229
https://www.ilantus.com/;3372358
http://updatingtrends.com/;3395390
https://mnstrongmen.stream/;3404255
https://www.hopinghealth.com/;3425378
http://knews.in/;3480855
http://sociallyflipped.com/;3490734
https://naijatechgist.com/;3507263
http://www.zbboke.com/;3515399
http://www.isearchplant.co.za/;3608616
http://www.radiodht.com/;3657948
https://www.techgistafrica.com/;3684482
http://garimashares.com/;3704553
http://www.kangpepe.com/;3732490
http://fastandslowcooking.com/;3747892
https://www.linktoseo.com/;3756718
http://www.tripmytravel.com/;3786128
https://redditdominator.com/;3794528
http://teknodayi.com/;3811252
http://proiectulcasei.ro/;3819514
https://360gospelvibes.com/;3857652
http://www.maitricrafts.com/;3907145
https://copylab.com.sg/;3930780
https://www.podcasthero.com/;3943810
http://www.sidehustleandsave.com/;3956810
http://www.freshgujarat.com/;4037596
http://moneymakingapp.in/;4125779
https://gizmofacts.com/;4159983
http://www.notifyon.com/;4219851
https://tottenhamhotspur.blogspot.com/;4256762
http://livingtowers.com/;4271149
http://duocphampqa.vn/;4305679
https://www.woolge.com/;4373429
http://mishibot.com/;4400717
http://netizans.com/;4403235
http://unitedwebdeal.com/;4442033
https://seerity.com/;4472737
https://thecontrarianmom.com/;4477540
https://celmaibunparchet.ro/;4505496
http://painevapes.com/;4555753
http://paperjobsdubai.com/;4570801
https://yafound.com/;4586713
https://lwimbo.com/;4613445
https://goforextremehigh.com/;4644336
https://teezolifestyle.com/;4649746
http://enateam.gr/;4733189
https://internet-mktg.com/;4741315
http://onlineslots.vegas/;4746322
https://www.vsi-group.dk/;4748933
http://www.10brute.com/;4783598
http://marketfest.com/;4784141
http://roboughtic.com/;4786056
http://www.iriscope.org/;4811354
https://angelicinfo.com/;4816662
https://www.newliteitsolutions.com/;4861308
https://akpugo.com/;4939564
https://www.superfinans.com/;4953535
http://www.pigenclikdernegi.org/tr/ana-sayfa/;4970278
http://www.pmyotr.com/;4970468
https://diversificarealabebelusi.ro/;4983183
http://bloggerish.com/;4990062
https://www.welhealthcare.com/;5004225
https://loanofficerfreedom.com/;5023896
https://trendingtoday.info/;5052012
https://annutara.co.uk/;5068119
http://24x7desinews.com/;5079742
https://notiboliviarural.net/;5081773
http://kokacharm.com/;5142798
http://www.clearssc.com/;5149954
http://www.techtofact.com/;5160490
https://www.iotdope.com/;5165985
http://www.volamastore.com/;5203707
http://www.azimuthworld.com/;5217575
https://www.amadurs.com/;5231355
https://italkcool.com/;5255167
http://constructiicaselarosu.ro/;5266718
https://www.namanmodi.com/;5339175
https://www.ncellrecharge.com/;5396332
http://businessideasrevealed.com/;5409202
https://incometwo.com/;5425256
http://www.thenationfirst.com/;5502004
http://traditiidinromania.ro/;5553272
https://fuvavi.com/;5590987
https://www.logicafeminina.com.br/;5593353
https://anaelmoslim.com/;5594996
https://bomapluc.com/;5604012
http://www.hvbloggers.com/;5631142
http://gbasibe.com/;5691745
http://www.myafrique.org/;5715036
https://www.vintageandcurvy.com/;5723326
https://callinex.ca/;5823223
http://udzial.com/;5833480
http://www.cherrycreekmedicalweightloss.com/;5846153
http://kienthuc360.vn/;5847946
https://www.choicevoting.co.uk/;5943229
http://thespiritedthrifter.com/;5986890
http://www.maroceducation.com/;5996722
http://doingmeditation.com/;6015330
http://margelesiaccesorii.ro/;6019094
http://celemaibuneceasuri.ro/;6032080
http://www.kanaktec.com/;6056325
http://www.indialabexpo.com/;6210386
http://ehlibeyttakvimi.com/;6307362
http://safarisuci.co.id/;6342681
https://www.freelancespecialisten.nl/;6346314
https://242yellowpages.com/;6388305
https://www.onlinehomeocare.com/;6451040
http://dotcomlyfe.com/;6509493
http://www.dopeshopes.com/;6511442
https://aocmmo.ru/;6527451
http://contactoeconomico.com/;6529501
http://rangimplant.com/;6530405
http://allhindigyan.com/;6531722
http://www.mouradfanoos.com/;6586729
http://www.commuteworld.com/;6598156
http://digitalizinguganda.com/;6639462
http://www.emailmarketingeasy.com/;6658968
http://www.thehealthyarena.com/;6761526
http://www.welkinedusolutions.com/;6856220
http://www.xclusivegists.com/;6874267
https://xn--mgbcf7huablc.net/;6935861
http://smart-forexrobot.com/;6942395
http://websoftservices.com/;7069574
https://nationalbulksms.com/;7071276
http://indianfemalefitness.com/;7078614
http://englishsms.in/;7105520
http://apclinicvadodara.com/;7244989
http://healthdose.in/;7302371
https://www.franciscocayol.com/;7304234
https://solutiidetop.ro/;7308257
https://businessandlifeonline.com/;7373463
https://elex.info.pl/;7403968
https://tantranglaptop.com/;7418585
http://despremasaj.ro/;7501975
https://www.itfresherjobs.com/;7508855
https://www.huwelijksreiswijzer.nl/;7530872
https://www.jouple.com/;7543096
http://sarcasmmachi.com/;7583523
http://saptamanidesarcina.ro/;7588744
https://www.frolicboonies.com/;7598618
http://pennyindia.com/;7600441
http://lapandalovefabrics.fr/;7653280
https://www.hoangvucomputer.com/;7666635
http://vinayakwebsite.com/;7692193
http://danskspanskordbog.dk/;7824127
https://www.iloveumiami.com/;7831741
https://curatenieincasa.ro/;7869810
http://www.instaglam.ro/;7946944
http://www.cgart.tv/;7954373
http://vouje.com/;7991791
https://www.comunicar-salud.com.ar/;8003268
http://www.growmyincome.net/;8012115
https://agrawalreveladore.com/;8041586
http://myadalat.com/;8047710
http://whatmobileonline.com/;8089321
https://tingiasoc.com/;8094079
https://www.busyghana.com/;8103504
https://www.getfreejobalerts.com/;8113819
https://decorareacasei.ro/;8140588
https://keystones.dk/;8142571
http://shoutoutforall.com/;8161160
http://alir.com/;8191734
http://sjp.id.au/;8200089
https://imaginegrove.com/;8209375
https://www.mbpi.org/;8212365
http://yugkarvat.in/;8222995
https://getyourtips.com/;8240408
https://www.fbidesign.nl/;8247284
http://malindians.com/;8277664
https://backpagedominator.com/;8437508
https://joyoushome.com/;8449735
https://espectaculosba.com/;8485203
https://www.healthtipsmania.com/;8523136
http://www.aishwaryaweb.com/;8597300
http://www.forflats.com/;8603127
http://www.utkarshwadhwa.com/;8644044
http://radiotravel.al/;8724736
http://totuldesprebebelusi.ro/;8734577
http://euiubescmaramures.ro/;8737450
https://www.wavehealingcenter.com/;8863657
http://jobslike.in/;8902296
https://saliscale.it/;8942703
https://www.comcater.in/;8959431
https://www.timesofsuccess.com/;8982885
http://startupdisha.com/;9008315
http://myrecommentions.xyz/;9010431
https://www.afromillionaire.com/;9013359
http://www.xn--gratis-spilleautomater-p-nett-jrc.com/;9023340
https://www.coandominicana.com/;9034596
http://brianelliottblog.com/;9080414
http://www.bizimsilivri.com/;9172227
https://cazaredinromania.ro/;9215485
https://biassa.com/;9237871
http://www.sgturningpoint.com/;9360953
http://jjb.com.ng/;9434666
http://richmefast.info/;9548590
https://jdwebsolutions.com/;9585405
http://www.mxaction.com.br/wp-signup.php?new=mxaction.com.br;9593695
http://prettyinspiration.com/;9606292
https://www.creditbrite.com/;9668837
http://www.newsspear.com/;9674396
http://www.jobclustor.com/;9679705
https://findmaaltidskasse.dk/;9708276
http://www.videowebzdesigns.com/;9713674
http://naijaactive.com/;9799598
https://indianresult.org/;9816844
https://naijtimes.com/;9855381
http://gantech.com.br/;9857459
https://www.pro-computers.ro/;9941509
https://www.craftvillage.org.in/;9963889
http://mymentoronline.xyz/;9968393
http://rockingentrepreneur.com/;9970545
http://www.foodiezflavor.com/;10006934
http://adorableshe.com/;10060655
http://harpalindia.com/;10115311
https://clickcashprofit.com/;10182117
https://www.bingofreebie.com/;10247133
https://www.divinagraciajoyas.com/;10253556
http://www.milesinthemiddleeast.com/;10281089
https://hoaquasay.vn/;10293713
http://www.dailynewstalks.com/;10333188
http://onlinesikho.com/;10357221
https://seheerel.com/;10358421
http://romanidinromania.ro/;10373071
https://masterjiang.com/;10384102
https://oobloo.com/;10430967
https://www.europrofis.ro/;10477520
http://portalcondeuba.com.br/;10520527
http://stcampus.in/;10571367
http://www.clearibps.com/;10619804
http://duocphampqa.com/;10623142
http://almukhtartours.com/;10662361
http://www.peerlesspumpparts.com/;10729438
https://www.osb-communication.com/;10768499
http://sosabor.com/;10804953
http://www.idealsoch.com/;10860249
http://www.cosplayguru.com/;10969359
https://naturismoherboltienda.com/;11089377
https://www.xybionhealth.com/;11182322
http://www.meioquetipoassim.com/;11227279
https://redentmag.com/;11237412
http://micheleleone.it/;11365242
http://www.bestquotes.io/;11388406
http://www.currenttalks.com/;11451829
https://smartindocemerlangjaya.com/;11572847
http://mrkhanhstore.vn/;11592431
http://www.terrasinioggi.it/;11624868
http://www.abhirupsblog.com/;11666269
https://www.webitalianetwork24.com/;11724923
http://2pady.pl/;11771035
http://www.argebit.com/;11807293
http://meltemokullari.com/;11823148
http://deepeshpaliwal.com/;11914866
https://euiubesctulcea.ro/;11919685
https://www.homerejoice.com/;11988793
https://eiqwebdemo.com/;12025462
https://www.svsocii.nl/;12030161
http://newsdon.in/;12042785
http://sharnarthisewa.org/;12127313
https://www.titleloanscali.com/;12194747
http://photolife.vn/;12241060
http://www.goblenkanavice.com/;12377116
http://jualkalungsalib.com/;12382162
https://smartindoibc.com/;12454594
http://thehappylearning.com/;12457056
https://prsmakelifebetter.com/;12462663
http://www.chachubushofficial.com/;12479659
http://thefeelgoodspace.com/;12502803
https://www.coinreview.com/;12565068
https://ld9dems.com/;12573541
http://www.tamilbiblequiz.com/;12613895
http://www.bpmedia.com/;12627662
http://workwithneels.com/;12675083
http://www.airviewsnews.com/;12685411
https://lumikbabyshop.com/;12717762
https://www.designcyclone.com/;12776911
https://www.gorststudio.com/;12818838
https://www.shop4deal.com/;12836944
http://crediblespace.com/;12885770
http://citysenze.in/;12887755
https://www.mccluneyandmorse.com/;13090172
http://reklampiksel.com/;13106233
http://reviewoverflow.com/;13128596
https://pixidixi.com/;13152647
http://stayupdate.net/;13165818
http://symbol.live/;13342156
https://www.hochzeitsphotograph.de/;13353103
http://blog.soboasnovas.com.br/;13373191
http://www.carkrew.com/;13383304
http://www.wellnesseffort.com/;13395976
https://taahp.org/;13455172
http://tech4guru.com/;13501121
https://www.ozeltesettur.com/;13605663
http://smallmarketingteams.com/;13632209
https://elafariyet.com/;13741116
https://www.febreesia.com/;13748754
https://fmcosmos.com/;13753196
http://a1naukri.in/;13759809
http://cimaps.org/;13845410
http://womenbytes.com/;13899912
http://lerodin.com/;13981971
https://incredibleautoz.com/;14015212
http://westafricancareers.com/;14050539
https://www.veterinariogatos.com/;14063028
http://www.rozkikhabar.com/;14114579
http://techvilas.com/;14141679
https://www.leadlogic.nl/;14144459
http://www.healthylifebase.com/;14151221
https://www.4s-fitness.com/;14307906
https://sebastian-eichler.com/;14325961
http://maakirasoise.com/;14339955
http://duyai.net/;14358712
https://penta-power.com/;14459521
https://onlineseedsman.com/;14504483
https://corinaramos.net/;14549214
http://drozianwebworks.com/;14688842
http://authorsrushin.com/;14885841
http://www.propertysnake.org/;14959647
http://www.scrupulousblog.com/;14990669
http://www.tabloidsport.com/;15017483
https://arcturusgroup.com.br/;15034358
http://marketswingplayer.com/;15065351
https://aqwavit.com/;15105045
http://www.thexquisitedge.com/;15165713
https://www.stopshop.pk/;15230063
http://xn--overst-tua.com/;15236425
http://cloudtrains.com/;15253794
http://ciudaddeoaxaca.mx/;15352105
https://roluleducatiei.ro/;15362653
http://www.scrollowl.com/;15385469
http://bethchudley.com/;15390993
http://getearnmoney.info/;15518292
http://iwonpopular.com/;15615070
http://www.dinfomall.com/;15686668
https://racealagripasiviroza.ro/;15717714
http://bruttaroba.net/;15776873
http://sandtraytherapyinstitute.com/;15863591
https://wayanad.net/;15949403
https://www.goevo.com.br/;15997803
https://www.pinkelephantcomms.com/;16057003
http://www.zwangerschapkalender.nl/;16157606
http://getmoneysuccess.online/;16158007
http://khabaruttarpradesh.com/;16379813
https://kariskelton.com/;16429103
http://krxmedia.com/;16478927
http://pryordesignassociates.com/;16563007
https://ipjardimguanabara.org/;16589385
http://extrafayda.com/;16595679
https://in2zym.com/;16671499
https://www.digitalmarketingjaipur.com/;16725812
http://linktravelonline.com/en/;17084998
https://analizesarcina.ro/;17335019
http://airaudit.com.pk/;17425355
http://kokannow.com/;17473847
http://nastereacopilului.ro/;17519479
http://www.bisnisonlineakademi.com/;17717094
http://cubanodesign.net/;17724209
http://nsonline.in/;17796640
http://gradinitedinromania.ro/;17816913
http://toksyna.fm/;17881017
https://www.eliger.com.br/;17915326
http://radioefimera.com/;17999742
https://dandodesign.dk/;18030726
http://www.petspinboard.com/;18228130
https://checerveza.com/;18298810
http://bossbabesrule.com/;18435618
http://m.diez.com.bo/;18536414
http://technologykeeda.com/;18651601
https://safko.com/;18697652
http://chakit.in/;18767338
http://ankitsancheti.com/;18939092
http://www.exploretours.in/;19001194
http://www.kriptovaluta.net/;19158400
http://tracuuduan.net/;19254800
http://www.videolux.org/;19300288
http://amenajareagradinii.ro/;19324876
https://somogypolgaror.hu/;19423675
http://blackfridaydealss.com/;19636315
https://idoconnect.com/;19636447
http://dansknorskordbog.dk/;19647434
http://www.mundialis.nl/;19661709
http://merakiimpulse.com/;19663073
https://naveedsonikamembers.com/login/;19711884
https://cloudaffle.com/;20019059
https://okwwoerden.nl/;20583583
http://dezique.com/;20925952
http://www.tollyglitz.com/;20974629
http://vidaemperformance.com.br/;21138640
https://oursolarenergy.com/;21437819
http://mandamosfruta.com.ar/;21748410
http://incometax23510.com/;21772511
http://marcdemers.com/;23121692
http://excelbits.com/;23232011
http://appsguruji.com/;23353844
https://alaptarealasan.ro/;24363871
http://www.harsest.com/;24371059
https://www.mycustomjournal.com/;24440651
http://www.findeverythingforyou.com/;24790474
https://luminocielo.com/;24846792
https://jobforest.net/;24889008
https://antegeia.com/;25090398
http://danskfranskordbog.dk/;25491315
http://www.arocki.com/;25514848
http://www.nvtechmania.com/;25562740
http://eduspace.co.in/;26119491
https://joeyflores.com/;26297358
http://gizmospedia.com/;26738702
https://keithborom.com/;26848446
http://nabaza.com/;27319928
http://e-rzd.ru/;27389879
https://ar-ya.com/;27727734
https://telugustop.com/;>30M
http://www.glamouronline.hu/;>30M
http://abrition.com/;>30M
http://saudi.souqmobi.com/;>30M
https://www.alle-schweizer-wettbewerbe.ch/;>30M
http://www.telugudigit.com/;>30M
http://shoutmetech.com/;>30M
http://youngsterchoice.com/;>30M
https://www.pocketyourdollars.com/;>30M
http://www.iflickz.com/;>30M
http://crictoday.com/;>30M
https://alle-wettbewerbe.ch/;>30M
http://francisc.org/;>30M
https://unsophisticook.com/;>30M
http://scandid.in/;>30M
https://www.first-class-and-more.de/;>30M
https://www.solden.be/;>30M
https://denisewakeman.com/;>30M
http://www.webliquids.com/;>30M
https://www.faskitchen.com/;>30M
https://anaffairfromtheheart.com/;>30M
https://www.healthpost.com.au/;>30M
https://littleindia.com/;>30M
https://www.kotharijewelry.com/;>30M
https://analyticstraining.com/;>30M
https://www.trustmedi.com/;>30M
https://www.soldesduck.be/;>30M
http://bitcoinschannel.com/;>30M
http://www.resimlicvornekleri.com/;>30M
https://oficinadecasa.com.br/;>30M
https://darwin.md/;>30M
http://ellosrevista.com/;>30M
https://www.studymedicineeurope.com/;>30M
https://redetvwebmais.com/site/;>30M
https://www.aaravinfotech.com/;>30M
http://www.carnavalcarioca.net.br/;>30M
https://www.plantshed.com/;>30M
https://www.redalkemi.com/;>30M
http://www.techthagaval.com/;>30M
https://www.soleshop.ro/;>30M
https://www.pearljamonline.it/;>30M
http://www.gratisfaction.co.uk/;>30M
http://www.flyjobz.com/;>30M
http://techdifferent.it/;>30M
http://www.tihamh-qn.com/;>30M
http://www.prakashsilks.com/;>30M
https://consejos-publicitarios.blogspot.com/;>30M
https://www.beatsons.co.uk/;>30M
http://techblogcorner.com/;>30M
http://femelle.no/;>30M
https://www.drsamrobbins.com/;>30M
https://anamericanhomestead.com/;>30M
https://tradethirsty.com/;>30M
http://www.ucandoit.co.za/;>30M
https://www.weirdgoogleearth.com/;>30M
http://www.workophile.com/;>30M
http://simplycute.in/;>30M
http://thelifesciencesreport.com/;>30M
https://www.canariasmakeup.com/;>30M
https://www.elitesupps.com.au/;>30M
http://www.theenergyreport.com/;>30M
https://www.bowdabrablog.com/;>30M
https://www.watermelonwebworks.com/;>30M
https://notiboliviarural.com/;>30M
http://skyboxupdate.com/;>30M
https://savana.co.mz/;>30M
https://shoppermarketingmag.com/;>30M
https://bitdefender.gr/;>30M
http://tamilentrepreneur.com/;>30M
http://www.saltwateraquariumblog.com/;>30M
https://locuridinromania.ro/;>30M
https://www.mwt.co.in/;>30M
http://www.hauptstadtsport.tv/;>30M
http://danskengelskordbog.dk/;>30M
http://megaincomestream.com/;>30M
http://kimjestem.pl/;>30M
http://www.vmwareminds.com/;>30M
https://mamadeprofesie.ro/;>30M
http://forexforge.com/;>30M
http://www.exacttrading.com/;>30M
https://www.kfzteile24.at/;>30M
https://www.alesa.ro/;>30M
https://topsweeps.com/;>30M
http://becomeanonlinetutor.com/;>30M
http://domesticdee.com/;>30M
https://storebrands.com/;>30M
https://altal.net/;>30M
http://andrescoello.com/;>30M
http://www.haircaresquare.com/;>30M
https://www.promovillage.it/;>30M
https://www.yesiamspecial.com/;>30M
https://toptoysandgifts.com/;>30M
https://www.porshawilliamsworld.com/;>30M
http://www.dekhoyaar.com/;>30M
https://marqaati.com/;>30M
https://easychickenrecipes.com/;>30M
https://www.bonpasbon.com/;>30M
https://naturalcave.com/;>30M
https://www.algsat.com/;>30M
https://genesisoptions.com/;>30M
https://www.linamagazine.com/;>30M
http://www.readnspread.com/;>30M
http://psicofarmacologia.com/;>30M
http://remsey.nl/;>30M
http://sheissuccessful.com/;>30M
http://www.testosteronanatural.com.br/;>30M
http://arremax.com/;>30M
https://www.breanch.com/;>30M
http://wecr8solutions.com/;>30M
http://knieworx.com/;>30M
https://www.gadgetheadline.com/;>30M
https://www.cisomag.com/;>30M
http://oraclemine.com/;>30M
http://www.zerotoprosperity.com/;>30M
https://www.techtontro.com/;>30M
https://www.webanimax.com/;>30M
http://mexicoenred.com/;>30M
https://studyabroadnations.com/;>30M
https://upstock.org/;>30M
https://mediatimes.com.au/;>30M
https://qcfindnow.com/;>30M
http://mybrazilinfo.com/;>30M
https://bodybuildingtips.org/;>30M
https://www.mejobz.com/;>30M
http://www.iplive.co/;>30M
https://www.jobsbadi.com/;>30M
http://www.newschool.info/;>30M
https://visadone.com/;>30M
https://www.weme.com.br/;>30M
https://www.cybermonday.com.ar/;>30M
http://naukarijob.com/;>30M
http://www.publishaprofitablebook.com/;>30M
http://digitalwebtalk.com/;>30M
https://smilepurchase.com/;>30M
http://www.vapefly.com/;>30M
https://kobbyprairie.com/;>30M
http://flordesalbrasil.com.br/;>30M
https://webeers.com/;>30M
http://narseithi.com/;>30M
https://tradingwelt.de/;>30M
http://someoneneedsthis.com/;>30M
https://betterhealthsite.com/;>30M
https://drops15.com/;>30M
https://reliantcreditrepair.com/;>30M
http://engelskatillsvenska.com/;>30M
http://www.powerhumans.com/;>30M
http://patriot-towing.net/;>30M
https://djjackbarros.com/;>30M
https://isracann.com/;>30M
http://www.flop2hit.com/;>30M
https://www.primenewsupdate.com/;>30M
http://noteworthybusinesses.com/;>30M
https://newprospect.ru/;>30M
https://healthmedicure.com/;>30M
http://myanswerbook.com/;>30M
http://anthonymarsden.com/;>30M
https://www.g-server.eu/;>30M
http://mysuperbrain.net/;>30M
http://malagatour.com.ar/;>30M
http://dorothystrouhal.com/;>30M
http://www.nuestrorincongamer.com/;>30M
http://thelivu.com/;>30M
http://www.forbesargentina.com/;>30M
http://helloexcuseme.com/;>30M
http://www.hotdealsmart.com/;>30M
http://answerassistant.com/;>30M
http://www.seowolves.com/;>30M
http://mattcartel.com/;>30M
https://www.atarikasedi.com/;>30M
https://www.coldfusionmarketing.com/;>30M
http://qudratnews.com/;>30M
https://mondenitati.ro/;>30M
https://www.kabaddirules.com/;>30M
http://www.dollarsperwin.com/;>30M
http://www.qikfeed.com/;>30M
http://trendviper.info/;>30M
http://www.bestjobs.co.in/;>30M
http://rxhealth.org/;>30M
https://warmcozyhome.com/;>30M
https://dessertstime.com/;>30M
https://cyhienterprises.com/;>30M
http://japerionline.com.br/;>30M
http://www.3wto.com/;>30M
https://www.skillatwill.com/;>30M
http://engelskdanskordbog.dk/;>30M
https://crappiefisher.com/;>30M
https://chatwithavet.com/;>30M
http://phamnga.info/;>30M
http://theincome.org/;>30M
https://searchonlinemoney.com/;>30M
http://sitecubes.com/;>30M
http://myfreejobalert.com/;>30M
https://mysolarpowerplan.com/;>30M
https://www.saleduck.dk/;>30M
https://onlineofferdigest.com/;>30M
https://city24.gr/;>30M
https://soutieninternational.com/;>30M
http://www.i-dient.com/;>30M
http://traffic4free.com/;>30M
http://engelsksvensk.se/;>30M
http://www.fengshuiaura.com/;>30M
http://techandmobile.com/;>30M
http://news6live.com/;>30M
https://www.vakantiedealz.nl/;>30M
https://fbstatusworld.com/;>30M
http://www.depotmarketing.com/;>30M
http://www.semeandovida.org/;>30M
http://coolstuffblog.com/;>30M
http://www.giannilabbate.com/;>30M
https://sharingourexperiences.com/;>30M
http://dehelp.net/;>30M
https://www.iasprime.com/;>30M
https://trueaffirmations.com/;>30M
https://www.az-group.com.ar/;>30M
https://www.ninahendrick.com/;>30M
http://danielsreviews.com/;>30M
https://dietneat.com/;>30M
http://www.mynetsalary.com/;>30M
http://economyria.com/;>30M
https://foodsoldier.com/;>30M
http://trouveresto.com/;>30M
http://polco.org/;>30M
http://formulauspeha.net/;>30M
https://www.aboutchromebooks.com/;>30M
https://lorelands.com/;>30M
https://bmcbd.com/;>30M
http://seemasays.com/;>30M
http://www.giyimstilim.com/;>30M
https://ankacakmak.com/;>30M
https://cpatechblog.com/;>30M
https://harbingerreport.com/;>30M
https://www.dimgaming.com/;>30M
http://cashnjoy.com/;>30M
https://www.only4u.in/;>30M
http://linkalchemist.com/;>30M
https://knowledgeforus.com/;>30M
http://www.slimxclusive.com/;>30M
https://venouse.com/;>30M
https://www.musicgist.com/;>30M
http://shelleynichol.com/;>30M
https://www.muddywatersmx.com/;>30M
http://www.harvestproperti.com/;>30M
http://elitewellnesstraining.com/;>30M
http://cash2profit.com/;>30M
http://webhus.com/;>30M
http://www.dgtutor.com/;>30M
https://absolumentchats.com/;>30M
http://seowebsitedesigning.com/;>30M
https://tectoe.com/;>30M
https://www.vingtsun.com.br/;>30M
https://www.obaciftligi.com/;>30M
http://www.thecoolestcakes.com/;>30M
http://www.alicia-vikander.org/;>30M
http://www.vegantarifler.com/;>30M
http://ventasoftware.com/;>30M
http://trabajayemprende.com/;>30M
http://marketingdebolso.com.br/;>30M
http://www.androidoyunclup.com/;>30M
http://www.buildonlinebizness.com/;>30M
http://financialgig.com/;>30M
http://betmatik.com/;>30M
https://itsmartphone.com/;>30M
https://thetravelizer.com/;>30M
https://nayasavera.net/;>30M
http://darcynow.com/;>30M
http://englishnorwegiantranslation.com/;>30M
http://www.penzierotica.com/;>30M
http://www.statushood.com/;>30M
https://postfunnel.com/;>30M
http://englishdanishtranslation.com/;>30M
https://musicalinstrumentreview.com/;>30M
http://englishturkishtranslator.com/;>30M
https://janblogs.com/;>30M
https://createmytraffic.com/;>30M
http://www.medicalassistantsalaryjobs.com/;>30M
http://cars-care.net/;>30M
http://parentingindia.in/;>30M
https://www.travkart.com/;>30M
https://www.prosoncheng.com/;>30M
https://burdel-king.com/;>30M
https://memoirsofagaijin.com/;>30M
https://www.doctorstores.com/;>30M
https://gsim.in/;>30M
http://runsgirls.com/;>30M
http://moreincome4u.com/blog/;>30M
http://odeontv.tv/;>30M
https://www.checknaija.com/;>30M
https://www.theproche.com/;>30M
https://www.pledgeholidays.com/;>30M
https://www.buzzintersection.com/;>30M
http://rightactions.in/;>30M
https://www.premierenergy.com.pk/;>30M
https://sunfly.com.vn/;>30M
https://senpro.com.co/;>30M
http://yserialy.sk/;>30M
http://maztoull.blogspot.com/;>30M
https://acoperisulcasei.ro/;>30M
https://www.bnb.tn/;>30M
http://desprecelulita.ro/;>30M
https://mansardacasei.ro/;>30M
http://www.labo-m.club/;>30M
https://izolatiacasei.ro/;>30M
https://lcpshop.net/;>30M
https://legcd.net/;>30M
http://www.thisjob.net/;>30M
https://www.2dadswithbaggage.com/;>30M
https://beingdubai.com/;>30M
https://www.bloggingseries.com/;>30M
http://bollywallpaper.com/;>30M
http://www.embratorya.com/;>30M
https://www.khmermotors.com/;>30M
http://lifeselfmastery.com/;>30M
http://lojobhelp.com/;>30M
https://muramatienterprise.com/;>30M
https://www.myhealthparadise.com/;>30M
https://mymontanakitchen.com/;>30M
http://nataliaasido.com/;>30M
http://phnompenhmotors.com/;>30M
https://portaliaplus.com/;>30M
http://www.sharingsims4indo.com/;>30M
https://www.smartlabs99.com/;>30M
http://tamluvstowrite.com/;>30M
http://theathletedaily.com/;>30M
https://thedragflick.com/;>30M
http://www.thegeekvision.com/;>30M
http://therawwriter.com/;>30M
https://www.timinaija.com/;>30M
http://www.trickndeal.com/;>30M
https://umbavape.com/;>30M
https://www.ventureswiss.com/;>30M
https://weedshome.com/;>30M
http://www.wethepeopleclub.com/;>30M
http://wikimonks.com/;>30M
http://youthfabric.com/;>30M
https://www.kru.co.ke/;>30M
http://www.shopro.in/;>30M
https://aarwinsworldoffinance.com/;>30M
http://clickhqservice.com/;>30M
http://colegioalejandromagno.com/;>30M
https://www.mixingmastermind.com/;>30M
http://www.myseasonstore.com/;>30M
http://www.restbetcdn.com/;>30M
https://utahcann.com/;>30M
https://mentorscorner.net/;>30M
http://myguestpost.org/;>30M
https://www.news64.info/;>30M
http://mwisho.ro/;>30M
https://www.sarkariresult.world/;>30M
http://ser.coach/;>30M
https://ak-startup.london/;>30M
http://www.austin.associates/;>30M
https://www.eiimt.com/;>30M
http://www.aspo.xyz/;>30M
http://babygoods.xyz/;>30M
http://bodyspinner.co/;>30M
http://danskarabiskordbog.dk/;>30M
http://www.codebuns.com/;>30M
https://www.veledora.com/;>30M
http://mysuperbrain.in/;>30M
http://www.mylondonsouvenirs.com/;>30M
https://coderinme.com/;>30M
https://www.ajnewsonline.com/;>30M
https://v9hosting.net/;>30M
http://wavepatterntrader.com/;>30M
http://talkgeria.com/;>30M
https://sanmuabanbds.com/;>30M
http://naukriraja.in/;>30M
http://www.ifadesk.in/;>30M
http://convexnet.com.br/;>30M
https://www.hetbelegvanantwerpen.com/;>30M
https://truthmusicng.com/;>30M
http://obiomatv.com/;>30M
http://www.shortlearner.com/;>30M
http://istarawards.com/;>30M
https://techreloader.com/;>30M
http://gregelsnic.com/;>30M
https://merkadodeals.com/;>30M
http://bewilderedslavica.com/;>30M
https://pickwap.com/;>30M
https://techjara.com/;>30M
http://ramgopalrao.com/;>30M
http://chief-mag.com/;>30M
https://saltedangler.com/;>30M
https://packparatodosmeg.blogspot.com/;>30M
https://mpcology.com/;>30M
https://brain-me.com/;>30M
http://www.edumedweb.com/;>30M
http://www.mechanicalengineeringsite.com/;>30M
https://thegingerteacher.com/;>30M
http://www.reshmanarkhede.com/;>30M
https://www.caverflocoffee.com/;>30M
http://hocgihomnay.com/;>30M
http://ecourbanhub.com/;>30M
https://www.unitedwebsdeals.com/;>30M
http://mindmusclecrunch.com/;>30M
https://www.theviralblaze.com/;>30M
http://www.alsahawat.com/;>30M
http://ffmrecords.com/;>30M
https://elkareemfarms.com/;>30M
https://solutionfun.com/;>30M
http://www.southafricanstooz.com/;>30M
http://srpskidnevnik.com/;>30M
https://www.fleximounts.jp/;>30M
https://www.oispice.com/;>30M
https://www.ozacasolucoesdigitais.com.br/;>30M
http://www.celebritiesdiary.com/;>30M
https://www.opulens.se/;>30M
http://bitbox.vn/;>30M
https://www.techomaniac.com/;>30M
https://www.fitbewell.com/;>30M
https://thetoonwood.blogspot.com/;>30M
http://losscrusher.com/;>30M
http://carzymillionaire.info/;>30M
http://jetpackmoney.info/;>30M
http://floweraura.net/;>30M
https://medicalreportertoday.com/;>30M
http://www.koinmaster.com/;>30M
https://depdatrinam.com/;>30M
http://lifeofinternet.info/;>30M
http://nekinindia.com/;>30M
https://resultmaza.com/;>30M
http://reera.online/;>30M
http://blogsongchuan.com/;>30M
https://dohieuphamthuan.net/;>30M
https://www.relaxpayday.com/;>30M
https://radiostud.io/;>30M
http://betmatik505.com/;>30M
http://www.schizophreniacase.com/;>30M
https://smarthulchal.com/;>30M
http://www.hellojammu.news/;>30M
https://www.lingernews.com/;>30M
http://internetmarketingculture.com/;>30M
http://thelifechanges.com/;>30M
https://yashgautam.com/;>30M
http://www.garanhunseventos.com.br/;>30M
https://zeropointman.com/;>30M
https://primeaudio.org/;>30M
http://perennialdeals.com/;>30M
http://www.mindsetandbusinesscoaching.com/;>30M
http://www.knowzest.com/;>30M
https://www.coursesmojo.com/;>30M
https://shrinkwrappingsupplies.co.uk/;>30M
https://khinzbase.com/;>30M
https://www.sabkuchhsikho.com/;>30M
http://fragrantsky.com/;>30M
https://mobizone.ng/;>30M
http://www.digitaloitte.com/;>30M
http://www.3dsfashion.com/;>30M
http://www.elanba-elalmea.com/;>30M
https://defenxsolution.in/;>30M
http://myfotostory.com.ng/;>30M
http://synozen.com/;>30M
https://firstgulfads.com/;>30M
https://pacificrimcobalt.com/;>30M
http://www.alhamdjobs.com/;>30M
http://driftingtourist.com/;>30M
https://spotmybiz.com.au/;>30M
http://khabor24.in/;>30M
http://alyotube.com/;>30M
http://alyotube.net/;>30M
https://dermafolium.com/;>30M
https://pritamjmhatre.com/;>30M
http://turkyshop.com/;>30M
https://graficdecrestere.ro/;>30M
https://zidariedinbca.ro/;>30M
https://colicilebebelusului.ro/;>30M
https://botezulbebelusului.ro/;>30M
https://usipentrucasa.ro/;>30M
https://becurilecasei.ro/;>30M
https://celmaibunaerconditionat.ro/;>30M
http://stayspirited.com/;>30M
https://doomoos.com/en/;>30M
https://www.lovingashes.co.za/;>30M
http://www.thelensed.com/;>30M
http://akseertechnologies.com/;>30M
https://jobly.com.ng/;>30M
http://www.emprendesinmiedos.com/;>30M
http://skondor.com/;>30M
https://viralrealfake.com/;>30M
https://www.yourmilesapp.com/;>30M
https://www.newspresenter.net/;>30M
http://my-horoscopes.net/;>30M
http://www.newsdailykerala.com/;>30M
http://baovephuhung.com/;>30M
http://grinddrone.com/;>30M
https://easymineinvestments.com/;>30M
http://www.perroschowchow.com/;>30M
http://www.lattefarsor.se/;>30M
http://www.wazobiainfos.com/;>30M
https://ingrijireapielii.ro/;>30M
https://organictherapiett.com/;>30M
http://www.gistinferno.com/;>30M
https://designsmartsecurity.com/;>30M
https://remediosparacurarlagastritis.com/;>30M
https://solzrbm.com.au/;>30M
http://www.guidenusapenida.com/;>30M
http://astrorobo.com/;>30M
https://www.robotmanya.com/;>30M
http://hotdealsloot.com/;>30M
https://schemavaccinare.ro/;>30M
https://celemaibunecarucioare.ro/;>30M
https://unghiifrumoase.ro/;>30M
https://celemaibuneparfumuri.ro/;>30M
https://sarcinaextrauterina.ro/;>30M
https://machiajulperfect.ro/;>30M
https://coafurifemei.ro/;>30M
https://celemaibunecanapele.ro/;>30M
https://celmaibunpolistiren.ro/;>30M
https://ghimbirul.ro/;>30M
https://celemaibuneprajituri.ro/;>30M
https://statiunibalneoclimaterice.ro/;>30M
https://dintiilabebelusi.ro/;>30M
https://calduradinpardoseala.ro/;>30M
http://euiubescbaiamare.ro/;>30M
https://celemaibunecentrale.ro/;>30M
https://celemaifrumoaserochii.ro/;>30M
https://celemaifrumoasebluze.ro/;>30M
https://mancaruriromanesti.ro/;>30M
https://reteteciocolatadecasa.ro/;>30M
http://euiubescborsa.ro/;>30M
http://iubescbucuresti.ro/;>30M
https://uleiuldecocos.ro/;>30M
http://veggietreasures.com/;>30M
http://businessfeverng.com/;>30M
http://liberianow.news/;>30M
https://www.grandlife.nl/;>30M
http://kunjalsubhra.com/;>30M
http://www.foktyagyan.com/;>30M
http://lifeshaker.today/;>30M
http://pradeepsworld.com/;>30M
http://www.ameetkumar.com/;>30M
http://moviefonts.in/;>30M
https://www.trendconnect.com.ng/;>30M
http://buildmybrandz.com/;>30M
http://viraltrendingcontent.com/;>30M
https://www.10geeks.es/;>30M
https://www.yomegarden.com/;>30M
http://www.dazedsocial.com/;>30M
http://sightseeingwithsam.com/;>30M
https://top24seven.com/;>30M
http://flatshopimobiliaria.com.br/;>30M
https://cultoresunidos.org.ve/;>30M
http://cryptocurrencyflash.com/;>30M
https://www.jmacsmedia.com/;>30M
https://subscriberships.com/;>30M
https://www.pokermotivation.com/;>30M
https://techsable.com/;>30M
https://www.bebebabybebe.com/;>30M
https://www.images-mirraw.com/;>30M
http://touchworksindia.com/;>30M
http://www.xn------nzebab9bg6af0a1seune2aizj.com/;>30M
http://www.my-hobby.tips/;>30M
https://jgeek.ir/;>30M
https://mirsal.live/;>30M
https://senzor.ba/;>30M
http://ri-homesblog.com/;>30M
https://www.wpsmallfix.com/;>30M
http://www.don9ja.com.ng/;>30M
https://www.criptotendencias.com/;>30M
http://www.newschili.com/;>30M
https://criptovaluteweb.com/;>30M
http://ourdigitalbuz.com/;>30M
http://ctm.digital/;>30M
http://restaurantesector4.ro/;>30M
http://topsurveystoday.com/;>30M
https://shaolinfit.net/;>30M
http://bodrumvlog.info/;>30M
http://lexiart.uk/;>30M
http://www.pentameloud.com/;>30M
http://www.healthinfomania.com/;>30M
https://rabinholding.com/;>30M
http://briskant.com/;>30M
http://pupilizer.com/;>30M
https://www.obagoogroup.com/;>30M
http://morningpaper.news/;>30M
https://socialmomus.com/;>30M
https://amitstocks.com/;>30M
https://www.groovyvetcare.com/;>30M
http://www.xycinews.com/;>30M
https://barekatshop.net/;>30M
https://digitalgoutam.com/;>30M
https://sfai.co/;>30M
http://italianrubberroller.com/;>30M
http://nutricionnbi.com/;>30M
https://www.marcelblog.com/;>30M
http://tenyekonline.com/;>30M
https://www.marketingddc.com/;>30M
http://fx-maximal.com/;>30M
http://covertfxsystem.com/covertfx-software/;>30M
http://www.superthirty.com/;>30M
http://elmundoenmarcha.net/;>30M
http://bongdaviet24.com/;>30M
https://www.glamifybeauty.com/;>30M
http://www.bizdeck.com.ng/;>30M
https://www.healthocto.com/;>30M
http://internetmarketing-strategien.de/;>30M
https://benignmind.com/;>30M
https://cybergig.co.uk/;>30M
https://nigerianstockstobuy.com/;>30M
https://www.rabea-kalawandy.net/;>30M
http://reera.shop/;>30M
http://bdcareerpoint.com/;>30M
http://www.designdug.com/;>30M
https://instantwarehouse.ng/;>30M
https://www.iyunadeblog.com/;>30M
https://wonderlandaccessories.com/;>30M
https://vreisa.ro/;>30M
https://darryl-adams.com/;>30M
http://explorenwmi.com/;>30M
http://restbetr.com/;>30M
http://kiemtienkokho.info/;>30M
http://projektledarbloggen.se/;>30M
http://svensk-engelsk.se/;>30M
https://www.cmscritic.com/;>30M
http://www.aapexpetpharmacy.com/;>30M
http://wolochcryptonews.com/;>30M
http://www.celebsall.com/;>30M
https://esotericbootcamp.com/;>30M
https://financengr.com/;>30M
http://homemoney.stream/;>30M
http://rigidphysique.com/;>30M
http://blogw3.com/;>30M
http://incomewayz.com/;>30M
https://techgrabyte.com/;>30M
http://betmatik543.com/;>30M
https://228mixdjradio.com/;>30M
https://euiubescconstanta.ro/;>30M
http://leetvilla.com/;>30M
http://trendsprofiteer.com/;>30M
https://wealthjediz.com/;>30M
https://www.youthfight.com/;>30M
https://www.usvaluecore.us/;>30M
http://www.exotictechnews.com/;>30M
https://weekinnerd.com/;>30M
https://mlowe.win/;>30M
http://www.humbsblog.com/;>30M
http://kshivi.com/;>30M
https://www.afroconstruct.com/;>30M
http://asprsolutions.com/;>30M
http://kondwanisafaris.com/;>30M
http://karateboyz007.com/;>30M
http://indiansupportgroup.com/;>30M
http://homeopathyrecovery.com/;>30M
http://yashvani.com/;>30M
https://recommendedbygary.com/;>30M
http://regionrooms.com/;>30M
http://www.listofentrepreneurs.com/;>30M
http://householdoflovechurch.com/;>30M
https://redditguru.com/;>30M
http://researchick.com/;>30M
https://naturaleastwest.com/;>30M
http://www.sohelthy.com/;>30M
http://mit-system-erfolgreich-geld-verdienen.de/;>30M
http://venera.gr/;>30M
http://www.btobpage.com/;>30M
http://flexible-trader.info/;>30M
http://www.sxl66.cn/;>30M
https://allblogideas.com/;>30M
https://www.groundstoneholdings.com/;>30M
http://myunfeignedreviews.com/;>30M
http://www.efhammny.com/;>30M
https://celmaibunsmartwatch.ro/;>30M
https://www.comoquitarelacneya.com/;>30M
https://wellnesseastwest.com/;>30M
https://mindbodynmoney.com/;>30M
http://haruna.ro/;>30M
https://theaxegame.com/;>30M
http://operadorbursatil.info/;>30M
http://writtenechoes.com/;>30M
https://bolilecopilariei.ro/;>30M
http://robistream.com/;>30M
https://timesofworldnews.com/;>30M
https://www.gramerkhabor.com/;>30M
http://finguru.live/;>30M
http://domaindealing.center/;>30M
https://www.dream11world.com/;>30M
https://www.chidoham.com/;>30M
https://siamsport24.com/;>30M
http://www.rodolfovazquez.net/;>30M
http://notonlyscience.com/;>30M
https://www.pecapcenter.com/;>30M
http://lanaturolistica.blog/;>30M
http://odeontv1.tv/;>30M
http://fromaustoeverywhere.com/;>30M
http://www.hotbulvar.com/;>30M
https://www.dehappypanda.com/;>30M
http://bhaktilyrics.com/;>30M
http://ryansbestproductreviews.com/;>30M
http://dotnetdetail.net/;>30M
http://mastermethod.info/;>30M
https://ckmarketingsuccess.com/;>30M
https://www.dencyclopedia.com/;>30M
https://www.ineedinewinfo.com/;>30M
https://www.bunchofwisdom.com/;>30M
http://euiubescprahova.ro/;>30M
http://omfgay.com/;>30M
https://citimaz.com/;>30M
http://freejobalert.cc/;>30M
http://cryptoclub.loan/;>30M
http://technofeariya.com/;>30M
http://www.awaredoz.com/;>30M
http://www.techschemes.com/;>30M
http://www.frankynesto.com/;>30M
http://themoneyseed.net/;>30M
https://www.insurancevsloan.com/;>30M
http://thuochobophe.vn/;>30M
http://bahisnow444.com/;>30M
http://www.insportra.com/;>30M
http://ask4careers.com/;>30M
https://rotechnica.com/;>30M
https://artistasinteligentes.com/;>30M
http://www.embhack.com/;>30M
http://www.meghpanchal.com/;>30M
http://trumpetastic.com/;>30M
https://wondersofglobe.com/;>30M
http://www.lankasinhalagossip.net/;>30M
http://desiwallpapershub.com/;>30M
http://wealthreigns.com/;>30M
https://cryptonomicsafrica.com/;>30M
http://www.electricandenergy.com/;>30M
https://www.superbaratoshop.com/;>30M
https://netbuzzafrica.com/;>30M
https://www.mcxcommodityresearch.com/;>30M
https://crypto-fxtrade.com/;>30M
https://foremotors.com/;>30M
https://forephone.com/;>30M
http://makeurich.today/;>30M
http://businessome.com/;>30M
https://arduinoproj.com/;>30M
https://plantaregazon.ro/;>30M
https://foujiadda.com/;>30M
http://fxcrownprince.info/;>30M
http://fxalien.info/;>30M
https://ferestrelecasei.ro/;>30M
http://the-todays-tech.com/;>30M
https://www.pvfashionblog.ru/;>30M
https://celemainoijucarii.ro/;>30M
http://www.aman-mehndiratta.online/;>30M
https://teershillongresults.com/;>30M
https://www.quickenassist.com/;>30M
https://www.latestdigitalmarketingupdates.com/;>30M
https://007bahisnow.com/;>30M
https://www.sourceoftechnique.com/;>30M
https://001bahisnow.com/;>30M
https://005bahisnow.com/;>30M
http://vehicules-entreprise-maroc.com/;>30M
https://www.gvtjobsadda.com/;>30M
https://www.dicmim.com/;>30M
https://creativeanthology.com/;>30M
http://www.royalsari.com/;>30M
https://www.astronavgraha.com/;>30M
https://wanderlustcampco.com/;>30M
http://www.we-care-thailand.com/;>30M
http://haviknowledge.com/;>30M
http://www.sharebollywood.com/;>30M
http://www.karobartoday.com/;>30M
https://prakashch.com/;>30M
https://motorguia.net/;>30M
https://iqchacha.com/;>30M
http://www.alislamiclink.com/;>30M
http://allymercimoney.com/;>30M
https://skywayathletic.com/;>30M
http://appz4us.com/;>30M
http://www.flashfileos.com/;>30M
http://www.msihss.info/;>30M
http://grenirefd.faith/;>30M
http://grenirefd.cricket/;>30M
http://grenirefd.men/;>30M
https://vivuzone.com/;>30M
https://www.jeniffasblog.com/;>30M
http://quicknew.ru/;>30M
https://www.neohouss.com/;>30M
http://www.wasplight.com/;>30M
https://ksretreats.com/;>30M
https://olivergist.com/;>30M
http://www.ismartb2b.com/;>30M
http://cryptohugecloud.win/;>30M
http://safetyse.com/;>30M
https://www.nutrisiguru.com/;>30M
http://www.ghanamoxion.com/;>30M
http://www.observerstimes.com/;>30M
https://www.tech2bytes.com/;>30M
https://iscreen.digital/;>30M
http://mediosenlaza2.com/;>30M
http://knowledge2us.com/;>30M
https://www.aporntrip.com/;>30M
https://weyouandtech.com/;>30M
https://biggerboys.net/;>30M
http://cointhusiastic.com/;>30M
http://www.employmentreport.in/;>30M
https://bingoplay.dk/;>30M
http://andrewkisilu.com/;>30M
http://www.murtazastories.com/;>30M
https://www.penoblog.com/;>30M
https://www.healthhunt.in/;>30M
https://www.governgh.com/;>30M
http://taddy-hardybill.info/;>30M
https://pinkribbonlady.com/;>30M
https://www.docryptocurrency.com/;>30M
https://www.clearthepath.co.uk/;>30M
http://www.garn4u.co.uk/;>30M
https://makesworth.co.uk/;>30M
https://partysos.co.uk/;>30M
https://www.pro-computers.co.uk/;>30M
http://cimsal.ind.br/;>30M
http://lucasbarp.com.br/;>30M
https://superestilodevida.com.br/;>30M
http://www.9pixelphotography.cf/;>30M
http://blackdiamontrader.club/;>30M
https://earneasycash.club/;>30M
https://valuewealth.club/;>30M
https://www.smartboxmedia.co/;>30M
http://danskitalienskordbog.dk/;>30M
http://danskfinskordbog.dk/;>30M
http://dansktyskordbog.dk/;>30M
http://nemordbog.dk/;>30M
https://www.pushengage.dk/;>30M
https://www.pro-computers.eu/;>30M
https://kreativcsirke.hu/;>30M
https://www.kamakal.co.il/;>30M
http://chdnews.in/;>30M
http://heybeautiful.in/;>30M
http://www.latestupdate.co.in/;>30M
http://mirchinews.in/;>30M
https://www.nyus.in/;>30M
https://okotech.in/;>30M
https://predictx.in/;>30M
http://sablog.in/;>30M
http://successtrickscampus.in/;>30M
https://www.leggereavocealta.it/;>30M
https://danzeevibes.com.ng/;>30M
http://lifestylegems.com.ng/index.html/;>30M
https://aanbiedingen.telegraaf.nl/;>30M
https://aanbiedingen.speurders.nl/;>30M
https://www.pro-computers.pl/;>30M
https://construimproiecte.ro/;>30M
http://euiubescmures.ro/;>30M
http://euiubesclaculrosu.ro/;>30M
https://euiubesccluj.ro/;>30M
http://euiubescclujnapoca.ro/;>30M
http://euiubesccetatearasnov.ro/;>30M
http://euiubesccheilebicazului.ro/;>30M
http://euiubescsighisoara.ro/;>30M
http://euiubescpoianabrasov.ro/;>30M
https://ourhealth.site/;>30M
http://www.alitipz.tk/;>30M
http://www.msumbanews.co.tz/;>30M
http://www.todomax.com.uy/;>30M
https://www.supermusicaradio.com.ve/;>30M
http://www.businessblueprint.co.za/;>30M
http://www.chicasforex.com/;>30M
http://viralmobiletech.com/;>30M
https://okayblogging.com/;>30M
http://zelenituborhy.date/;>30M
http://ravibhosale.com/;>30M
http://gainzdefyingpainz.com/;>30M
https://cssbookshop.com/;>30M
https://toroptioners.com/;>30M
http://www.glennwebb0721.com/;>30M
https://bonushallen.dk/;>30M
http://www.mysteadycash.com/;>30M
https://onlinetoolzone.com/;>30M
https://return-options.com/;>30M
http://nwsbuzz.com/;>30M
https://cgkesari.com/;>30M
http://amwtf.com/;>30M
http://gkfor4all.online/web1/;>30M
https://www.quieroganar.com.ar/;>30M
https://evolvers.co.in/;>30M
http://5minutesnews.com/;>30M
http://myfreshgists.com/;>30M
https://www.technoamit.org/;>30M
http://www.jobs-alert.in/;>30M
https://aloavanews24.com/;>30M
http://stopstrugglingonlinenow.com/;>30M
http://www.djbonga.com/;>30M
http://freeapkmods.info/;>30M
http://thelokshakti.com/;>30M
http://safikul.in/;>30M
http://www.mstechnology-tutorial.com/;>30M
https://www.iheogugukatolik.com/;>30M
http://www.gossip24hr.com/;>30M
https://www.megaestores.com.ng/;>30M
http://www.amulyarecipe.com/;>30M
http://betmatik506.com/;>30M
http://betmatik508.com/;>30M
http://betmatik502.com/;>30M
http://betmatik501.com/;>30M
http://betmatik503.com/;>30M
http://betmatik504.com/;>30M
http://betmatik507.com/;>30M
http://betmatik521.com/;>30M
http://betmatik512.com/;>30M
http://betmatik509.com/;>30M
http://betmatik531.com/;>30M
http://betmatik519.com/;>30M
http://betmatik530.com/;>30M
http://betmatik510.com/;>30M
http://betmatik529.com/;>30M
http://betmatik517.com/;>30M
http://betmatik527.com/;>30M
http://betmatik524.com/;>30M
http://betmatik514.com/;>30M
http://betmatik513.com/;>30M
http://betmatik528.com/;>30M
http://betmatik522.com/;>30M
http://betmatik520.com/;>30M
http://betmatik518.com/;>30M
http://betmatik523.com/;>30M
http://betmatik511.com/;>30M
https://deckduty.com/;>30M
http://www.examworldhub.com/;>30M
http://fulltutorial.in/;>30M
http://tussabrosasrecetas.club/;>30M
http://studyglows.com/;>30M
https://www.conocetumundo.online/;>30M
http://fxlaserreversal.club/;>30M
http://allinonly.org/;>30M
http://peakflowmedia.com/;>30M
http://www.kyrianbempire.com/;>30M
http://btmtkaff.com/;>30M
http://coinglobalpress.com/;>30M
https://www.tagrupty.com/;>30M
http://shoplikelove.com/;>30M
http://hydelyfe.com/;>30M
http://diamondfxtrading.com/;>30M
http://anurajvalliyil.tech/;>30M
http://www.make10kaday.club/;>30M
http://mufakara.com/;>30M
https://conservativebuzz.net/;>30M
http://whatshealth.info/;>30M
https://www.dodocoded.com/;>30M
http://www.fmzshop.com/;>30M
https://willtek.com.mx/;>30M
http://unstoppableperson.com/;>30M
https://www.ethiopiannews247.com/;>30M
https://mostakbil.com/;>30M
https://mp3jamz.net/;>30M
https://iqstockoption.com/;>30M
http://daotaonghe-itcctv.com/;>30M
http://vivaanimes.online/;>30M
https://skyfileos.com/;>30M
https://www.pashinyanfakes.com/;>30M
http://momscove.com/;>30M
https://www.carpardoo.nl/;>30M
http://thecomparebuddy.com/;>30M
https://twothousandandeighty-four.com/;>30M
http://yomhadin.com/;>30M
http://www.cerodemagogia.com/;>30M
http://caribenoticias.net/;>30M
https://www.hiliq.es/;>30M
http://bressertindicator.club/;>30M
https://techigher.com/;>30M
http://allitrend.club/;>30M
http://gosipedia.net/;>30M
http://ebysblog.com/;>30M
https://3lifepillar.com/;>30M
http://www.technicaltipsnazir.com/;>30M
https://exprimiendowp.com/;>30M
http://bloggingvia.com/;>30M
https://cuisista.com/;>30M
http://pratimadarpan.com/;>30M
https://govtjobsupdates.net/;>30M
https://sarkarinaukriinfo.net/;>30M
https://govtjobslatestinfo.com/;>30M
https://guiadoconcurso.com.br/;>30M
http://www.ghleakers.com/;>30M
https://extra-alive.com/;>30M
https://crystaltechnews.com/;>30M
http://hrp-ph.com/;>30M
http://www.digitalabhyasa.com/;>30M
http://gameweez.com/;>30M
http://adzalanwp.com/;>30M
https://karmasandhanbengali.com/;>30M
https://healthdigital.uk/;>30M
http://learnwithvinod.com/;>30M
http://alfsolo123.com/;>30M
https://www.worldgiz.net/;>30M
https://pendopoint.net/;>30M
http://oralhealthcomplete.com/;>30M
http://haztosmmforindia.com/;>30M
https://androiddvlpr.com/;>30M
https://healthychord.com/;>30M
http://betmatik539.com/;>30M
http://betmatik551.com/;>30M
http://betmatik536.com/;>30M
http://betmatik540.com/;>30M
http://betmatik537.com/;>30M
http://betmatik538.com/;>30M
http://betmatik544.com/;>30M
http://betmatik546.com/;>30M
http://betmatik549.com/;>30M
http://betmatik548.com/;>30M
http://betmatik532.com/;>30M
http://betmatik541.com/;>30M
http://betmatik534.com/;>30M
http://newsadarsh.com/;>30M
http://carinsurancepersonal.info/;>30M
http://tnnews24.com/;>30M
https://www.techinfofree.com/;>30M
https://naukrisignal.com/;>30M
http://lifebrowser.info/;>30M
http://safetyyoyo.com/;>30M
https://gbafrique.com/;>30M
http://weekend.com.ng/;>30M
http://www.shepherdtraveller.com/;>30M
http://www.lazypk.com/;>30M
http://microbiologyonlinenotes.com/;>30M
http://jobseekerpk.com/;>30M
http://brettsbabes.com/;>30M
https://www.myfxwall.com/;>30M
https://www.masterenmkt.com/;>30M
http://muchonotions.com/;>30M
http://doctoorstores.com/;>30M
https://tapayande.com/;>30M
https://tamilthoughts.in/;>30M
http://travelertribes.com/;>30M
http://theajasanews.com/;>30M
https://fasodiffusion.com/;>30M
http://blogsplan.com/;>30M
https://goldmotivation.com/;>30M
https://www.carpardoo.fr/;>30M
http://cablemenia.com/;>30M
http://www.newzmpire.com/;>30M
https://nutritioneto.com/;>30M
http://www.pcbgist.com/;>30M
http://www.fitnesslifeupdate.com/;>30M
https://wddfurniture.com/;>30M
https://mifaz24.com/;>30M
http://betmatikbayi.com/;>30M
http://www.thegoatsport.com/;>30M
https://www.gosmartasia.com.my/;>30M
https://reviewsquads.com/;>30M
http://btmtkaffi.com/;>30M
https://govtjob.desi/;>30M
https://marugujarat.desi/;>30M
http://stiri-est.ro/;>30M
http://www.africabash60.com/;>30M
http://subkuchhindi.com/;>30M
https://tailoringinhindi.com/;>30M
https://flipsprings.com/;>30M
http://www.hairstyleslooks.com/;>30M
https://vizartpandey.com/;>30M
http://practical-ai-tutorials.com/;>30M
http://www.sms1.co.za/;>30M
http://www.usefulfunds.com/;>30M
https://thechristiancornet.com/;>30M
https://thebestappsfor.com/;>30M
http://www.shiviamsingla.in/;>30M
http://sokant.com/;>30M
http://cssalary.com/;>30M
http://thebluegorillas.com/;>30M
https://www.sheikh-5ech.com/;>30M
https://newyojana.com/;>30M
https://www.gravitynovels.com/;>30M
http://klasyayintv1.com/;>30M
https://orlandocarsolution.com/;>30M
https://dopemattress.com/;>30M
http://digitalinmarketing.com/;>30M
https://dailyugnews.com/;>30M
http://25bahisnow.com/;>30M
http://21bahisnow.com/;>30M
http://15bahisnow.com/;>30M
http://chuyenthanhlapcongty.vn/;>30M
https://www.polobettv1.com/;>30M
http://www.isportv8.com/;>30M
http://flashaberlerim.com/;>30M
http://tikostream6.com/;>30M
http://bhullarmech.com/;>30M
http://empreendedorismomaster.com/;>30M
http://klasyayintv2.com/;>30M
https://lovefrombeginning.com/;>30M
https://ciftesans.club/;>30M
https://www.theafricanvoice.live/;>30M
https://buzzstuff.online/;>30M
https://monill.site/;>30M
https://www.ebymisoa.com/;>30M
