https://www.bhaskar.com/;1152
https://www.myntra.com/;1239
https://www.thenewsminute.com/;2286
https://www.fresherslive.com/;2929
https://www.dailythanthi.com/;3877
https://www.maalaimalar.com/;4393
https://majhinaukri.in/;4473
http://www.reporterlive.com/;5420
https://www.digit.in/;6195
https://www.khaosod.co.th/;7064
https://www.indosport.com/;9289
https://www.jansatta.com/;9678
https://www.loksatta.com/;10126
https://www.genyoutube.net/;10208
https://www.ggwp.id/;10521
https://www.asianetnews.com/;10722
https://www.dnaindia.com/;11102
https://www.matichon.co.th/;14310
https://www.neet2018nic.co.in/;16087
https://www.bollywoodlife.com/;16338
http://www.utusan.com.my/;16482
https://www.madhyamam.com/;16712
https://www.hdfc.com/;17673
https://www.republicworld.com/;20755
https://photographylife.com/;21731
http://kirannewsagency.com/;21785
http://www.komchadluek.net/;22902
https://www.thehansindia.com/;23334
http://sandesh.com/;24235
https://www.icicipruamc.com/;26744
https://www.bgr.in/;27041
https://peachmode.com/;27530
http://goglogo.com/;29800
https://naukri.today/;31191
https://www.couponzguru.com/;32817
https://kod-hd.com/;33631
https://www.bajaao.com/;33678
http://www.clubmahindra.com/;34582
http://bartamanpatrika.com/;35751
https://www.thehealthsite.com/;35848
https://www.teras.id/;36517
https://www.livelaw.in/;40817
https://cartoonth12.com/;41847
https://www.vccircle.com/;44394
https://www.cricketcountry.com/;44941
https://www.dailyo.in/;49136
https://www.zeebiz.com/;49549
https://www.rojgarlive.com/;53132
https://www.afaqs.com/;53722
https://shop4reebok.com/;56748
https://www.togofogo.com/;58346
https://www.khaboronline.com/;59400
https://vrsumo.com/;59942
http://www.dharitri.com/;62577
https://www.rummypassion.com/;62931
http://myneta.info/;68784
https://www.agrifarming.in/;68992
https://www.coxandkings.com/;72130
https://www.marketcalls.in/;75179
https://www.careers99.com/;78798
http://siam-movie.com/;83068
https://www.currenstore.com/;84204
https://www.animestv.com.br/;86870
https://dramaqueen.com.tw/;86960
https://www.nellisauction.com/;89431
http://www.nationmultimedia.com/;90219
http://pudhari.news/;91353
https://news24online.com/;92374
https://www.garneczki.pl/;92912
http://www.varthabharati.in/;95692
http://kaijeaw.com/;98248
https://www.basic-mathematics.com/;101751
https://www.newtv.co.th/;102198
http://www.eesanje.com/;102271
https://www.radiocity.in/;103043
https://www.luluandsky.com/;112827
https://www.flybooking.com/;114748
https://www.tamilanjobs.com/;115409
https://www.77jowo.com/;117110
http://www.indiandefensenews.in/;118374
https://hostripples.in/;119350
https://tnpsc.news/;119411
https://www.luxepolis.com/;120242
https://www.khaskhabar.com/;121214
https://www.mustplay.in.th/;121573
https://www.supercoder.com/;127096
https://amityonline.com/;127340
https://laughingbombclub.com/;127823
https://www.inuth.com/;129529
http://funmediatips.com/;129558
https://www.jagoinvestor.com/;132192
https://www.technologychaoban.com/;136907
https://www.topseos.com/;138978
http://www.wionews.com/;149113
https://www.koleimports.com/;149677
https://bidanku.com/;152461
https://www.sentangsedtee.com/;154708
https://femdomdestiny.com/;155948
https://jansandeshonline.com/;159576
https://www.jetking.com/;161989
https://www.niituniversity.in/;162991
http://www.indiamapped.com/;164504
https://aircon-okaidoku.com/;165447
https://www.eturbonews.com/;175235
https://robo3d.com/;177171
http://gujaratilexicon.com/;177978
http://iace.co.in/;179713
https://www.hdlife.com.tw/;182587
https://www.almamaterstore.in/;183051
http://blognife.com/;183175
http://beamingnotes.com/;183694
https://www.newsnation.in/;184569
https://www.firkee.in/;190170
http://moneynet.com.tw/;193208
https://www.compareraja.in/;194685
https://www.gooto.com/;195549
http://www.kvartha.com/;195773
https://iluminasi.com/;201073
https://www.jentilal.com/;207415
https://www.fullertonindia.com/;207653
https://www.easypolicy.com/;209961
https://thehighestproducers.com/;220118
https://www.hahatai.com/;220228
http://www.orissapost.com/;220515
https://www.kamaayurveda.com/;223014
https://www.supersmartdeals.com/;230471
http://keralaonlinenews.com/;231045
https://www.learnwithflip.com/;242532
https://hellasbet.com/;243508
https://maxlifeinsurance.online/;259439
https://www.soch.in/;263076
https://www.questionpapersonline.com/;265084
http://newsstate.com/;270530
https://cryptocurrencyfare.com/;271894
http://www.deshbandhu.co.in/index;273032
https://www.gagaoolala.com/en/home;273116
https://www.networkershome.com/;273378
https://www.lifealth.com/;273697
http://myresipi.com/;273930
http://admissionhelp.com/;275472
https://lalluram.com/;281304
https://www.azafashions.com/;282273
https://khabarchhe.com/;283273
https://www.grckainfo.com/;285989
https://www.thestagewalk.com/;290081
https://www.redchief.in/;302887
https://www.techook.com/;305544
https://truevisionnews.com/;305566
http://www.sirajlive.com/;306284
http://www.iaspassion.com/;308823
https://www.sundayguardianlive.com/;316705
https://www.inkhabar.com/;319160
http://kalakaumudi.com/malayalam/;326122
https://www.pagalparrot.com/;328389
http://anweshanam.com/;328543
https://www.antiscoopwhoop.com/;329071
https://generalknowledge.online/;333263
https://www.indubaba.com/;336392
https://www.newdelhiairport.in/Default.aspx;343448
https://flinnt.com/;347166
https://enfermeriahoy.com/;357492
https://lalatai.com/;358208
https://www.sabguru.com/;358537
https://www.braingroom.com/;360016
https://www.tripshelf.com/;360176
http://keralamedialive.com/;362576
https://www.samakalikamalayalam.com/;367774
https://www.tapchief.com/;373211
https://www.porticomedia.com/;374870
https://www.ashianahousing.com/;379231
https://jfwonline.com/;383541
https://www.artnight.com/;384018
https://www.banarasee.in/;385738
https://goutandyou.com/;387648
http://pharmapathway.com/;393596
http://www.samajalive.in/;399439
http://www.engineerscorner.in/;399664
https://safalta.com/;401429
https://massivejoes.com/;404185
https://thenextscoop.com/;405577
https://www.tech2touch.com/;405883
http://www.gisresources.com/;421397
https://kpopdata.com/;422863
https://www.rozanaspokesman.in/;424376
https://www.couponchaska.com/;425395
http://movieboxofficecollection.com/;429036
https://designbids.in/;433123
http://shopitsoon.com/;433174
https://www.webgranth.com/;450350
https://www.outlookhindi.com/;451175
http://www.playeasygame.com/;453051
https://www.inlifehealthcare.com/;455591
https://www.gujaratimidday.com/;471335
http://campusutra.com/;480580
https://teleguiado.com/;482800
https://www.nationalbus.com/;487365
http://schemaconsultant.com/;489145
https://www.wantitbuyit.com/?SID=h00kbpojt404kigetq2fkams74;496844
https://studyathome.org/;498242
https://www.newstm.in/;507193
https://www.jejouedelaguitare.com/;515837
https://studies-overseas.com/;528281
https://sahigst.com/;535075
https://ez66.com.tw/TW/;535657
https://www.travelmerry.com/;545051
http://hastakshep.com/;553406
http://annnews.in/;555450
https://trainingbasket.in/;569720
https://damnripped.com/;587149
https://www.zuludeal.com/;588400
https://kaamastra.com/;588656
https://www.crystaltravel.us/;604324
https://www.tatavaluehomes.com/;607095
https://store.cavaraty.com/;607373
https://www.fhmindia.com/;607597
https://wyo.in/;608189
http://soeyewear.com/;611979
https://www.reliancemoney.co.in/;649458
https://www.unived.in/;659907
http://chitralekha.com/;660386
https://www.janbasktraining.com/;660531
https://www.braingroom.sg/;668550
https://www.advancells.com/;677938
https://www.snapcombo.com/;678352
http://news60.in/;710758
https://www.wakefit.co/;710807
https://www.diyanu.com/;729698
https://www.i-genomics.com.tw/;736349
https://sahityabhawan.com/;741151
https://robobull.com/;751152
https://www.divesanddollar.com/;751523
https://www.high5store.com/;780986
http://joinwhatsappgroup.com/;781826
https://www.theproducersperspective.com/;783502
http://abouzaromidi.com/;793493
https://www.libraltraders.com/;807062
https://streetstylestalk.com/;807211
http://extelacademy.com/;854341
https://www.hook2events.com/;854389
http://www.inkmar.com/;854415
https://www.covaipost.com/;888223
http://jantatv.com/;888526
http://kannada.thenewsism.com/;888989
http://zomemax.com/;909923
http://heraldspot.com/;911139
https://www.lovelites.in/;922807
http://omnamahashivaya.com/;1018310
https://www.srchinelo.com.br/;1018404
https://kitchenofdebjani.com/;1043810
https://trishscully.com/;1054139
https://www.bestvetcare.com/;1059833
http://www.stylerug.net/;1070263
https://nimvo.com/;1074454
https://www.company360.in/;1084975
http://www.knowledgewoods.com/;1103593
https://www.fotiouparts.gr/;1126015
https://www.ramayanawaterpark.com/;1141827
https://faisalfabrics.pk/;1163039
http://bctoad.com/;1183631
https://fun2ind.com/;1196486
https://www.edumovlive.com/;1221737
https://kivalife.in/;1290298
http://robothlon.com/;1334807
https://www.gearquake.com/;1364262
https://vendre-mon-bien.com/;1386087
http://shoppinglala.com/;1396454
https://www.mitdub.com/;1418470
http://www.stirisuceava.net/;1419974
https://www.agsoundtrax.com/;1431185
http://izooto.com.tw/;1433705
http://designdungeon.in/;1443508
https://kheladda.in/;1443790
https://www.shijinvapor.com/;1444636
http://www.beautyhooked.com/;1451208
https://www.gemselections.in/;1454278
https://statistics-made-easy.com/;1455441
https://www.lodhapalavaacity.com/;1457905
https://www.revinfotech.com/;1465148
https://selininy.com/;1480142
http://new-launch.co/;1544072
http://www.sobagu.in/;1575216
https://freshfishbasket.com/;1625873
https://www.noinsurancemedicalsupplies.com/;1642083
http://lohaspeople.jp/;1668821
http://w-hospital.in/;1676086
http://ektatripolisgoregaon.com/;1703616
https://vsdsy.com/;1720988
http://www.hilitebuilders.com/;1752712
http://webanalysis.blogspot.com/;1789247
https://apple-accessories-online.myshopify.com/;1790972
https://www.employwise.com/;1813468
http://www.timesbangla.in/;1829428
https://www.spelsidor.se/;1831017
https://www.interiorshop.dk/shop/frontpage.html;1842371
https://mantavyanews.com/;1902299
https://careclues.com/;1987304
http://ideacafe.co.in/;2011291
http://thesocialrush.com/;2089667
http://thequraninstitute.com/;2144223
http://iskconbangalore.co.in/;2209390
http://happymarian.com/;2214115
https://lovinglightastrologer.com/;2223639
http://namdevnews.com/;2233386
https://www.fabuliv.com/;2277342
https://www.24x7technicalsupport.net/;2290967
https://messengery.com/;2301910
https://www.lapfconnect.com/index.aspx;2338864
https://www.livetipster.com/en/;2374965
https://www.my5starhome.com/;2384562
http://fujitvforsugotoku.jp/;2406580
http://www.rajkhojkhabar.com/;2436206
https://www.tagalys.com/;2438240
https://www.bmcadventures.com/;2545081
https://www.racket.co.jp/;2594508
http://makapyaar.com/;2604487
https://cakencare.com/;2629611
https://skillacquire.us/;2654645
https://www.manguosiang.com/;2660994
http://chalokolkata.com/;2710489
https://digital-game.com/;2729973
http://www.ec-media.com.tw/;2739170
http://www.naukaribazar.com/;2757994
http://bachinuke.com/;2791836
https://www.digitalbulls.com/;2837087
https://helpmedicalsupplies.com/;2843148
http://fanm.co.in/;2851373
http://eisystems.in/;2892771
http://www.readimperivm.com/;2895695
https://kphcoop.com/;2897690
http://www.dhakkanz.com/;2897993
https://www.qualitylifestyle.in/;2899054
https://iphonecoversonline.com/;2910568
http://www.cinisuddi.com/;2936744
http://www.venfield.com/;2996542
http://www.chaidantai.com/;3029094
https://simplesmentefeminino.com.br/;3061542
http://www.dallasindian.net/desi/;3071968
https://www.kasamart-stone.jp/;3126356
https://www.zikimo.com/;3129916
https://colombotamil.lk/;3141630
https://mycarmesi.com/;3201625
https://e11evenbrand.com/;3216482
http://oraclelineage.com/;3219504
https://technooil.com/;3244300
https://www.cashmint.in/;3251703
https://suryasamachar.com/;3263408
http://sunsea.in/;3318824
http://www.waterviewloft.com/;3324556
https://geniuspundit.com/;3327641
https://asajaalmeria.org/;3332999
https://osumare.com/;3364174
http://abtakmedia.com/;3387113
http://odiapua.com/;3395006
https://www.plusman.be/;3439084
http://a2e.co.in/;3522936
https://www.paradosiakaorgana.gr/;3523561
http://hongkongseohk.com/;3547120
https://goodschoolin.com/;3564214
http://www.simpletrick.in/;3565571
http://tulipindia.net/;3566700
https://www.supersmartdeals.co.uk/;3590609
http://exiomsrecharge.com/;3593688
https://buddsbuddy.com/;3609065
http://www.mowval.com/;3635060
http://www.prajasatta.in/;3673947
https://amazing7.com/;3682433
https://sojourn.tw/;3695760
http://iandmycar.com/;3705723
https://www.bangkokrosethai.com/;3749789
http://www.amaravathinewstimes.com/;3782019
http://aapnewsexpress.com/;3784923
https://getstitched.in/;3814285
https://daynghebanh.vn/;3820045
https://www.fightingfame.com/;3822802
https://passingports.com/;3845990
https://www.hokmakeup.com/;3888175
http://www.newsupdates.co.in/;4017296
http://www.kaberaglobal.com/;4030233
https://www.liinara.com/;4112962
http://www.kamkash.com/;4243832
https://www.paykio.com/;4273450
https://www.etoilecollective.com.au/;4304280
https://www.galeriwisata.com/;4352053
https://perfectvisaconsultancy.com/;4409692
http://flightsget.com/;4417292
http://utusanmelayu.com.my/;4568811
http://www.houstonindian.net/desi/;4647972
https://perpaa.com/;4677921
http://www.ovionlifestyle.com/;4687890
https://www.kasama-jp.com/;4700512
http://gbn24.com/;4773086
http://krishnastudyacademy.com/;4824515
https://quickleasing.co.th/;4870973
http://www.gujfed.com/;4879680
http://www.trippintraveller.com/;4892017
https://www.comprarok.com/;4924508
http://www.orlandoindian.com/desi/;4956931
http://exclusivetravel.co/;4970793
http://himalayannews.com/;4976842
http://www.plugdaily.com/;4981780
https://www.sinewstoday.com/;5040198
https://www.ndoleta.com/;5057477
http://jeenerba.com/;5097312
http://vijaynews.in/;5098570
http://pniindia.com/;5116008
http://bollyy.com/;5137270
https://2bite.com/;5149316
http://motorpumpkart.com/;5159860
https://www.yourdealindia.com/;5170158
https://canopusretreats.com/;5267825
http://medhajnews.com/;5281565
https://gridsandguides.com/server.php;5285182
http://mywonderteam.com/;5286200
http://www.mowval.in/;5329839
https://www.salonioil.com/;5340693
http://traditionandbeyond.com/;5345375
https://www.yavatmalnavratri.com/;5355712
http://www.newsnazar.com/;5372688
http://jabarupdate.com/;5408198
http://www.indempnews.in/;5434172
http://www.srinarayanacolleges.com/;5442928
https://xn--smslno-lua.se/;5539073
https://www.laumont.shop/;5539701
https://bbin-news.com/;5615991
https://thecorrespondent.in/;5634455
http://www.denverindian.com/desi/;5643072
http://zingag.com/;5712785
https://buletindunia.com/;5815620
http://www.mahabir.in/;5839948
http://izooto.jp/;5858661
https://meball.com/;5884851
http://www.right2start.com/;5929225
http://www.miamiindian.net/desi/;5945962
https://www.tataamantra.com/;6008772
http://traveltechie.com/;6124797
https://vogaco.com/;6150711
http://www.rathinamtechnicalcampus.com/;6192860
https://kolkatanews365.com/;6199785
https://www.triptude.com/;6257709
http://malanadonline.com/;6415777
https://bettingsidor.se/;6440721
http://www.inazawabanana.com/;6509317
http://www.web3solution.com/;6509646
http://mumbaieyecarecornealasik.com/;6537034
http://www.stmplastic.com/;6580259
https://www.wizkidblogger.com/;6586043
https://www.sampleso.com/;6612885
http://vicharkhabar.com/;6617881
http://infinitimart.com/;6638607
https://www.tnindian.com/desi/default.asp;6694237
http://www.bbckhabar.com/;6823551
https://bettingguide.co.uk/;6824730
http://webstadium.net/;6857149
https://tdsmanemail.com/;6858023
http://www.saysomeinfo.com/;6871057
https://letsregale.com/;6896220
https://www.discountdeewane.com/;6914689
http://www.hpsupporttech.com/;7028576
http://www.destinationyours.net/;7076000
http://www.yos.com.tw/;7109365
https://palavacitymumbai.com/;7111134
http://www.bumblebeehub.com/;7142683
https://goodpickborg.com/;7149316
https://www.cybroze.com/;7273937
https://www.newyorkindian.com/desi/default.asp;7373383
http://trampin.com/;7447569
https://www.worldranksolutions.com/;7480749
https://www.shoppingzoneplus.com/;7501826
https://www.partiharn.com/;7532552
http://www.webindas.com/;7536014
http://www.loucospornetflix.com/;7577809
http://www.microprixs.com/;7589356
https://www.unltdoffers.com/;7888388
https://www.avskart.com/;7906222
http://www.bhookasaand.com/;7957658
https://kort24.se/;8053475
http://9amstories.com/;8076444
http://www.lebanonoffroad.com/;8112802
http://seduireuneinconnue.com/;8183387
https://www.merrykaufer.com/;8184073
https://honeyschildboutique.com/;8251155
http://digitaljinni.com/;8344897
http://mahanewslive.com/;8439037
http://coupontine.com/;8631459
https://www.blushboss.com/;8647723
https://tacskey.com/;8661392
https://www.knifan.com/;8669237
http://tundeadisa.com/;8790340
https://www.rejoicehairtransplant.com/;8822562
https://www.brazukatickets.com/;8950251
http://indiahomes.estate/;9013014
http://webmaison.in/;9013728
http://www.couponsculture.com/;9016476
http://leointernationalpackersandmovers.com/;9044466
http://plgepc.com/;9175265
https://exploreabc.com/;9404286
http://newsmailtoday.com/;9408280
https://www.preservawellness.com/;9413281
https://www.utahindian.com/desi/default.asp;9425420
http://harrts-rht.com/;9450129
http://www.cri.net.in/;9479158
https://thebus.gr/;9499721
https://casinodealen.se/;9626095
https://xn--bstasnabbln-l8aw.se/;9653346
https://vivahonline.com/;9755721
http://www.pratibhaekdiary.com/;9841298
http://glxycasino7.com/;9864171
https://futurelab3d.com/?doing_wp_cron=1552630571.2745790481567382812500;9874161
http://www.dell-techsupport-number.com/;10095272
http://www.dnewser.com/;10135515
http://www.beaminfo.com/;10180031
https://thenextcrunch.com/;10216526
https://www.goldenhost.com/;10230470
http://www.madmarketinganddesing.cat/;10386347
http://stcampus.in/;10571367
http://www.tech4globe.com/;10588756
http://ayurvedainlife.com/;10635696
https://adfieds.com/;10730914
https://www.petcareclub.com/;10768790
http://glxymobile.com/;10829557
https://www.askboardresult.com/;10954433
http://glxyagents.com/;11119961
https://www.parygon.com/;11127085
http://agozy.com/;11134221
https://bonusportalen.se/;11191920
http://www.eclatmediasolution.com/;11604546
http://homesfy.co.in/;11744323
http://www.unishire.com/;11829061
http://sciket.com/;11847213
http://www.vivasmartcity.com/;11855191
http://atozwallet.com/;11924527
http://esse.in/;11936542
http://www.threesocieties.com/;11943230
http://www.wiindian.com/desi/;11956552
https://casinoutankonto.se/;11987173
https://www.equipmentrentalsindia.com/;12017127
http://bnewskolhapur.com/;12244496
http://zuxtra.com/;12306328
http://www.hpcustomercares.com/;12336834
http://ikadu.net/;12399227
https://www.blinked.pl/;12531300
https://bdesir.com/;12665819
https://www.bookosmia.com/;12748248
http://tipsmagicas.com/pt/;12782969
http://www.dietshala.com/;12863568
https://www.wonderlab.co.nz/;13040272
http://aecgurgaon.com/;13143134
http://primuskvadrati.com/;13159693
http://kvkludhiana.com/;13217011
https://stateofglobe.no/;13296575
https://waypointpropertygroup.com/;13360060
http://larbre-flower.com/;13377342
http://www.mastkhabar.com/;13385293
http://www.kazimaproducts.com/;13385880
http://exambreak.com/;13402613
http://cgtechnology-uae.com/;13422846
http://globalvillagefoundation.in/rdgvschool/index.html;13634578
https://xn--sms-ln-mua.se/;13670740
http://pg.saascart.com/;13893467
https://www.bostonindian.net/desi/default.asp;13952484
http://pflege-experten.com/;13981989
http://wizardconnection.com/;13996003
http://happymarian.com.tw/;14009342
https://puncherwala.com/;14275653
https://janmatpatrika.com/;14291536
https://bettingsidor.com/;14402642
https://xn--bstamatkassen-bfb.se/;14440545
https://www.hostcafeday.com/;14545929
https://www.carolinaindians.com/desi/default.asp;14679248
https://www.charmsday.com/;14779278
http://ihealthgo.com/;14785739
https://teachmultimedia.com/;14956927
http://www.careersdunia.com/;15070533
http://studiosaaz.com/;15147443
https://thelittlebundleshop.com/;15245784
https://kisstrategies.ca/;15379743
https://upahara.co/;15398109
https://www.raicabs.com/;15475186
https://www.hotfreebees.com/;15479041
https://msluxuryvip.com/;15700862
http://www.nebraskaindians.com/desi/;15906929
http://thecadss.com/;15967170
http://tds-man.com/;16110164
http://telugupay.com/;16199884
https://m3sm.co.uk/;16212299
http://globalanalyticsacademy.com/;16320019
http://syamasahithi.com/;16332690
http://venkamtech.com/;16334294
https://www.phoenixindian.com/desi/default.asp;16360144
https://www.columbusindian.net/desi/default.asp;16386405
https://lazyoven.com/;17087799
https://www.beautywu.com/;17103449
http://anuvratclinics.com/;17191978
http://dot-net-developer.net/;17234508
https://www.mynation.com/;17294570
http://www.pegasusacad.com/;17642007
https://www.journeyguy.com/;17647017
https://www.orangyy.com/;17789465
http://www.ideanub.com/;18046460
http://www.mobileforsale.org/;18126644
http://vaishnavi-enterprises.com/;18162199
http://web957.com/;18184425
http://mytimestoday.com/;18190750
http://ravikiransdcrm.com/;18276273
http://www.crazybachat.com/;18309056
https://www.mangocasino.com/;18446747
http://gujaratishabdkosh.com/;18504507
http://www.icareerconsultants.com/;18540485
https://www.silkscreenartcentre.com/;18590245
http://www.indiankalaniketan.com/;18630485
https://desiviva.com/;18675212
https://www.nevadaindian.com/desi/default.asp;18695026
https://idpvirtualfair.com/index.php;19073055
http://seahawkfacilities.com/;19127187
http://utusan.my/;19279946
http://www.hydraulicpowerpack.com/;19308736
https://mylimostl.com/;19747172
http://thenewscircle.com/;19754788
https://englishyourway.com.br/;19885923
http://cali4fun.net/;20497378
http://pilotwebsolutions.com/;20866861
http://rupio.in/;21506012
http://pureteaaus.com/;21986323
https://sarkarinaukriweb.com/;22481896
http://www.lyndellegonzalez.com/;22838369
https://creationpharm.biz/;23134024
http://foodyz.in/;23425182
http://inspirebrio.com/;25145141
https://www.arkansasindian.com/desi/;25235828
https://www.indianbloom.com/desi/default.asp;25743644
http://mentorinfosoft.com/;25888967
http://destinationnmarriages.com/;25948645
http://www.infoaboutinfo.com/;26171524
https://lazonestyle.com/;26175216
http://sosanhonline.com/;26635702
http://transyoga.net/;26708715
http://vedacharities.org/;26734541
http://www.charlestang.com/;29775792
http://medhajnews.in/;>30M
http://www.sachkhabar.com/;>30M
https://seoulsunday.com/;>30M
http://www.kasargodvartha.com/;>30M
https://hostripples.com/;>30M
https://www.beadsnfashion.com/;>30M
https://www.fujiya-camera.co.jp/;>30M
http://www.industrykart.com/;>30M
http://www.punjabtribune.com/;>30M
https://www.switchme.in/;>30M
https://www.freecouponindia.in/;>30M
https://netbe.jp/;>30M
https://www.budgetpetcare.com/;>30M
https://www.couponzguru.sg/;>30M
https://bhavnaskitchen.com/;>30M
https://desichords.com/;>30M
https://miss36.in/;>30M
https://www.canadapetcare.com/;>30M
https://www.zulekhahospitals.com/;>30M
https://www.diyaonline.com/?SID=df72emcvlq13femhmpcq2bcns3;>30M
https://www.gobytrain.com.tw/index.aspx;>30M
http://www.fevicoldesignideas.com/;>30M
https://obis.com.tw/;>30M
https://imilap.com/;>30M
https://www.cfmaster.com.tw/;>30M
http://free.kitmania.net/;>30M
https://wolfsgamingblog.com/;>30M
http://checkdnd.com/dnd_filter.php;>30M
http://www.starclinic.com.tw/;>30M
http://www.forextamil.com/;>30M
https://www.kazutenbai.com/;>30M
https://topnaijamusicawards.com/;>30M
http://www.ppfaccount.in/;>30M
https://dexpel.com/;>30M
https://www.petcaresupplies.com/;>30M
https://www.vissco.com/;>30M
https://thewikihow.com/;>30M
https://www.sexcare.com/;>30M
https://hamptonroads.myactivechild.com/;>30M
https://www.uncoached.com/;>30M
http://rajeshlifespaces.com/;>30M
https://11miami.com/;>30M
https://www.photoexpress.in/;>30M
https://www.kushals.com/;>30M
https://www.mymoneymantra.com/;>30M
https://eazyerp.com/;>30M
https://gettingmoneywise.com/;>30M
https://mflintmedia.com/;>30M
https://legaldesire.com/;>30M
https://www.start-cleaning-business.com/;>30M
https://www.betternutritionlabs.com/;>30M
http://itsinfographics.com/;>30M
https://www.medprodisposal.com/;>30M
https://xn--smslnonline-08a.se/;>30M
https://www.kasamart.jp/;>30M
http://matospereira.com/pt/;>30M
http://najlepszepiosenki.pl/;>30M
https://biryanibykilo.com/;>30M
https://www.incredibowlstore.com/;>30M
https://www.coxandkings.ae/;>30M
https://www.guardian.in/;>30M
http://squashvic.com.au/;>30M
http://janjwar.com/;>30M
https://www.beautytools.com/Default.asp;>30M
https://www.plusman.nl/;>30M
http://aktuelsinema.com/;>30M
https://speltips.se/;>30M
http://www.cybereros.com/;>30M
https://www.nashvillechatterclass.com/;>30M
https://kaichononline.com/;>30M
http://www.dailymandate.com/;>30M
https://www.triumphpccare.com/;>30M
https://www.my-bras.com/;>30M
http://world-conect.com/;>30M
http://rozananews.com/;>30M
http://elefaant.com/;>30M
http://www.deccandaily.com/;>30M
http://edupost.in/;>30M
http://www.applemantra.com/;>30M
https://martechfinder.com/;>30M
https://funneed.com/;>30M
https://www.memphisindian.com/desi/default.asp;>30M
https://www.onceuponatrunk.com/;>30M
http://www.sagmall.com/;>30M
http://www.stimtech.com.au/;>30M
http://avigrover.com/;>30M
https://thenewsroom.co.in/;>30M
http://www.mediavigil.com/;>30M
https://7stocks.com/;>30M
https://www.goatfarming.in/;>30M
https://www.digidir.com/;>30M
http://www.bhartiyacitynikoohome.com/;>30M
http://www.svarog-ltd.com/;>30M
https://bloggersutra.com/;>30M
https://casinorobot.com/;>30M
http://1click2wash.com/;>30M
http://travellerskingdom.com/;>30M
https://blogsimplified.com/;>30M
http://www.kidsbeddingclearance.com/;>30M
http://indianresults.net/;>30M
https://www.budgetpetworld.com/;>30M
https://smartwatchh.com/;>30M
https://kacetech.com/;>30M
https://www.ayurspace.com/;>30M
https://eunicetam.com/;>30M
https://www.samim.in/;>30M
http://fxqo.cn/;>30M
https://kraftedwithhappiness.com/;>30M
http://find3r.com/;>30M
http://nofikarr.com/;>30M
http://gujaratishabdkosh.org/;>30M
https://fpublicidad.net/;>30M
http://gujaratidictionary.in/;>30M
http://easyadvancedeposit.com/;>30M
http://ademtuysuz.com/;>30M
http://www.netflixphonenumber.com/;>30M
https://www.canadavetexpress.com/;>30M
http://royrealtors.com/;>30M
https://pa-law-firm.com/;>30M
https://medikabazaar.com/;>30M
https://dynamicengineers.in/;>30M
http://chopnfry.com/;>30M
http://isupportmart.com/;>30M
http://bharatbhoomi.com/;>30M
http://www.airlinecontactnumber.com/;>30M
https://www.patravarta.com/;>30M
https://trafalgarcleaningequipment.com/;>30M
https://www.desieventsonline.com/events/;>30M
https://www.echarcha.in/;>30M
https://themobile360.com/;>30M
http://getsetexam.com/;>30M
http://jeslami.com/;>30M
https://www.glassesgallery.com/;>30M
https://mocapcity.com/;>30M
http://upayservices.com/;>30M
https://schooltvstudio.com/;>30M
http://newshue.com/;>30M
http://cafechennai.in/;>30M
http://picapicamax.com/;>30M
http://buzz4health.org/;>30M
http://cherishyourhealth.com/;>30M
http://travelbefikar.com/;>30M
http://www.digiwebservice.com/;>30M
http://daynewslive.com/;>30M
http://whatafloridaliving.com/;>30M
http://istindia.org/;>30M
https://trafalgar-cleaning-equipment.com/;>30M
https://xingads.com/;>30M
https://elanstreet.com/;>30M
http://beritalokal.net/;>30M
http://themagneticstore.com/;>30M
http://www.transformingtravels.com/;>30M
https://travelhuge.com/;>30M
http://easymoneys.org/;>30M
http://balakbhavishya.org/;>30M
https://www.saradresses.com/;>30M
http://inextmall.com/;>30M
http://sbaassociate.com/;>30M
https://kikoe.net/;>30M
http://adjosh.com/;>30M
https://clickseffect.com/;>30M
https://www.loksattanews.net/;>30M
https://read1read.com/;>30M
https://naturalfrank.com/;>30M
http://jalandharpost.com/;>30M
https://resende.com.br/;>30M
http://www.studioshilpik.com/;>30M
https://www.resourcehrd.com/;>30M
http://philippinenewslinks.com/;>30M
https://jhsport.com.tw/;>30M
http://www.schoolfinds.com/;>30M
https://www.moneysq.com/;>30M
https://www.buyxmart.com/;>30M
http://ktm-xdlmotorcycleco.com/;>30M
https://www.vgoldjewellers.com/?SID=2ie91h6c7548idg0c28gdbeja0;>30M
https://cheapestcart.com/;>30M
http://ugreat.biz/;>30M
http://gojainyatra.com/;>30M
http://gujaratikosh.in/;>30M
http://gujaratilexicon.org/;>30M
https://lovebigjewelry.com/password;>30M
https://www.adanaliyik.net/;>30M
https://62goro.com/;>30M
http://safebank.co.in/;>30M
http://extelclasses.com/;>30M
http://www.globallimorental.com/;>30M
https://startel.nl/;>30M
https://sweetleafcoffee.com/;>30M
http://btechalerts.in/;>30M
http://www.forexkini.com/;>30M
http://gujaratikosh.org/;>30M
http://internetesenyurt.com/;>30M
https://www.carservicesinct.com/;>30M
http://eip-sa.net/;>30M
https://www.indianaindian.com/desi/default.asp;>30M
http://bluequartzmedia.com/;>30M
http://gujaratidictionary.org/;>30M
http://www.naturevatika.com/;>30M
http://helloxenterprises.com/;>30M
https://besohappy.com/;>30M
https://infocusdialogue.com/;>30M
https://wheelmonk.com/;>30M
https://www.stanlee.net/;>30M
http://www.yogabeginners.org/;>30M
https://www.postfreeonline.com/;>30M
https://dgcasino.com/;>30M
http://www.ys-infoware.com/;>30M
https://www.radiusdevelopers.com/;>30M
http://www.eexpressnews.com/;>30M
http://www.freedetails.in/wp-signup.php?new=freedetails.in;>30M
https://trafalgarcleaning.com/;>30M
https://www.kansasindian.com/desi/default.asp;>30M
http://essencz.com/;>30M
https://www.tgcampus.com/;>30M
https://www.getmeacourse.com/;>30M
http://nayaabharat.com/;>30M
https://bettingstugan.se/;>30M
https://www.sillasderuedas.com.co/;>30M
http://sonarbanglaservice.in/;>30M
http://w3services.in/;>30M
https://kardy.co.uk/;>30M
http://tims.edu.in/;>30M
http://www.examsportalhub.com/;>30M
https://travstugan.se/;>30M
https://www.aasvaa.com/;>30M
https://www.beawara.com/;>30M
http://www.date-pro.com/;>30M
http://digitalleadindia.com/;>30M
https://www.ethnic-rack.com/;>30M
https://fashor.com/;>30M
http://ind-govtjobs.com/;>30M
https://mihosuke.com/;>30M
https://sportbloggare.com/;>30M
http://twotwoall.com/;>30M
http://www.wallpaper-seller.com/;>30M
http://nu-pasta.com.tw/;>30M
https://yango.pl/;>30M
https://goldrushcabaret.com/;>30M
http://janbaskdemo.com/;>30M
https://koshtee.com/;>30M
http://www.prabhukripadham.com/;>30M
http://www.regulargossip.com/;>30M
https://www.share-talk.com/;>30M
http://tatacapitalgeneralpartnersllp.com/;>30M
http://worldsgadget.com/;>30M
https://logres.click/;>30M
https://odisha.top/;>30M
https://sae.news/;>30M
http://buynbag.pics/;>30M
https://original.watch/;>30M
https://www.tixrwebspace.com/;>30M
http://www.smilemake.us/;>30M
http://flipblog.xyz/;>30M
http://iservices.xyz/;>30M
http://novaweb.xyz/;>30M
https://pwas.xyz/;>30M
http://uho.tw/;>30M
http://shoes499.com/;>30M
http://glxyapplications.com/;>30M
https://millioncases.com/;>30M
http://www.airtahitinui.com.tw/;>30M
http://glxypkr.com/;>30M
http://islamicblog.in/;>30M
https://rippedupnutrition.com/;>30M
http://mrupaiya.com/;>30M
https://www.destination150.com/;>30M
http://signosdeloshoroscopos.com/;>30M
https://hobbytimes.jp/;>30M
http://www.shoppingcardio.com/;>30M
https://roomno378.com/;>30M
https://raymondcustomtailoring.com/;>30M
https://lilyvanity.com/;>30M
https://fatosinteressantes.org/;>30M
http://thecardinalcreative.com/;>30M
http://hellogtx.com/;>30M
https://thelocalduty.com/;>30M
http://www.ingraphico.com/;>30M
https://cafeeleta.com/;>30M
https://melos.media/;>30M
http://www.betterhandmade.com/;>30M
https://www.ekikayi.com/;>30M
https://snatchedsunglasses.com/;>30M
http://offers-online.info/;>30M
https://whalebets.com/;>30M
http://lcadigitalmarketingfirms.com/;>30M
http://kidubro.com/;>30M
http://www.limoforparty.com/;>30M
https://www.ukbitcoinblog.com/;>30M
https://hindi-essay.com/;>30M
http://glibs.in/;>30M
https://www.mktgshowcase.co.uk/;>30M
http://adzcreative.biz/;>30M
https://www.mypoojabox.com/;>30M
https://thedailydefender.com/;>30M
http://futoshihashimoto.com/;>30M
https://milakator.com/;>30M
http://etwebtv.it/;>30M
http://matsuurakenji.com/;>30M
http://rajbrotherspay.com/;>30M
https://supermae.club/;>30M
http://1534683613.rsc.cdn77.org/;>30M
https://ismile168.com/;>30M
http://yohotravels.com/;>30M
https://todaylivedeal.com/;>30M
https://hescovery.com/;>30M
https://maxeasyloan.com/;>30M
https://sagassu.biz/;>30M
http://www.propedge.co/;>30M
https://timesjammu.com/;>30M
http://www.windows-is-not-genuine.com/;>30M
https://www.androidbreakdown.com/;>30M
https://www.punjabitraditionaljewellery.com/;>30M
https://alexyhair.com/;>30M
http://newsabhiabhi.in/;>30M
http://www.naukribabu.net/;>30M
http://www.avirasupporttech.com/;>30M
http://www.kasperskysupporttech.com/;>30M
http://www.supportincredimail.com/;>30M
http://www.mcafeesupporttech.com/;>30M
http://www.avastsupporttech.com/;>30M
http://www.bitdefendersupportnumber.com/;>30M
https://dhanvapasi.com/;>30M
http://tatacapitalgrowth2generalpartnersllp.com/;>30M
http://www.2cmusicstudio.com/;>30M
http://darbaarilal.com/;>30M
http://www.theinformalnews.com/;>30M
https://www.tekcrib.com/;>30M
http://www.quickensupportsnumber.com/;>30M
http://3rabpedia.com/;>30M
http://almdp.com/;>30M
http://carecenteroflakeplacid.org/;>30M
https://www.ondacerojaen.es/;>30M
http://www.addakshenterprises.com/;>30M
https://wpdeal.tips/;>30M
https://holdthatdownbruh.com/;>30M
http://suthichailive.com/main/;>30M
http://asasbitcoin.com/;>30M
http://ashmitanetwork.com/;>30M
https://ipippip.com/;>30M
https://www.immunoboosters.in/shop?;>30M
http://digitalpaymentshop.com/;>30M
https://beistravel.com/;>30M
http://condomsbazar.com/;>30M
http://www.dhinakkavalan.com/;>30M
https://www.vishvasnews.com/;>30M
http://akimps.com/;>30M
https://nyacasinonsverige.se/;>30M
http://www.yahoocustomersupports.com/;>30M
http://www.ourlegalworld.com/;>30M
http://ajirakhabar.com/;>30M
http://gadgetsupdateshindi.com/;>30M
http://imps.online/;>30M
https://kryptopos.com/;>30M
http://www.tradeaction.in/;>30M
http://dg-seva.com/;>30M
http://glxycasino66.com/;>30M
http://outdoors-tw.com.tw/;>30M
http://www.bengalhour.com/;>30M
http://rsnews.live/;>30M
https://suriyaourhero.blogspot.com/;>30M
http://sarvppratham.com/;>30M
http://www.valueslaps.com/;>30M
https://ifindhub.com/;>30M
http://ashutoshrai.com/;>30M
http://www.interiorshop.se/shop/frontpage.html;>30M
http://lysekilshockey.se/;>30M
http://bloggerpins.com/;>30M
http://www.ezeego1.co.in/;>30M
https://www.atcmask.com/;>30M
http://cxotv.news/;>30M
http://technotest.co.in/;>30M
http://shrisaimoney.com/;>30M
https://supportphonecontact.com/;>30M
https://eatbuyplay.com/;>30M
https://thekarmanews.com/;>30M
http://www.contacttechnicalnumber.com/;>30M
https://www.gbbventure.com/;>30M
http://saffronnews.in/;>30M
http://www.malaikuruvi.com/;>30M
https://zodiacworlds.com/;>30M
https://besohappy.nl/;>30M
https://traveloutng.com/;>30M
http://navayuganews.com/;>30M
https://neonsurabaya.com/;>30M
http://sunnetpark.com/;>30M
http://www.goldeneraeducation.com/;>30M
https://xn--bstasmslnet-l8au.se/;>30M
https://elscatalansfancoses.com/;>30M
http://www.imalphas.com/;>30M
https://www.gadgetdefenceindia.com/;>30M
http://aapkiaawaznews.com/;>30M
https://yakiluna.com/;>30M
https://shookfeed.com/;>30M
http://www.randmcnallyupdates.com/;>30M
https://lukandcojewelry.com/;>30M
http://www.amazoncustomerservices800.com/;>30M
http://swabhidhan.com/;>30M
https://www.lonavalafoods.com/;>30M
http://bestmenuapril.science/;>30M
http://attachdaily4technology.cricket/;>30M
http://sgworkshopslearn.net/;>30M
https://zosta.net/;>30M
http://glxyweb.group/;>30M
http://prajvalitindia.com/;>30M
http://tezpatrika.com/;>30M
http://dammylink.com/;>30M
https://www.sarkaribahali.com/;>30M
http://www.poswalbrothers.com/;>30M
http://www.anssamachar.com/;>30M
http://www.tmoneyguide.com/;>30M
http://flights-bookings.com/;>30M
http://sithlordspawn.com/;>30M
https://rbkuatindcentral2018.com/;>30M
https://adiuatindcentral2018.com/;>30M
http://basiljuhu.com/;>30M
https://tamilannewz.com/;>30M
https://lokpriyakpi.com/;>30M
http://www.urcelebspy.com/;>30M
https://www.firetoken.io/;>30M
http://sellerservice.in/;>30M
http://futurehugs.com/;>30M
https://healthytasteoflife.com/;>30M
http://onlinesewaservices.com/;>30M
http://goldenworldonline.com/;>30M
http://cashin5seconds.com/;>30M
https://www.bhramononline.com/;>30M
https://dsports.ae/;>30M
https://eblog.network/;>30M
https://www.clothingroot.com/;>30M
https://gearotronics.com/;>30M
https://www.icofires.com/;>30M
https://funkypopculture.com/;>30M
https://thetradingletter.com/;>30M
https://lashopzone.com/;>30M
http://bnpay.online/;>30M
http://placesrevealed.com/;>30M
https://fiftyfitamazing.com/;>30M
https://eternalhue.com/;>30M
http://jmjjobs.com/;>30M
https://adastuf.com/;>30M
http://securepy.com/;>30M
https://argains.com/;>30M
http://shubhiimps.com/;>30M
https://storeinstallieren.com/;>30M
http://skywallpay.com/;>30M
https://www.prabhatpravakta.com/index.php?/;>30M
https://klub-mu.com/;>30M
http://hobbytime-mag.com/;>30M
http://memoriesofhoneymoontrips.com/;>30M
http://besthighest18july.stream/;>30M
http://www.nortonsupportteam.com/;>30M
http://rechargeandmakemoney.info/;>30M
https://techanical-atom.com/;>30M
https://sparklingkey.com/;>30M
http://glxycasino-s500.online/;>30M
http://glxycasino-x6.online/;>30M
http://glxycasino-x3.online/;>30M
http://www.photographier-ses-enfants.com/;>30M
https://groomshoom.com/;>30M
http://zirconabsorb.com/;>30M
http://arpannews.com/;>30M
https://eexata.com/;>30M
http://safetyse.com/;>30M
https://www.boxerfactory.com/;>30M
https://datbinhdan.com/;>30M
https://omkar-international-district.com/;>30M
http://jdbygfun.com/;>30M
http://gadgetslife.tech/;>30M
http://boastlump.info/;>30M
https://dealsflips.com/;>30M
https://testcompuindia.com/;>30M
http://kukdukun.com/;>30M
https://bettingsidor.nu/;>30M
http://www.absolutetraining.co.uk/;>30M
http://centrallondonestates.co.uk/;>30M
https://footyblogs.co.uk/;>30M
https://www.hometranquillity.co.uk/;>30M
https://wheelfeed.co.uk/;>30M
https://nconcept.com.au/;>30M
https://www.acervofesta.com.br/;>30M
http://fiquealerta.com.br/;>30M
https://dating-matches.club/;>30M
http://yardley.club/;>30M
http://en.tempo.co/;>30M
http://pemilu.tempo.co/;>30M
http://ramadan.tempo.co/;>30M
https://www.smartboxmedia.co/;>30M
http://video.tempo.co/;>30M
https://brmms.de/;>30M
http://saint-yvoine-animation.fr/;>30M
https://tp01.fr/;>30M
http://www.globalist.gr/;>30M
http://www.dm4india.in/digital-marketing-course/;>30M
http://www.hairfallsolutions.in/;>30M
https://healthykarma.in/;>30M
http://jewelryjobs.in/;>30M
https://khelo.k365.in/;>30M
https://m.newdelhiairport.in/;>30M
http://www.payblog.in/;>30M
https://www.pearlkraft.in/;>30M
https://santara.in/;>30M
http://smtpmail.in/;>30M
http://srivedaemsys.in/;>30M
http://successtrickscampus.in/;>30M
http://www.ventino.in/;>30M
https://www.tanaka-watch.jp/;>30M
http://v.sp2.fujitv.co.jp/index.cgi;>30M
https://car.cari.com.my/;>30M
https://www.couponzguru.my/;>30M
http://m.utusan.com.my/;>30M
https://m.tnews.co.th/;>30M
http://chiayi.yos.com.tw/;>30M
http://www.howard-kenting.com.tw/;>30M
http://hsinchu.yos.com.tw/;>30M
http://kaohsiung.yos.com.tw/;>30M
http://www.qman.com.tw/;>30M
http://tainan.yos.com.tw/;>30M
http://taichung.yos.com.tw/;>30M
http://taoyuan.yos.com.tw/;>30M
https://tonton.tw/;>30M
http://www.xct.com.tw/;>30M
http://gharellogover.website/;>30M
http://www.webcollege.co.za/;>30M
http://www.doonangserieyodhit.com/;>30M
http://motivation8success.com/;>30M
https://bitnance.vip/;>30M
https://jinog.com/;>30M
https://apartamentosminhacasaminhavidasp.com/;>30M
http://www.hphelpnumber.net/;>30M
https://www.volkanspor.com.tr/;>30M
http://newsyoucanplay.com/;>30M
http://worthylifetips.com/;>30M
http://infmedia24.com/;>30M
https://helix3.co/;>30M
https://3rdeyefocused.com/;>30M
https://proudindianwear.com/;>30M
http://newimmediately08.info/;>30M
https://findfreejob.com/;>30M
http://finlandyestocash.org/;>30M
http://amlakiha.org/;>30M
http://www.cpjindia.org/;>30M
https://poweinitiative.org/;>30M
https://manuelkrautgartner.at/;>30M
https://halloweenfast.com/shop/;>30M
http://www.annualreport.co.in/;>30M
https://teeninews.com/;>30M
https://elblogdelpastoroscarflores.com/;>30M
https://www.adixion.in/;>30M
http://www.skantano.com/;>30M
http://justbuywatch.com/;>30M
http://esanawatches.com/;>30M
http://sothouldebelw.com/;>30M
http://bandsawabsorbable.info/;>30M
https://securify.co.in/;>30M
http://onfirezone.info/;>30M
https://papeleriaparaimprimir.com/;>30M
http://sithlordspawn.co/;>30M
http://bhaskarjagat.com/;>30M
http://tandthomes.org/;>30M
http://certoeleroe.com/;>30M
http://fareglobals.com/;>30M
http://mrcayenne.com/;>30M
https://eexata.net/;>30M
http://www.regtechtimes.com/;>30M
https://digitalgv.com/;>30M
http://aadyashanewstoday.com/;>30M
https://tellyvelly.com/;>30M
http://www.thecheapshops.com/;>30M
https://www.mypoojabox.in/;>30M
https://thebestpetcare.store/;>30M
https://www.factorysales.biz/;>30M
https://jetzet.club/;>30M
https://www.primewhaaky.com/;>30M
http://karmaeduacademy.com/;>30M
http://garudadezine.in/;>30M
http://uniquebazaar.co.in/;>30M
https://www.biocorplifesciences.com/;>30M
http://minaglobe.com/;>30M
http://glxy-online.club/;>30M
http://glxy2019.club/;>30M
http://glxy-go.club/;>30M
http://glxy-online2019.club/;>30M
http://glxy-ir.club/;>30M
http://makesensegist.com/;>30M
https://truevish.com/;>30M
https://www.kanikacrafts.com/;>30M
https://newsreach.in/;>30M
http://www.solizar.com/;>30M
https://mrreporter.in/;>30M
http://mozoloonline.com/;>30M
http://javanagent.club/;>30M
http://javanmob.club/;>30M
http://casinojavan.club/;>30M
http://www.apnashoponline.com/DefaultDesk.aspx;>30M
http://moviedownloads.online/;>30M
https://roucyshop.com/;>30M
https://yesnaturaonline.com/;>30M
https://lovmytoy.com/;>30M
https://watchlerr.net/;>30M
http://thfng.club/;>30M
https://selfcryptotradings.com/;>30M
https://fareglobes.com/;>30M
http://trainingbiz.net/;>30M
http://screamerfetish.info/;>30M
http://www.tripsgreen.com/;>30M
http://foodlover-va.com/;>30M
http://glxy-24.club/;>30M
http://glxy-cs.club/;>30M
http://glxy-no1.club/;>30M
http://glxy-best.club/;>30M
http://glxy-ir3.club/;>30M
http://glxy-home.club/;>30M
http://fadstylo.shop/;>30M
https://traveloxts.com/;>30M
http://spreeshop.info/;>30M
https://stockmarketoverview.club/;>30M
https://thenewspit.com/;>30M
http://safetyyoyo.com/;>30M
https://matribhumisamachar.com/;>30M
http://rvtechwise.com/;>30M
https://akivalove.com/;>30M
http://ecolavadojl.com/;>30M
http://www.mycouponam.com/;>30M
http://tailoryourstyle.net/;>30M
http://tailoryourstyle.info/;>30M
http://tailoryourstyle.org/;>30M
http://www.oliperukkinews.com/;>30M
https://poshrani.com/;>30M
http://latest24x7.com/;>30M
https://doctorsuggest.org/;>30M
http://bharatdigitalportal.in/;>30M
http://cocktailsandhotflashes.com/;>30M
https://allaboutfact.com/;>30M
http://www.easybeginners.com/;>30M
http://easydoesitpodcast.com/;>30M
http://www.goldenmilemurbad.com/;>30M
http://unimoleg.ru/;>30M
https://lizzami.com/;>30M
https://www.liveplanetnews.com/;>30M
http://mojmaar.net/;>30M
http://eugenehaggardcollect.com/;>30M
http://khabarchhe.in/;>30M
https://gadgetyourcar.com/;>30M
http://www.jkmes.com/;>30M
http://yomoviedownloads.com/;>30M
https://www.antoniouhomes.gr/;>30M
https://www.hastakshepnews.com/;>30M
http://sarvamnews.com/;>30M
https://campcraftcompany.com/;>30M
https://moldremediationtesting.com/;>30M
http://www.tiwraiya.com/;>30M
https://szybkifejm.pl/;>30M
http://em4band.com/;>30M
http://basecomputers.in/;>30M
http://www.runanime.com/;>30M
http://shapoorjipallonjirealestate.in/;>30M
https://bcmfeed.com/;>30M
http://glxysite.online/;>30M
http://glxy-pro.site/;>30M
http://glxy-poker.site/;>30M
http://glxy-no1.site/;>30M
http://glxy-casino.site/;>30M
http://glxy-air.site/;>30M
http://adamaris.world/;>30M
http://avsvrindavan.com/;>30M
