https://www.gmx.com/;1404
https://www.mail.com/int/;1653
https://www.sport-express.ru/;1764
https://www.linguee.fr/;1818
https://glosbe.com/;1835
https://www.linguee.com/;2143
http://www.panorama.com.al/;2465
http://hi.fo/;2728
https://www.linguee.de/;2819
http://hi.ru/;3372
https://ngs.ru/;4161
https://www.e1.ru/;4342
https://meta.ua/;4663
https://www.linguee.es/;4743
https://time-to-read.ru/;6002
https://www.goud.ma/;6448
https://www.premiumtimesng.com/;7529
https://olhardigital.com.br/;8318
http://cameroon-info.net/;9339
https://12kotov.ru/;11802
https://www.dzmeteo.com/;12778
https://www.gomovix.com/;13437
http://www.affaritaliani.it/;13495
https://www.gmx.fr/;13942
https://www.linguee.com.br/;15735
https://www.brasil247.com/;17639
https://www.lephoceen.fr/;21306
https://www.linguee.pt/;22119
http://www.livefoot.fr/;26145
https://www.linguee.it/;26945
https://fazendoanossafesta.com.br/;27446
https://workno.ru/;33915
https://www.linguee.ru/;33949
https://www.linguee.jp/;38543
https://canaldoensino.com.br/blog/;38718
https://www.gmx.es/;39263
https://www.grands-meres.net/;41539
https://www.europafm.com/;41913
https://www.ondacero.es/;43660
http://gazetekeyfi.com/;44689
http://riovagas.com.br/;47303
https://fitseven.ru/;50156
http://lucianne.com/;50319
https://www.letter110.net/;51309
http://www.gukjenews.com/;52006
https://revisionmaths.com/;54141
https://www.linguee.nl/;56429
http://www.livepeople.fr/;59181
http://nyaasokuvip.net/;61168
http://www.ota-suke.jp/;61472
http://www.siminilbo.co.kr/;62886
https://www.gmx.co.uk/;64388
http://www.tubetamil.com/;64816
http://www.fimes.gr/;65442
https://www.linguee.pl/;66295
http://www.stockgumshoe.com/;69903
http://www.giorgiotave.it/;70493
http://breaknews.com/;76516
https://www.algerie360.com/;77104
http://www.svet.rs/;78574
http://www.freeminesweeper.org/welcome.php;80192
https://www.netflu.com.br/;80780
http://www.afrizap.com/;83713
http://nomellamesfriki.com/;84334
https://www.meteoindiretta.it/;87181
https://revisionworld.com/;91175
https://www.pricearea.com/;94933
https://anrufer.info/;98277
https://thefuntimesguide.com/;104259
https://hihikal.ru/;115746
https://gancxadebebi.ge/;119100
http://batzbatz.ru/en/;122259
https://www.empregasaojosecampos.com/;124378
https://www.quotidianodelsud.it/;126700
http://justcoolidea.ru/;127169
https://www.cjoint.com/;128493
http://newslounge.net/;131302
http://ittrend.ru/;138775
http://braindamaged.fr/;145515
https://www.linguee.hu/;150254
http://www.sportsq.co.kr/;150506
http://comefare.com/;152476
http://njoftime.com/;152558
https://apple-geeks.com/;165665
http://arupakahaha.com/;165724
http://www.e-marchespublics.com/;173901
http://snocap.ru/;174361
http://madstef.com/;174490
https://www.meteo.bzh/;177337
http://www.prajasakti.com/;178155
https://www.lecalendrier.fr/;184431
http://jornaldotempo.uol.com.br/;187135
http://niarela.net/;193337
http://www.naijahotjobs.com/;196502
https://koopplein.nl/nederland;200398
https://www.fiorentinanews.com/;203025
https://phpschool.com/;203701
https://2link.be/;205749
http://www.net1901.org/;206037
http://www.diariopernambucano.com.br/;206608
https://www.linguee.cz/;208746
https://www.linguee.pe/;211352
https://www.druginfo.co.kr/index.aspx;211663
https://www.lenouvelliste.ch/;214759
http://experts-univers.com/;214782
http://tuttoannunci.org/;221680
http://www.folhapolitica.org/;222869
http://www.very-utile.com/;227206
https://www.echantillonsclub.com/;229706
https://www.linguee.mx/;231305
http://www.helsinkitimes.fi/;239511
https://www.beritateknologi.com/;240992
http://www.lec.co.kr/;248603
http://scandal.rs/;262028
https://www.anakui.com/;265811
http://bg-astrology.net/;268598
http://trovilavoro.it/;269158
http://www.insidefutbol.com/;274566
http://www.politicanarede.com/;277092
http://www.le-convertisseur.com/;279775
http://www.pageshalal.fr/index.php;280173
http://www.dici.fr/;287428
http://www.rescue-forum.com/;287721
https://www.linguee.gr/;293126
http://starmagazin.rs/;294211
http://www.clubaffiliation.com/;298310
https://bilgorajska.pl/;306495
http://www.elblogalternativo.com/;314953
https://www.aktionsfinder.at/;315182
https://revisionscience.com/;316612
https://www.linguee.se/;324751
https://www.arcinfo.ch/;327177
http://www.footballist.co.kr/;340132
http://torpeda.cz/;345834
http://qqovd.com/;350662
http://mytrainticket.co.uk/;357460
http://www.stratozor.com/;369215
http://www.vipad.fr/;369371
http://jeuxvideomobile.com/;395485
http://local.fr/;404712
http://www.radarmobilenouvellegeneration.com/;408639
http://info-stades.fr/;410745
https://www.papik.net/;412392
https://howkenya.com/;413982
https://fashionworkie.com/;415896
http://tvnt.net/;426622
http://www.zoolabo.com/;434218
http://repubbblica.it/;438786
http://www.siniscolanotizie.net/;438993
http://crazeforgames.com/;450055
http://www.fs2000.org/;476281
http://www.dico-rimes.com/;482815
https://www.citations-francaises.fr/;496968
http://www.galaxynote.fr/;514760
http://www.guide-vitamines.org/;515112
http://petit-patrimoine.com/;518911
http://www.conservativefreepress.com/;528144
http://textesms.fr/;537357
http://botapress.info/;548125
http://www.aiutamici.com/;558373
http://www.fondinotizie.net/;561944
http://m9v.com/;564402
http://www.nonsoloparole.com/;565370
http://worldportsource.com/;570918
https://www.linguee.co/;588237
https://www.linguee.com.ar/;594687
https://fitseven.net/;596209
http://www.online-games-zone.com/;606472
https://www.1001eda.com/;607254
http://www.whatprice.co.uk/;614052
http://astro-logica.com/;617287
http://peoplehope.com/;620237
http://unfilteredpatriot.com/;630538
https://sinonimos.org/;641053
http://kigonjiro.com/;652906
https://www.linguee.cl/;657381
http://www.resultadosmegasena.com.br/;659415
http://tohotweb.com/;672368
http://napmon.com/;708633
https://planificacionmedios.com/;755111
http://www.hanimlarindunyasi.com/;785266
http://www.buguzelsozler.net/;792808
https://www.diafestivo.es/;811119
http://montondemierda.com/;816307
http://ocioengalicia.com/;816883
http://www.weightlossforall.com/;832490
http://www.4-liga.com/;855978
http://rezim.eu/;873555
http://walkit.com/;905050
http://www.fluxlings.com/;918615
http://www.freesonic.org/welcome.php;957822
http://highwayconditions.com/;960349
http://blogdamimis.com.br/;987234
http://jogostempo.com/;994290
http://likestotal.com/;1022778
http://skuff.no/;1052548
http://www.defouland.com/;1059031
http://flirt.com.kz/;1147162
http://kostenscout.de/;1154769
http://www.motorwayservices.info/;1159551
http://www.3-liga.com/;1188610
http://maisreceita.com/;1225782
http://www.19h59.com/;1233134
http://www.jeux-de-mario.com/;1250499
http://3000.co.uk/;1257060
http://www.itsrugby.fr/;1299252
http://www.sportquick.com/;1301533
http://www.pricebay.org/;1358059
http://barbe.lt/;1419697
http://www.altomolise.net/;1430743
http://fitseven.fr/;1439998
http://topera.es/;1449926
http://snappypixels.com/;1481371
http://ozvisa.com/;1517536
https://www.jobs4.co.uk/;1519744
http://www.imuimui.com/;1548991
http://teleachat.fr/;1552026
http://www.classificadosagora.com.br/;1553521
http://idatedaily.com/;1559550
http://www.anutricionista.com/;1563804
http://www.gif-anime.org/;1573536
http://allretail.ua/;1578218
http://www.nezamandikilir.com/;1600408
http://gerelateerd.nl/;1619479
http://www.monkspirit.com/;1627679
http://www.jeux-gratuit.com/;1630376
https://konatoki.com/;1660307
http://www.nayakhabar.com/;1681827
http://www.ilmarghine.net/;1699695
https://www.mesastuces.fr/;1719662
http://www.disegnidacolorareperadulti.it/;1731848
http://solofondosdepantalla.net/;1754237
https://www.thechristianmail.com/;1760188
http://www.dico-definitions.com/;1800006
http://tuononews.it/;1801434
http://alfoo.org/;1801667
https://ngs54.ru/;1837592
http://munakuso.com/;1837857
http://dictionnaire-sms.com/;1849406
http://comocuando.es/;1890405
https://www.legranddebatdufoot.com/;1911681
http://www.nombres-animados.net/;1939262
http://www.ewdata.in/gundam_stop.tripod.com;1952141
https://raidonline.ro/;1993434
http://krozmotion.fr/;2004389
http://www.leszoosdanslemonde.com/;2064575
http://www.allmyfaves.ca/;2064896
http://medwonders.com/;2091916
http://www.2normal.com/dampfkraft.com;2098847
http://www.jeuxmariogratuits.fr/;2124123
http://www.first-channel.tv/;2146124
http://www.dolciricette.org/;2156130
http://www.whenandhow.com/;2181998
http://www.sesei.it/;2262563
http://www.buzztag.fr/;2314970
http://www.tenisportal.si/;2398921
https://tgiblackfriday.com/;2437554
http://www.motofoto.es/;2439229
http://axtaran.com/;2541864
http://jumbocyprus.com/;2590455
http://www.babynameslog.com/;2622474
http://www.macartevirtuelle.fr/;2640242
https://topyardsalefinds.com/;2641818
http://www.dico-anagrammes.com/;2646892
http://www.politizado.com.br/;2683519
http://makedonskatelevizija.blogspot.com/;2730399
http://kooky.jp/;2733786
http://receitasmagnificas.net/;2758104
http://lokalnabiznes.pl/;2798518
https://startingchain.com/;2823143
http://zlabia.com/;2829102
http://www.videogiochiamo.it/;2845643
http://trabajo.com.do/;2868775
https://petites-z-annonces-maurice.com/;2888272
http://www.klavuzkarga.com/;2938866
http://www.guidavalencia.com/;2956780
http://les-encyclopedies.com/;2967704
http://www.monstercoingame.com/;2975103
http://fajnecv.pl/;2983449
http://www.funkypool.com/;3039621
http://www.singlesleipzig.de/;3059202
http://myfinancialcoach.ph/;3076713
http://www.actucity.com/;3116942
https://www.akptech.com/;3121522
http://sportnews-aktuell.de/;3134293
http://www.trenditude.fr/;3140775
http://www.estimatedwebsite.co.uk/gamerabaenre.com;3161415
http://www.tokyoguide.net/;3188863
http://www.termolinotizie.net/;3200509
http://www.geburtstagswuensche-24.com/;3203368
http://www.lancianonews.net/;3277452
http://www.mehach-magazine.com/;3284278
http://www.estimatedwebsite.in/awn.com;3294179
http://www.tonyassante.com/;3324701
http://g-shockzone.com/;3357875
http://action-emploi.net/;3366567
https://www.trovomoto.net/;3388422
http://attitudetravel.mobi/;3464738
http://www.regarder-tv.com/;3486359
http://curse.jp/;3489339
http://nives.es/;3503439
https://mondointasca.it/;3504992
http://www.allmyfaves.co.in/;3515469
https://ibtida2i.blogspot.com/;3529715
https://veux-veux-pas.be/;3575248
http://www.ewsite.it/dragongal.rubberslug.com;3603690
https://ayacchi.com/;3648131
http://cliquefarmateste.com.br/;3667606
http://www.cuisinetoo.com/;3668621
http://moviesaddicts.com/;3671692
http://www.funkysnooker.com/;3677782
https://kiwads.co.nz/;3696349
http://www.ultimissima.it/;3713066
http://fushigimako.com/;3747741
https://kutsubaka.com/;3757822
http://www.irrij.com/;3811283
http://www.abum.com/;3818233
http://tuberculose-info.fr/;3838294
http://www.collinedoro.net/;3922036
http://netogoshi.com/;3947350
http://appnews.it/;3954365
http://www.jeux-flash-gratuit.com/;3954378
http://spog.dk/;3958336
http://cirrhose.info/;3964406
http://forum-ouvert.com/;3965144
http://www.dico-proverbes.com/;3965351
http://lymphocytes.fr/;3976347
http://srbijaoglasi.net/;4019554
http://botapress.net/;4032517
http://www.mesjeux2012.com/;4100007
http://thezoozoom.com/;4206537
http://www.annuaire-boutique-ecommerce.com/;4263941
https://www.shinynewwant.com/;4285909
http://www.garagevoiture.com/;4306560
https://veux-veux-pas.fr/;4312166
http://codes-france.com/;4394698
http://www.metrolondres.es/;4424421
http://www.en1heure.com/;4455622
http://whirpool.it/;4501273
http://www.estimatedwebsite.de/nnanime.com;4542930
http://doncova.fr/;4544447
https://estimation-secretstory.fr/;4630816
http://www.restoenfrance.com/;4657505
http://hepatiteb.info/;4688865
https://www.nlto.fr/;4696634
http://1001newsgroups.com/;4737267
https://petites-z-annonces-reunion.re/;4741178
http://www.meteo-astrale.com/;4749113
http://campingearth.com/;4752943
http://en.zdico.com/;4830902
http://bilirubine.fr/;4841403
http://www.notizieshock.net/;4858306
http://porterplainte.info/;4876524
http://motorganga.com/;4897570
http://transaminases.fr/;4959700
http://fbg.nl/;5011799
http://www.123ik.nl/;5058683
http://www.ghumi.id/;5088147
http://www.znsoft.fr/;5109678
http://cnparenting.com/;5125659
http://www.iltrigno.net/;5146607
https://skelbimai-visiems.lt/;5278198
http://www.estimatedwebsite.es/ultimaslair.tripod.com;5330224
http://www.recette-1.com/;5335504
https://pickupsandbeer.com/;5372154
http://rgcompany.ru/;5417453
http://tutoscript.com/;5425757
http://www.jeuxn1.com/;5438007
https://onepiece-forum.com/;5454473
http://www.arezzooggi.net/;5459994
http://www.apprendreleroller.com/;5476109
http://wootopia.kr/s/funfun/;5500491
http://gosiwonstory.com/;5522190
http://www.dico-dictons.com/;5557723
http://www.ewsite.com.mx/gamerabaenre.com;5614937
http://groupesanguin.fr/;5664002
https://iroaru.com/;5724329
http://www.programmes-cinema.com/;5765537
http://www.loofok.com/;5770074
https://my-classifieds.sg/;5811995
http://www.jeux-de-motos.com/;5829067
https://www.carnetsdeleconomie.fr/;5832145
http://noel-alsace.fr/;5850268
http://www.torta-al-cioccolato.it/;5914315
http://www.incantisuweb.com/;5914878
http://www.parquesdisney.info/;5938236
http://leucocytes.fr/;6107944
http://itsforeal.com/;6123794
http://www.guardiagreleweb.net/;6129901
http://commentperdredupoidrapidementetfacilement.com/;6189324
https://www.pasticceriadelcorso.it/;6222149
http://www.forumautori.com/;6241305
http://www.meilogunotizie.net/;6343176
http://quotes4status.com/;6361014
http://alarmcheck.nl/;6393995
http://nextonedomains.com/;6519166
https://www.linguee.co.uk/;6593549
http://www.terracinanotizie.net/;6640279
http://sdr.im/;6645997
http://www.textou.com/;6733942
http://www.ilcamicebianco.com/;6771315
http://tamesure.com/;6848532
http://entorse.info/;6878132
http://gcc-bagus.jp/;7087770
http://www.zen-world.net/;7121176
http://ukvisa.com/;7286565
http://nemo.co.kr/;7288125
http://coqueluche.info/;7297631
https://www.enderi.fr/;7318362
http://www.millionaer-und-mehr.de/;7346805
http://regimesansgluten.info/;7407083
https://daylit.com/;7438777
http://cholesterolhdl.fr/;7475854
http://www-elmundo.es/;7479277
http://maison-et-ameublement.com/;7594332
http://creatinine.eu/;7644168
http://ibuprofene.info/;7709020
https://www.planetfem.co.uk/;7814282
http://www.dizculnews.co.kr/;7840657
http://www.gelattitude.com/;7888534
http://abdos.info/;7943866
http://gemetablog.com/en;7961298
http://webdiscount.fr/;8023545
http://www.gaybearfinder.com/;8150189
http://regimehypocalorique.fr/;8155215
http://www.communitycoupondeals.com/;8248168
http://horsetrackracing.com/;8260287
http://comment-soulager-mal-de-dos-et-reins.com/;8287792
http://vitessedesedimentation.com/;8308036
http://boredtown.com/;8321701
http://hernieinguinale.com/;8352760
https://www.meteo-a-paris.fr/;8367829
http://www.allmyfaves.de/;8462391
https://marchinggeek.com/;8534451
http://fibrome.net/;8641669
http://www.ewsite.se/yorku.ca;8685904
http://saidadz.com/Saida-Algerie.php;8712704
http://wakineo.com/;8753514
http://kstars.kr/;8927939
http://appendicite.info/;8946383
http://2701845.ru/;8992514
http://www.foot-rss.fr/;9049461
http://www.funmob.com/;9085436
http://mediaet.it/;9100085
http://maldegorge.net/;9213463
http://www.pronorugby.fr/;9246651
http://regimegroupesanguin.fr/;9285648
http://www.lajmroo.com/;9331775
https://www.combiengagne.net/;9384321
http://ventreplat.net/;9490204
http://wwwairindia.in/;9496493
http://www.r2gime.com/;9520276
http://1star.fr/;9535570
http://www.ewsite.be/digitalmediafx.com;9638739
http://www.maboutique.com/;9659572
http://www.boxofficecine.fr/;9676764
http://premiobioarchitetturacentristorici.it/;9714183
http://puhia.com/;9718795
http://calculovulation.eu/;9757057
http://medecines-naturelles.com/;9787475
http://www.dorgaligonone.net/;9814667
http://www.deutscher-warndienst.de/;9831999
http://www.ewsite.dk/perpetualfire.com;9887617
https://celebritybuzzer.org/;9901259
http://erection-impuissance.com/;9933349
https://ruedufootball.com/;9938469
http://www.toyamaguide.net/;9965815
http://pneumopathie.info/;10002511
http://urticaire.net/;10023507
http://objetdujour.com/;10050858
http://www.blijf-positief.com/;10051121
http://calculimc.info/;10101142
https://guiajoias.com/;10160873
http://mycrosswords.com/;10213329
http://astuces-grand-mere.fr/;10226391
http://kookbi.com/;10227562
http://varicelle-info.fr/;10360685
http://www.aichiguide.net/;10390359
http://www.abccouvertures.com/;10414211
http://regime1.fr/;10576852
http://www.naganoguide.net/;10629808
http://turkishcuisine.nl/;10677041
http://www.hvnieuws.nl/;10682195
http://astigmate.org/;10721735
http://aabg.ru/;10735147
http://francais-qc.com/;10748771
http://www.quozzy.fr/;10836473
http://www.cadeaux-perso.com/;10926066
http://torticolis.net/;11146859
http://www.cellulare.it/;11193967
http://videoclassifica.it/;11235499
http://spasmophilie.org/;11245088
http://onlineflashgames.net/;11303315
http://regimemiami.info/;11412483
http://hepatitea.org/;11463765
http://www.allo-coiffeur.fr/;11523180
http://nives.co.uk/;11526899
http://www.chietinotizie.net/;11538684
http://pharyngite-info.com/;11574599
http://grandicitta.com/;11603629
http://tkomg.net/;11718940
http://kyste.info/;11748373
http://sellla.it/;11875917
http://www.allmyfaves.com.br/;11942720
http://embolie-pulmonaire.com/;12009687
http://levurederizrouge.org/;12009870
http://maliciaflore.com/;12160854
http://anneaugastrique.info/;12199212
http://www.dogsitter.fr/;12211327
http://funnyzebra.com/;12218343
http://ictere.info/;12307684
http://www.starwars-gamers.com/;12438847
http://coiffure-cheveux.fr/;12468933
http://leszoosdanslemonde.eu/;12484508
http://oligoelements.net/;12558688
https://www.prestitook.it/;12659239
http://home70.com/;12668780
http://acideurique.net/;12733798
http://0lf.ru/;12877631
https://veux-veux-pas.com/;13015588
http://regarde-la-suite.com/;13056021
http://www.radars-troncons.fr/;13118643
http://www.chibaguide.net/;13199069
http://acidefolique.net/;13306479
https://leatherson.com/;13308089
http://www.argentoantico.com/;13416928
http://schul-forum.de/;13421037
http://www.bovisiomasciagonews.net/;13457661
http://www.valsangro.net/;13459047
http://b0ooking.com/;13529330
http://www.recuperocreditiroma.net/;13559585
http://adbox.fr/;13595040
http://topviaggi.it/;13596875
http://wwweuroffice.it/;13597109
http://wwwcarabinieri.it/;13674281
http://millepertuis.eu/;13802704
http://sesto-fiorentino.it/;13831971
http://wwweasyjet.it/;13832580
http://www.boire1coup.com/;13937979
http://pxwords.com/;13944112
http://brandget.com/;14098195
http://les-regimes.net/;14158107
http://www.ewsite.pl/shotani.www2.50megs.com;14188091
http://www.wwwvoyageprive.it/;14224754
http://wwwya.es/;14261270
http://madeinnews.com/;14299154
http://4ai.it/;14333637
http://alledune.it/;14333838
http://esistema.it/;14335259
http://3000.es/;14353920
https://elitecamsagency.com/;14357078
http://herniehiatale.info/;14376665
http://orgelet.info/;14399512
http://polyarthrite.eu/;14422171
http://coursedecote.net/;14438468
http://www.arredamentoambienti.com/;14489538
http://trentinoonline.it/;14495155
http://phlebite.info/;14516666
http://www.niigataguide.net/;14612450
http://blogduvillage.com/;14627660
http://comparaison.com/;14636712
http://www.kpopwith.com/;14716129
http://www.liulan17.com/;14800300
http://www.kyotoguide.info/;14801965
http://www.kanagawaguide.net/;14834727
http://www.miyazakiguide.net/;14897141
http://www.hiroshimaguide.net/;14931073
http://www.decio.com.br/;14945791
http://antiinflammatoire.org/;14950394
http://www.misschipie.com/;14999206
http://www.assanteviaggi.com/;15025027
http://mytrainticket.com/;15137315
http://wwwmediaset.it/;15165257
http://maigrir-rapidement.org/;15195690
http://www.osakaguide.net/;15362709
http://jeuxdhabillage.org/;15364321
http://www.yamanashiguide.net/;15414108
http://listiclenews.com/;15557017
http://gastro-enterite.org/;15558981
http://aqua-europe.org/;15564809
http://www.incucinaconamore.com/;15584381
http://republicca.it/;15628120
http://ansan.it/;15637768
http://www.bandiere-dintorni.net/;15658789
http://www.saitamaguide.net/;15726355
http://www.estimatedwebsite.nl/uranime.nekomusume.net;16001427
http://www.classementchampionnat.com/;16188892
http://www.akitaguide.net/;16259714
http://www.pedircomida.com/;16442249
http://kariyerdanisma.com/;16519529
http://www.hokkaido-guide.net/;16560990
http://www.alles4free.nl/;16605720
http://aabk.ru/;16637110
http://www.dictionaryquotes.com/;16682804
http://ctfc.net/;16693093
http://vitamineb12.fr/;16698765
http://www.onvoorstelbaar.net/;16786843
https://www.prankies.com/;16830541
http://machi-sound.com/;16903399
http://cyprus-jumbo.com/;17042546
http://regimesoupeauxchoux.fr/;17119375
https://hackingplayground.com/;17715745
http://arredamentoambienti.it/;17743741
http://www.allmyfaves.ru/;17865416
http://escarre.eu/;17894019
http://openbabynames.com/;17919688
http://www.playfin.com/;17932747
http://www.belmasry.com/;17960175
http://rhume.eu/;18034685
https://thereadersnook.com/;18117459
http://faxberoepengids.nl/;18134291
http://hotel-bella-muerte.net/;18253003
http://gestionepaginefacebook.it/;18266674
http://www.1april.net/;18273392
http://www.yuhbee.com/;18285195
http://renandjoncrafts.win/;18371021
http://www.soccer-shirts.eu/;18622347
http://alaculotte.com/;18641304
http://candidati.ch/;18743341
http://conjonctivite.net/;18993718
http://albumine.info/;19004949
http://okvacanze.it/;19040483
http://www.laboutiquedenanie.com/;19161447
http://recetakis.com/;19247717
http://convertisseur-devises.com/;19370064
http://leoncavallo.it/;19422413
https://www.sinterklaas-informatie.nl/;19520104
https://www.lesblogsdeplon.fr/;19641559
http://www.martacodorniu.com/;19684251
http://cyprusjumbo.com/;19699326
http://vaincre-stress.com/;19779281
http://uborka-bel.ru/;19793366
https://uranai-yume.com/;20356335
http://pressnewscenter.com/;20544106
http://www.mrgames.org/;20894375
http://dvd-rent.it/;21070633
http://sportiva-italia.nl/forum/;21107406
http://www.iserniaoggi.net/;21134874
http://grossifalli.it/;21457089
http://tendinite.eu/;21708498
http://testpublisher001.com/;22311254
http://wwwabc.es/;22701169
http://filemeldingen.be/;22768658
http://rugbyest.com/;22854763
http://www.cagliariquotidiano.net/;23440077
http://jeuxflashfr.com/;23568199
http://achat-gps.com/;23655017
http://www.fenayazarim.com/;23772699
http://www.resultadosmegasena.com/loterias;23775289
http://acide-hyaluronique.org/;25104948
http://giac2002.org/;25841175
http://badem.ru/;26242243
http://jptmail.com/;26635250
http://justherfood.com/;26865871
http://perdreduventre.info/;27111129
http://ru-leonbets.ru/;29267139
http://www.weihnachten-und-sprueche.de/;>30M
http://dropant.com/en/;>30M
http://www.robotcoingame.com/;>30M
http://eshizuoka.jp/;>30M
https://funday24.ru/;>30M
http://www.correiodopoder.com/;>30M
http://promonautes.com/;>30M
http://pagego.ru/;>30M
http://xpock.com.br/;>30M
https://netyougo.com/;>30M
http://www.planetepsg.com/;>30M
http://www.yukihy.com/;>30M
http://polemi.co.uk/;>30M
http://www.liensutiles.fr/;>30M
http://www.jogosimpossiveis.com.br/;>30M
http://zzstory.net/;>30M
http://www.mayonaka-navi.info/;>30M
http://www.gazetasocial.com/;>30M
https://www.kaufsonntag.de/;>30M
https://runblogger.com/;>30M
http://www.cours-guitare.net/;>30M
http://tabloidebr.com.br/;>30M
http://www.amiopari.com/;>30M
http://schriftarten-fonts.de/;>30M
http://www.buscacnpj.com.br/;>30M
https://www.calendariobr.com.br/;>30M
http://www.f24.com.br/;>30M
http://couponinsanity.com/;>30M
http://libro-s.com/;>30M
http://zieer.nl/;>30M
http://info24.fr/;>30M
http://preise-365.de/;>30M
http://www.ortuluyum.com/;>30M
https://www.castorus.com/;>30M
http://www.letrasindie.com/;>30M
http://www.videosvirais.com.br/;>30M
http://www.weekendgardener.net/;>30M
http://ismailiaonline.com/;>30M
http://idnnetwork.com/;>30M
http://jesuiscultive.com/;>30M
http://lkcn.net/;>30M
http://frasesdeamorsms.com.br/;>30M
http://www.pariskop.fr/;>30M
http://www.freeinvaders.org/welcome.php;>30M
http://www.pixule.com/;>30M
http://singles-leipzig.de/;>30M
https://www.argusjeux.fr/;>30M
http://dictionnaire-synonymes.com/;>30M
http://www.loomlove.com/;>30M
http://www.deals.com.pk/;>30M
http://www.gens.info/italia/;>30M
http://www.lyricis.fr/;>30M
http://www.orlandofurioso.com/;>30M
https://www.cartograf.fr/index.php;>30M
http://www.la-ponctuation.com/;>30M
http://1arte.com/;>30M
http://recipeforest.com/;>30M
https://www.alblasserdamsnieuws.nl/;>30M
https://www.ustreamingtv.com/;>30M
http://www.secretsalons.com/;>30M
http://www.farmaciemedici.it/;>30M
http://123malayalee.com/;>30M
http://www.mispueblos.es/;>30M
http://e-marchespublics.fr/;>30M
https://www.planetfem.com/;>30M
http://www.gedicht-und-spruch.at/;>30M
http://www.humorbabaca.com/;>30M
http://www.code-qr.net/;>30M
https://www.marchofhistory.com/;>30M
http://aziendeonline.info/;>30M
http://www.motorsinside.com/;>30M
http://www.jestime.com/;>30M
http://www.grossetooggi.net/;>30M
http://www.contrattoaffitto.com/;>30M
http://www.blizzspirit.com/;>30M
http://www.pescaranews.net/;>30M
http://assicuroweb.it/;>30M
http://regime-thonon.com/;>30M
http://www.fuseau-horaire.com/;>30M
http://wiredarcade.com/;>30M
http://mondointasca.org/;>30M
http://www.folhadopovo.com/;>30M
http://www.guide-phytosante.org/;>30M
http://fobiazine.net/;>30M
http://www.gwnews.org/;>30M
http://ukimmigration.com/;>30M
https://www.camperonsale.it/index.asp;>30M
http://mysteries24.com/;>30M
http://pastpapers.org/;>30M
http://www.allmyfaves.co.uk/;>30M
http://www.vintageandchiclove.com/;>30M
http://www.patatefritte.info/;>30M
http://www.radar-feu.com/;>30M
http://articuler.com/;>30M
http://www.estimatedwebsite.fr/bumac.org;>30M
https://www.cinefilo.es/;>30M
http://www.wetterleitstelle.de/;>30M
http://www.itsrugby.co.uk/;>30M
http://discussio.ru/;>30M
https://www.carnetsdubusiness.com/;>30M
http://www.chatlesbianas.net/;>30M
http://www.quad-forum.eu/forum.php;>30M
http://www.ewsite.ch/ecujapan.org;>30M
http://www.withanaccent.com/;>30M
http://www.dico-poesie.com/;>30M
http://www.guide-prenoms.com/;>30M
http://lesudokugratuit.com/fr/;>30M
https://www.autoo.com.br/;>30M
http://trafic-routier.com/;>30M
http://wwwciao.it/;>30M
http://dlp.jp/;>30M
http://jumbo-cyprus.com/;>30M
http://xn--80aaibkkhb3apmyc1ap6gtb3d.xn--p1ai/;>30M
http://mybog.it/;>30M
http://abbecedario.it/;>30M
http://regime-rapide.info/;>30M
http://xn--d1ahsgjddve8czb.xn--p1ai/;>30M
http://cruralgie.fr/;>30M
http://milanofabbro.it/;>30M
http://richard-elise.com/;>30M
http://www.fukuiguide.net/;>30M
http://wwwlogitravel.it/;>30M
http://deumidificazioniroma.it/;>30M
http://mrviaggi.it/;>30M
http://o-lubvi.ru/;>30M
http://1001portails.net/;>30M
http://majorelle.ru/;>30M
http://youme.ro/;>30M
http://dokter.info/;>30M
http://leguideduvoyage.com/;>30M
http://cancellimilano.it/;>30M
http://rescue-forum.fr/;>30M
http://buscamob.net/;>30M
http://www.nhsdentist.org/;>30M
http://wwwvivastreet.it/;>30M
http://tantiauguriate.it/;>30M
http://www.esaurimentonervoso.it/;>30M
http://wwwbcn.es/;>30M
http://beppe-grillo.it/;>30M
http://wwwmilan.it/;>30M
http://www.nhsdentists.net/;>30M
http://astiwine.it/;>30M
http://itisnotpossible.com/;>30M
http://rnai.it/;>30M
http://www.paradise-dogs.com/;>30M
http://nextoneserver.com/;>30M
http://3mail.it/;>30M
http://sadayacco.net/;>30M
http://aabd.ru/;>30M
http://schul-support.de/;>30M
http://football-chaussures.com/;>30M
http://rescue-forum.net/;>30M
http://www.nagasakiguide.net/;>30M
http://epistassi.it/;>30M
http://drukker.net/;>30M
http://wwwagenziaentrate.it/;>30M
http://posaparquetmilano.it/;>30M
http://culodritto.it/;>30M
http://1001portails.org/;>30M
http://ferrariblog.it/;>30M
http://girlsukraine.com/;>30M
http://sparto.it/;>30M
http://pavimentiprezzi.it/;>30M
http://wwwklm.it/;>30M
http://gazoushori.info/;>30M
http://bedsinflorence.it/;>30M
http://wwwunita.it/;>30M
http://commentgrossir.info/;>30M
http://fuchu21.net/;>30M
http://rushanka.com/;>30M
http://yutaiken.info/;>30M
http://info-jobs.net/;>30M
http://vetements-mode.com/;>30M
http://zawavideo.com/;>30M
http://docofan.com/;>30M
http://testpublisher006.com/;>30M
http://nicehotel.it/;>30M
http://www.mieguide.net/;>30M
https://gazetaonline.eu/;>30M
http://yohman.info/modules/wordpress/;>30M
http://www.10000000yen.info/;>30M
http://officemotohashi.com/;>30M
http://lover.it/;>30M
http://www-tripadvisor.it/;>30M
http://totopweb.com/;>30M
http://wwwpathe.nl/;>30M
http://tekkyo.info/;>30M
http://wwwamericanairlines.it/;>30M
http://www.croquettes-chien.com/;>30M
http://aabj.ru/;>30M
http://xn--h1apbfcddv6f.xn--p1ai/;>30M
http://campingitaliani.it/;>30M
http://rescue-forum.info/;>30M
http://minbir.com/;>30M
http://www.unecitation.com/;>30M
http://znakomlus.com/;>30M
http://torguem.kz/;>30M
http://hotelbretagna.it/;>30M
http://1001portails.info/;>30M
http://ircns.org/;>30M
http://www.tottoriguide.net/;>30M
http://lhpartenariat.fr/;>30M
http://palina.it/;>30M
https://www.leveilofficielles.com/;>30M
http://webreportage.it/;>30M
http://quotesandrecipes.com/;>30M
http://www.yohman.fr/modules/wordpress/;>30M
http://classmates24.kz/;>30M
http://4rai.it/;>30M
http://phototimes.org/n_news/main/index.html;>30M
http://trasferisci.it/;>30M
http://wwwsaldiprivati.it/;>30M
http://witring.com/;>30M
http://hp9.it/;>30M
http://archdesign.jp/;>30M
http://petitionsenligne.fr/;>30M
http://hepatitec.eu/;>30M
http://accc.jp/;>30M
http://4-liga.de/;>30M
http://testpublisher008.com/;>30M
http://securitydev.net/;>30M
http://anesa.it/;>30M
http://wwwgovolo.it/;>30M
http://wwwcenterparcs.fr/;>30M
http://watabataw.com/;>30M
http://wwwhtml.it/;>30M
http://artsixmic.org/;>30M
http://www.oitaguide.net/;>30M
http://kerstverlichting.info/;>30M
http://www.skykankou.com/;>30M
http://iltrovaricette.it/;>30M
http://daitingru.ru/;>30M
http://prezziparquet.it/;>30M
http://androidapp.it/;>30M
http://aiaiyi.net/;>30M
http://campodimarte.it/;>30M
http://www.ansaz.it/;>30M
http://cellularemania.it/;>30M
http://easyjett.it/;>30M
http://caminettimilano.it/;>30M
http://e-do.it/;>30M
http://autospurghimilano.it/;>30M
http://webhostdir.it/;>30M
http://rescue-forum.org/;>30M
http://designerweb.it/;>30M
http://www.affitta-camere.net/;>30M
https://www.cabaneltp.com/;>30M
https://www.lesjardinsdeclaudealain.com/;>30M
http://gcse.info/;>30M
http://wwwacmilan.it/;>30M
http://piazzabeccaria.it/;>30M
http://accessoires-portables.org/;>30M
http://santaemma.it/;>30M
http://etatdesroutes.com/;>30M
http://soshinkai.com/;>30M
http://wwwtwitter.it/;>30M
http://testpublisher004.com/;>30M
http://antincendiomilano.it/;>30M
http://hotelsimona.it/;>30M
http://bookscq.com/;>30M
http://hotelfontane.it/;>30M
http://tikm.it/;>30M
http://languageschool.it/;>30M
http://www.zafers.com/;>30M
http://batteriologia.it/;>30M
http://booksshop.it/;>30M
http://massisquillace.com/;>30M
http://ohnonaoshi.com/;>30M
http://liberok.it/;>30M
http://e-bay.fr/;>30M
http://carburante.it/;>30M
http://anss.it/;>30M
http://kahei.net/;>30M
http://www.labastidane.com/;>30M
http://sallustio.it/;>30M
http://hokkaido-design.info/;>30M
http://friendlove.ru/;>30M
http://ispop.kr/;>30M
http://cubanet.it/;>30M
http://world-biken.com/;>30M
http://wwwcostacrociere.it/;>30M
http://elencofarmacie.it/;>30M
http://achats.org/;>30M
http://quicktel.it/;>30M
http://kokenji.com/;>30M
http://nuovetecniche.it/;>30M
http://kampile.net/;>30M
https://caled-annonces.com/;>30M
http://firenzecentro.it/;>30M
http://scintigraphie.info/;>30M
http://lasagrestia.it/;>30M
http://rougeole.net/;>30M
http://easyconfort.it/;>30M
http://havebreak.it/;>30M
http://www.okinawaguide.net/;>30M
http://www.naraguide.net/;>30M
http://sorapis.it/;>30M
http://hotellerici.it/;>30M
http://googlec.it/;>30M
http://boutique-objets-sexy.com/;>30M
http://hoteldannunzio.it/;>30M
http://wwwlarazon.es/;>30M
http://intonacimilano.it/;>30M
http://mysportrus.ru/;>30M
http://www-autoscout24.it/;>30M
http://iunian.it/;>30M
http://nanobacterium.it/;>30M
http://testpublisher007.com/;>30M
http://f-yume.com/;>30M
http://www.aiutaamici.com/;>30M
http://globaldomainlist.com/;>30M
http://goryashhieputevki.ru/;>30M
https://polype.fr/;>30M
http://gerelateerd.be/;>30M
http://prezziedilizia.it/;>30M
http://wwwinter.it/;>30M
http://ichsexy.com/;>30M
http://wwwamericanexpress.it/;>30M
http://gotowebs.com/;>30M
http://jonnydepp.it/;>30M
http://ristrutturazioni-edilizie.it/;>30M
http://lidodimetaponto.it/;>30M
http://trovilavoro.com/;>30M
http://l-plus.be/;>30M
http://www.www-bwin.it/;>30M
http://www.tochigiguide.net/;>30M
http://axpserver.com/;>30M
http://healthstore.it/;>30M
http://hotelmasaccio.it/;>30M
http://bronchite.eu/;>30M
http://asie-forum-voyage.com/;>30M
http://www.wakayamaguide.net/;>30M
http://support-forum.de/;>30M
http://zubizuba.com/;>30M
http://portacomputer.it/;>30M
http://blaasjeskruid.nl/;>30M
http://www.evoucher.nl/;>30M
http://aliitalia.it/;>30M
http://campeggitaliani.it/;>30M
http://pavimentazioniroma.it/;>30M
http://wwwporsche.it/;>30M
http://offerteviaggisettembre.it/;>30M
http://ristrutturazione-edilizia.it/;>30M
http://b9ooking.com/;>30M
http://www.shigaguide.net/;>30M
https://www.mondocani.it/;>30M
http://autostrad.it/;>30M
http://www.0357718880.com/;>30M
http://wwwnostalgia.it/;>30M
http://wwwwired.it/;>30M
http://mybolg.it/;>30M
http://maplepuppets.net/;>30M
http://oedeme.org/;>30M
http://wwwrenault.it/;>30M
http://www.yamagataguide.net/;>30M
http://ristrutturazioniedilimilano.it/;>30M
http://coupefaim.info/;>30M
http://ortignano.it/;>30M
http://lovemelove.ru/;>30M
http://sangyoisan.info/;>30M
http://impiantitermicimilano.it/;>30M
http://www-ilsole24ore.it/;>30M
http://discopathie.org/;>30M
https://www.lyceerabelaismontpellier.com/;>30M
http://weblegend.it/;>30M
http://kando1.net/;>30M
http://maillot-football.eu/;>30M
http://alpav.it/;>30M
http://mercatone-uno.it/;>30M
http://mamba-online.ru/;>30M
http://www.proteinaute.com/;>30M
https://www.buzznick.com/;>30M
http://www.bsnewspaper.com/;>30M
http://taknagai.com/;>30M
http://lovehope.ru/;>30M
http://megahappy.ru/;>30M
http://benzodiazepine.it/;>30M
http://aerodinamica.it/;>30M
http://websterjapan.com/;>30M
http://xn--e1agcfcqg9ayao.xn--p1ai/;>30M
http://www.bulqiza.net/;>30M
http://offerteviaggiluglio.it/;>30M
http://5rai.it/;>30M
http://plazadetoros.it/;>30M
https://gazetabilgorajska.pl/;>30M
http://www.hyogoguide.net/;>30M
http://eaayjet.com/;>30M
http://www.sagaguide.net/;>30M
http://arteromana.it/;>30M
http://intermeeting.de/;>30M
http://diarrea.it/;>30M
http://milanoidraulico.it/;>30M
http://97a.net/;>30M
http://posa-piastrelle.it/;>30M
http://hotellorena.it/;>30M
http://buscalohuevon.com/;>30M
http://xn--c1adbl9ahnaj.xn--p1ai/;>30M
http://amassfreight.jp/;>30M
http://wwwe-bookers.com/;>30M
http://www.vittoriadaily.net/;>30M
http://nonsoloalberghi.it/;>30M
http://wwwryanair.it/;>30M
http://www.miyagiguide.net/;>30M
http://agenzia-entrate.it/;>30M
http://parapar.ru/;>30M
http://sudsoundsystem.it/;>30M
http://dotregister.it/;>30M
http://hotmoscow.com/;>30M
http://www.daily-tohoku.org/;>30M
http://fumisakai.com/;>30M
http://97a.it/;>30M
http://cibo.es/;>30M
http://wwwhuffingtonpost.it/;>30M
http://blogs4me.de/;>30M
http://hotelorcagna.it/;>30M
http://vosgesairsofteurs.com/;>30M
http://pageshallal.com/;>30M
http://wwwhuffingtonpost.fr/;>30M
http://impiantimilano.it/;>30M
http://www.flyvoyance.com/;>30M
https://gamestogold.com/;>30M
http://wwwmsn.ch/;>30M
http://lesudokugratuit.fr/fr/;>30M
http://www.aomoriguide.net/;>30M
http://maladiedelyme-info.com/;>30M
http://brusselairline.it/;>30M
http://comparadorweb.es/;>30M
http://www.kagoshimaguide.net/;>30M
http://www.iwateguide.net/;>30M
http://www.telecomaanbieders.nl/;>30M
http://h-dog.org/;>30M
http://warndienst.mobi/;>30M
http://girellando.it/;>30M
https://www.trplomberie.com/;>30M
http://termoidraulicamilano.it/;>30M
http://wwwsunrise.ch/;>30M
http://cpannel.net/;>30M
http://massa.nl/;>30M
http://zoostarclub.ru/;>30M
http://www.ishikawaguide.net/;>30M
http://1001portails.fr/;>30M
http://riviereitaliane.it/;>30M
http://testpublisher005.com/;>30M
http://sportnewsaktuell.de/;>30M
http://quickonlinerecipes.com/;>30M
http://ideefinance.com/;>30M
http://controsoffitticartongesso.it/;>30M
http://dearest.link/;>30M
https://funyes.ru/;>30M
http://usefulsearch.tk/;>30M
https://www.bank-holidays-uk.co.uk/;>30M
http://boutiqforme.fr/;>30M
http://girovagandoblog.it/;>30M
http://dating.kz/;>30M
http://alimentsrichesenfer.fr/;>30M
https://www.pharmacie-marseillan.fr/;>30M
http://incubatoreperungiorno.it/;>30M
http://plaatsnaam.info/;>30M
http://buzzosphere.net/;>30M
http://stress.yt/;>30M
http://www.italyfood.eu/;>30M
http://lov.lc/;>30M
http://secretshow.biz/;>30M
http://quickhotelbook.com/;>30M
http://trendscatchers.com/;>30M
http://www.echantillon-gratuit.eu/;>30M
http://irktelegram.ru/;>30M
https://news6fun.ru/;>30M
https://newsjoy.ru/;>30M
http://rugoto.ru/;>30M
http://kakaku.sale/;>30M
https://www.linguee.dk/;>30M
https://psoriasis-info.eu/;>30M
http://scarlatine-info.fr/;>30M
http://cecinaonline.it/;>30M
http://albergoantonella.it/;>30M
http://bolognaconcerti.it/;>30M
http://centricommercialifirenze.it/;>30M
http://hotelsfiesole.it/;>30M
http://hotelmiriana.it/;>30M
http://firenzeconcerti.it/;>30M
http://parcovaldorcia.it/;>30M
http://montefiano.it/;>30M
http://passidicotone.it/;>30M
http://sandonatoincollina.it/;>30M
http://santalessandra.it/;>30M
http://sansilvano.it/;>30M
http://santabramo.it/;>30M
http://triaricoteam.it/;>30M
http://santacaterinadalessandria.it/;>30M
http://segretissime.it/;>30M
http://www.autocompravendita.it/;>30M
http://masserialeanzi.it/;>30M
http://toprecensioni.it/;>30M
http://shielded-everglades-71571.herokuapp.com/;>30M
http://blogs4me.ru/;>30M
http://wwwdrive-now.com/;>30M
http://www.aiutamici.it/;>30M
http://blog4smi.com/;>30M
http://lanascrubs.ru/;>30M
http://shuhuansy.com/;>30M
http://bg66.site/;>30M
http://bg56.site/;>30M
http://bg49.site/;>30M
http://ebooks.media/;>30M
https://www.sud-ravalement.fr/;>30M
http://serwan.org/;>30M
http://yumeasyrecipes.com/;>30M
https://www.coisadefamilia.com/;>30M
http://ahrecipes.com/;>30M
https://www.singlescadiz.es/;>30M
http://bg-aura.site/;>30M
http://www.hardcoregames.biz/;>30M
http://bgaura2.site/;>30M
http://astrobg.site/;>30M
http://bgaura3.site/;>30M
http://astro-bg.site/;>30M
http://bgaura.site/;>30M
http://bgaura1.site/;>30M
http://eatioo.com/;>30M
http://mobisport2.ru/;>30M
http://napmon.ru/;>30M
http://normatenn.ru/;>30M
http://bgaura4.site/;>30M
http://bg-aura7.site/;>30M
http://bg-aura5.site/;>30M
http://yogacongarcia.ru/;>30M
http://www.accountancy-jobsportal.co.uk/;>30M
http://www.admin-jobsportal.co.uk/;>30M
http://www.babyclothesforsale.co.uk/;>30M
http://www.contacts-number.co.uk/;>30M
http://www.driving-jobsportal.co.uk/;>30M
http://www.education-jobsportal.co.uk/;>30M
http://evenz.co.uk/;>30M
http://www.healthcare-jobsportal.co.uk/;>30M
http://www.it-jobsportal.co.uk/;>30M
http://www.liverpoolquicknews.co.uk/;>30M
http://www.mfg-jobsportal.co.uk/;>30M
http://newportbusinesscentre.co.uk/;>30M
http://nowtoys.co.uk/;>30M
http://www.retail-jobsportal.co.uk/;>30M
http://www.socialcare-jobsportal.co.uk/;>30M
http://www.thejobsportal.co.uk/;>30M
http://tiamsafari.co.uk/;>30M
http://www.warehouse-jobsportal.co.uk/;>30M
http://wwwairtransat.co.uk/;>30M
http://www-dell.co.uk/;>30M
http://wwwairnewzealand.co.uk/;>30M
http://wwwtwitter.co.uk/;>30M
https://advocaten.2link.be/;>30M
http://afslanken.2link.be/;>30M
http://airsoft-astuces.wikeo.be/;>30M
http://antwerpse-verhalen.2link.be/;>30M
http://artisanet.wikeo.be/;>30M
http://astrologie.2link.be/;>30M
http://astucesdofus.wikeo.be/;>30M
https://autovelgen.2link.be/;>30M
https://autoverkoop.2link.be/;>30M
https://badkamer.2link.be/;>30M
https://bali.2link.be/;>30M
https://bakkers.2link.be/;>30M
http://basisscholen.2link.be/;>30M
http://bed-breakfast.2link.be/;>30M
http://beelddenken.2link.be/;>30M
https://beleggingsfondsen.2link.be/;>30M
https://belgie.2link.be/;>30M
http://benidorm.jouwpagina.be/;>30M
https://berchem.2link.be/;>30M
https://beurs.2link.be/;>30M
http://bijverdienste.linkoverzicht.be/;>30M
https://bladmuziek.2link.be/;>30M
https://bloemschikken.2link.be/;>30M
http://botola.wikeo.be/;>30M
https://brandpreventie.2link.be/;>30M
https://bromfietsen.2link.be/;>30M
http://centerparcs.jouwpagina.be/;>30M
http://charlie.linkoverzicht.be/;>30M
http://citytrips-londen.2link.be/;>30M
http://clementine.wikeo.be/;>30M
http://coca-cola.2link.be/;>30M
https://costa-blanca.2link.be/;>30M
https://country.2link.be/;>30M
https://covers.2link.be/;>30M
https://culinair.2link.be/;>30M
https://daguitstap.2link.be/;>30M
https://dierenarts.2link.be/;>30M
https://digitale-fotografie.2link.be/;>30M
http://docteur-aabadli.wikeo.be/;>30M
https://donaldduck.2link.be/;>30M
https://drafkoersen.2link.be/;>30M
http://dromen.jouwpagina.be/;>30M
https://duiven.2link.be/;>30M
https://emigratie.2link.be/;>30M
http://epsinamur.wikeo.be/;>30M
http://escort-franck.wikeo.be/;>30M
http://euromillions-uitslagen.jouwpagina.be/;>30M
https://europees-voetbal.2link.be/;>30M
https://filmsterren.2link.be/;>30M
https://films-downloaden.2link.be/;>30M
http://fotomodellen.2link.be/;>30M
https://fotoblogs.2link.be/;>30M
https://fransbauer.2link.be/;>30M
https://freeware.2link.be/;>30M
https://games-online-shop.2link.be/;>30M
http://gezondheidshoekje.linkoverzicht.be/;>30M
https://goldwing.2link.be/;>30M
https://groepsverblijven.2link.be/;>30M
https://handbal.2link.be/;>30M
https://handwerken.2link.be/;>30M
https://hengelen.2link.be/;>30M
https://hondenfokkers.2link.be/;>30M
http://hondentherapie.2link.be/;>30M
https://horloges.2link.be/;>30M
https://houtdraaien.2link.be/;>30M
https://hout.2link.be/;>30M
https://immobilien-limburg.2link.be/;>30M
https://immobilien-oost-vlaanderen.2link.be/;>30M
https://immobilien.2link.be/;>30M
https://immobilien-vlaams-brabant.2link.be/;>30M
https://interieurdesign.2link.be/;>30M
https://izmir.2link.be/;>30M
https://kaarten.2link.be/;>30M
https://k3.2link.be/;>30M
https://kasterlee.2link.be/;>30M
https://kleurplaten.2link.be/;>30M
https://knutselen.2link.be/;>30M
http://kninismiloud.wikeo.be/;>30M
http://kortessem.2link.be/;>30M
http://kortrijk.2link.be/;>30M
https://krediet.2link.be/;>30M
https://kust.2link.be/;>30M
https://laarzen.2link.be/;>30M
https://lanaken.2link.be/;>30M
https://lego.2link.be/;>30M
https://lettertypes.2link.be/;>30M
https://liefde.2link.be/;>30M
https://massage.2link.be/;>30M
http://markten.2link.be/;>30M
http://mexico.2link.be/;>30M
https://midi-files.2link.be/;>30M
https://modeltreinen.2link.be/;>30M
https://modelbouw.2link.be/;>30M
https://motorwinkels.2link.be/;>30M
http://muziek.2link.be/;>30M
http://nangfa.wikeo.be/;>30M
https://naturisme-nudisme.2link.be/;>30M
https://newfoundlander.2link.be/;>30M
https://oost-vlaanderen.2link.be/;>30M
http://overzicht.2link.be/;>30M
http://planetepsg.wikeo.be/;>30M
http://project-yoshi.wikeo.be/;>30M
https://pyreneeen.2link.be/;>30M
https://recepten.2link.be/;>30M
http://reizen.linkoverzicht.be/;>30M
https://reptielen.2link.be/;>30M
https://routeplanners.2link.be/;>30M
https://secundaire-scholen.2link.be/;>30M
https://senioren.2link.be/;>30M
https://sieraden.2link.be/;>30M
https://sint-niklaas.2link.be/;>30M
https://sint-truiden.2link.be/;>30M
http://slaapkamer.2link.be/;>30M
https://slipknot.2link.be/;>30M
http://speeleiland.jouwpagina.be/;>30M
http://spelletjesland.jouwpagina.be/;>30M
http://sporttrofeeen.jouwpagina.be/;>30M
https://studentenjob.2link.be/;>30M
http://sunparks-oostduinkerke.jouwpagina.be/;>30M
http://swingcafe.2link.be/;>30M
https://taalcursus.2link.be/;>30M
https://tarot.2link.be/;>30M
https://top40.2link.be/;>30M
http://trappist.2link.be/;>30M
https://treinen.2link.be/;>30M
https://trouwkaarten.2link.be/;>30M
https://tuinaanleg.2link.be/;>30M
http://tv-series.2link.be/;>30M
http://turnen.2link.be/;>30M
http://turnhout.2link.be/;>30M
http://tyrael-kh.wikeo.be/;>30M
http://tweedehands.jouwpagina.be/;>30M
http://usa.jouwpagina.be/;>30M
https://unreal-clans.2link.be/;>30M
http://vacatures.2link.be/;>30M
https://vakantiewerk.2link.be/;>30M
https://verkeersinfo.2link.be/;>30M
https://voetbal.2link.be/;>30M
https://volwassenenonderwijs.2link.be/;>30M
https://vuurwerk.2link.be/;>30M
http://wapens.2link.be/;>30M
https://west-vlaanderen.2link.be/;>30M
http://wereldoorlog.linkoverzicht.be/;>30M
https://wielrennen.2link.be/;>30M
http://zoekmachines.2link.be/;>30M
http://autopecasestrela.com.br/;>30M
http://canaldeviagem.com.br/;>30M
http://www.empregosmaranhao.com.br/jobs/;>30M
http://www.empregospa.com.br/jobs/;>30M
http://jornaldotempo.bol.uol.com.br/;>30M
https://links.gospelmais.com.br/;>30M
https://livros.gospelmais.com.br/;>30M
http://www.m.resultadosmegasena.com.br/;>30M
http://www.playoff.com.br/;>30M
http://supercorinthianos.com.br/;>30M
http://www.w.resultadosmegasena.com.br/;>30M
https://arcinfo.chwww.arcinfo.ch/;>30M
https://bouger.lenouvelliste.ch/;>30M
https://chasse.blog.lenouvelliste.ch/;>30M
https://joomla3.lenouvelliste.ch/;>30M
https://mobile.arcinfo.ch/;>30M
http://bulgaria.estimatedwebsite.de/stevens.edu;>30M
http://lehrer-foren.de/;>30M
http://profesores.com.do/;>30M
http://laryngite.eu/;>30M
http://newserver.jouwpagina.eu/;>30M
http://radionaomi.jouwpagina.eu/;>30M
http://roseole.eu/;>30M
http://www.agnesfitnessnutrition.fr/;>30M
http://annonces-immobilieres.local.fr/;>30M
http://bicarbonatesoude.fr/;>30M
http://booklive.fr/;>30M
https://www.c2bf-fermetures.fr/;>30M
http://calvitie-info.fr/;>30M
http://chloruremagnesium.fr/;>30M
http://cinema.local.fr/;>30M
http://www.creabijouxjpl.fr/;>30M
http://discopathie.fr/;>30M
http://dragoncityastuces.wikeo.fr/;>30M
http://encyclopedie.bseditions.fr/;>30M
http://faites-vos-jeux.lib-expression.fr/;>30M
http://forum.ultimaventure.fr/;>30M
http://forums.test-mobile.fr/;>30M
http://www.garagevoiture.fr/;>30M
http://isi2011.wikeo.fr/;>30M
http://les-poux.fr/;>30M
http://listhe.info-commerce.fr/;>30M
http://lome-surpriz.info-commerce.fr/;>30M
https://www.lunel-depannage.fr/;>30M
http://www.lyonactusport.fr/;>30M
https://www.m-piscine.fr/;>30M
http://mangak3.wikeo.fr/;>30M
http://odouceursdelorient.fr/;>30M
http://promonautes.fr/;>30M
https://www.renova-solutions.fr/;>30M
http://toutsurrosslynch.wikeo.fr/;>30M
https://www.transport-mp-lunel.fr/;>30M
http://vspshop77400.fr/;>30M
http://wwwlelynx.fr/;>30M
http://wwwavis.fr/;>30M
https://forum.nama.web.id/;>30M
http://toptours.in/;>30M
http://advertorial.it/;>30M
http://www.adslforum.it/;>30M
http://android.giorgiotave.it/;>30M
http://blog.negoziexpert.it/;>30M
http://cerco-elettricista.it/;>30M
http://classifiche.ivg.it/;>30M
http://copywriter.giorgiotave.it/;>30M
http://costruttoriedilimilano.it/;>30M
http://desktop-italia.it/;>30M
http://ditteedilimilano.it/;>30M
http://echidistrada.it/;>30M
http://edilimilano.it/;>30M
http://hotel.napoli.it/;>30M
http://ilrasoio.forumup.it/;>30M
http://impiantisolarimilano.it/;>30M
http://indirizzoinrete.it/;>30M
http://insonorizzazionimilano.it/;>30M
http://isolamentotermicomilano.it/;>30M
http://it.like.it/;>30M
http://iunina.it/;>30M
http://mammamagazine.it/;>30M
http://marketingblog.giorgiotave.it/;>30M
http://messaggianonimi.it/;>30M
http://milanoelettricista.it/;>30M
http://montaggiocaldaie.it/;>30M
http://news.giorgiotave.it/;>30M
http://ovoviaabetone.it/;>30M
http://piastrellepavimenti.it/;>30M
http://pitbullitalia.forumup.it/;>30M
http://pizzacompany.it/;>30M
http://programmi.giorgiotave.it/;>30M
http://purosangueinglese.forumup.it/;>30M
https://quesiti-e-risposte.voglioilruolo.it/;>30M
http://riscaldamento-pavimento.it/;>30M
http://ristrutturazionicomplete.it/;>30M
http://seoblog.giorgiotave.it/;>30M
https://shoppingtecnologico.it/;>30M
http://socialblog.giorgiotave.it/;>30M
http://www.sportall.it/;>30M
http://stuccatoremilano.it/;>30M
http://www.thomasscalera.it/;>30M
http://tinteggiaturamilano.it/;>30M
http://turismo.giorgiotave.it/;>30M
http://ultimoattualecorposonoro.it/;>30M
http://www-sisal.it/;>30M
http://wwwbabboleo.it/;>30M
http://www-sella.it/;>30M
http://www-viaggiaresicuri.it/;>30M
http://wwwavvenire.it/;>30M
http://wwwabbonamenti.it/;>30M
http://wwwcepu.it/;>30M
http://wwwradiosubasio.it/;>30M
http://wwwfantastica.it/;>30M
http://wwwcontoconto.it/;>30M
http://wwwcineblog.it/;>30M
http://wwwr101.it/;>30M
http://wwwpunto-informatico.it/;>30M
http://wwwlibero-news.it/;>30M
http://wwwmelablog.it/;>30M
http://wwwunipg.it/;>30M
http://wwwilgiorno.it/;>30M
http://wwwviaggiaresicuri.it/;>30M
http://wwwilfattoquotidiano.it/;>30M
http://wwwradiozeta.it/;>30M
http://wwwnovella2000.it/;>30M
http://wwwunina.it/;>30M
http://wwwdovesiamonelmondo.it/;>30M
http://a9has.hp2.jp/;>30M
http://ast2011.sitemix.jp/;>30M
http://blmanka.hp2.jp/;>30M
http://clubsp.hp2.jp/;>30M
http://drowin.sitemix.jp/;>30M
http://elecom.sitemix.jp/;>30M
http://erobian2.hp2.jp/;>30M
http://flrx34wqke.sitemix.jp/;>30M
http://fujiyama.hp2.jp/;>30M
http://gameblogish.wiki2.jp/;>30M
http://hatenadays.wiki2.jp/;>30M
http://healthy.blendmix.jp/;>30M
http://helper.wiki2.jp/;>30M
http://hemohim.wiki2.jp/;>30M
http://hi2.page2.jp/;>30M
http://hirojyun.page2.jp/;>30M
http://hokkaido.sitepedia.jp/;>30M
http://incorporeal.sitemix.jp/;>30M
http://izumiharu.page2.jp/;>30M
http://kajitadani.sitemix.jp/;>30M
http://kenimo.hp2.jp/;>30M
http://kokushitaisaku.sitemix.jp/;>30M
http://korora221.sitemix.jp/;>30M
http://kouryakugame.sitemix.jp/;>30M
http://livedouga.hp2.jp/;>30M
http://m-trade.starthome.jp/;>30M
http://mappin.hp2.jp/;>30M
http://mik.hp2.jp/;>30M
http://oei.cafemix.jp/;>30M
http://okazakiyoukei.sitemix.jp/;>30M
http://pain240345.sitemix.jp/;>30M
http://penmannen.hp2.jp/;>30M
http://qgv2747438.sitemix.jp/;>30M
http://r26gekiyasu.sitemix.jp/;>30M
http://rakustore.sitemix.jp/;>30M
http://rasukaru55.sitemix.jp/;>30M
http://twicasdebut.page2.jp/;>30M
http://warainonaikaku.sitemix.jp/;>30M
http://web1.nazca.co.jp/;>30M
http://iwoman.kz/;>30M
http://iloveyou.kz/;>30M
https://m.goud.ma/;>30M
http://123.bestelinks.nl/;>30M
http://abc-gifkikkerzoeker.uwstart.nl/;>30M
http://afghan-best-sites.jouwpagina.nl/;>30M
http://afvallentips.jouwpagina.nl/;>30M
http://ajaxshowtime.jouwpagina.nl/;>30M
http://ajg-de-boer.jouwpagina.nl/;>30M
http://alledieren.jouwpagina.nl/;>30M
http://anashid.uwstart.nl/;>30M
http://animaties-diversen.favorietje.nl/;>30M
http://assmann.favorietje.nl/;>30M
http://australia2324seaham.jouwpagina.nl/;>30M
http://babygirl-jujuke.favorietje.nl/;>30M
http://bedandbreakfast.uwstart.nl/;>30M
http://bedrijvenland.jouwpagina.nl/;>30M
http://bedrijvennederland.gerelateerd.nl/;>30M
http://belastingvrijsparen.jouwpagina.nl/;>30M
http://beste-link-links.jouwpagina.nl/;>30M
http://bit-torrent.jouwpagina.nl/;>30M
http://bluebirdlinkpartners.jouwpagina.nl/;>30M
http://bluebirdanimatie.jouwpagina.nl/;>30M
http://bonaire.jouwpagina.nl/;>30M
http://brommobielrijnmond.jouwpagina.nl/;>30M
http://cabinepersoneel.uwstart.nl/;>30M
http://calpe.jouwpagina.nl/;>30M
http://carnaval.uwstart.nl/;>30M
http://clipjes.nl.jouwpagina.nl/;>30M
http://commi.jouwpagina.nl/;>30M
http://connie-place.jouwpagina.nl/;>30M
http://craigslist-amsterdam.jouwpagina.nl/;>30M
http://creaemmys-animaties.favorietje.nl/;>30M
http://creatievevakantie.uwstart.nl/;>30M
http://culinair-cadeau.jouwpagina.nl/;>30M
http://dialoog.gerelateerd.nl/;>30M
http://dierenplaatjes.gerelateerd.nl/;>30M
http://dinosaurussen.uwstart.nl/;>30M
http://discofeest.bestelinks.nl/;>30M
http://duitsland.uwstart.nl/;>30M
http://eefjezeefje.favorietje.nl/;>30M
http://erhantelecom.bestelinks.nl/;>30M
http://flevoland.jouwpagina.nl/;>30M
http://free-music.nl.jouwpagina.nl/;>30M
http://free-mp3.bestelinks.nl/;>30M
http://gamespel.jouwpagina.nl/;>30M
http://gamesgo.favorietje.nl/;>30M
http://gamie.jouwpagina.nl/;>30M
http://geboortekaartje.favorietje.nl/;>30M
http://generatoren.uwstart.nl/;>30M
http://gemeente-best.jouwpagina.nl/;>30M
http://girasols-links.favorietje.nl/;>30M
http://gosupermodel.gerelateerd.nl/;>30M
http://gratisstamboom.jouwpagina.nl/;>30M
http://habbo-habbiehotel.jouwpagina.nl/;>30M
http://hacken.jouwpagina.nl/;>30M
http://hierisalles.uwstart.nl/;>30M
http://hilversum.gerelateerd.nl/;>30M
http://jamesbond.jouwpagina.nl/;>30M
http://jello.jouwpagina.nl/;>30M
http://jeszzi.jouwpagina.nl/;>30M
http://joost.uwstart.nl/;>30M
http://kadobon.favorietje.nl/;>30M
http://kerst-kaarten.favorietje.nl/;>30M
http://kerst-eten.jouwpagina.nl/;>30M
http://kerstmuziek.uwstart.nl/;>30M
http://kerst.bestelinks.nl/;>30M
http://kerstplaatjes.bestelinks.nl/;>30M
http://kinderkleren.jouwpagina.nl/;>30M
http://knutselenzo.jouwpagina.nl/;>30M
http://koperen-bruiloft.jouwpagina.nl/;>30M
http://la-pinta-aparthotel.jouwpagina.nl/;>30M
http://latino-party.jouwpagina.nl/;>30M
http://linkex.jouwpagina.nl/;>30M
http://link2.jouwpagina.nl/;>30M
http://marvel.jouwpagina.nl/;>30M
http://massagesalon.jouwpagina.nl/;>30M
http://mexico.favorietje.nl/;>30M
http://mijn.favorietje.nl/;>30M
http://www.mobiel-nummer.nl/;>30M
http://moorddiner.jouwpagina.nl/;>30M
http://msn.jouwstartplaats.nl.jouwpagina.nl/;>30M
http://nederlandse-artiesten.jouwpagina.nl/;>30M
http://nick.uwstart.nl/;>30M
http://nicoswebsite.jouwpagina.nl/;>30M
http://nlp.gerelateerd.nl/;>30M
http://onlyme.jouwpagina.nl/;>30M
http://paardenspellen.jouwpagina.nl/;>30M
http://paardenrassen.jouwpagina.nl/;>30M
http://parenclub.jouwpagina.nl/;>30M
http://parketvloeren.favorietje.nl/;>30M
http://parkietenvandewereld.jouwpagina.nl/;>30M
http://photoshop.uwstart.nl/;>30M
http://plaatsen.bestelinks.nl/;>30M
http://plaatjesweb.favorietje.nl/;>30M
http://ppuppytraining.uwstart.nl/;>30M
http://psychologen.uwstart.nl/;>30M
http://radionikita.uwstart.nl/;>30M
http://radioschoten.jouwpagina.nl/;>30M
http://reuzenopaarde.uwstart.nl/;>30M
http://richards-hitparade.uwstart.nl/;>30M
http://rooie-oortjes.jouwpagina.nl/;>30M
http://sexs.jouwpagina.nl/;>30M
http://sniper.jouwpagina.nl/;>30M
http://speel-spel.jouwpagina.nl/;>30M
http://sparen.gerelateerd.nl/;>30M
http://speelen.favorietje.nl/;>30M
http://spelentjes.jouwpagina.nl/;>30M
http://spellen.favorietje.nl/;>30M
http://spelsalon.jouwpagina.nl/;>30M
http://spelletjesspelen.uwstart.nl/;>30M
http://sportnieuws.bestelinks.nl/;>30M
http://spreekbeurten.uwstart.nl/;>30M
http://sudoku.jouwpagina.nl/;>30M
http://telecompagina.jouwpagina.nl/;>30M
http://tekenblad.jouwpagina.nl/;>30M
http://tierelantijntjes.favorietje.nl/;>30M
http://truckerruud.favorietje.nl/;>30M
http://tuincentrum.gerelateerd.nl/;>30M
http://tuincentra.gerelateerd.nl/;>30M
http://tuincentrum.bestelinks.nl/;>30M
http://tuincentra.bestelinks.nl/;>30M
http://turkije.favorietje.nl/;>30M
http://twente.jouwpagina.nl/;>30M
http://twitter.uwstart.nl/;>30M
http://valkerij.gerelateerd.nl/;>30M
http://vastgebonden-meisjes.jouwpagina.nl/;>30M
http://videoclip.bestelinks.nl/;>30M
http://vlindertje.favorietje.nl/;>30M
http://voetbalsport.jouwpagina.nl/;>30M
http://volierevogels.jouwpagina.nl/;>30M
http://wandelinfotheek.uwstart.nl/;>30M
http://waterpark-belterwiede.jouwpagina.nl/;>30M
http://wietkweken.jouwpagina.nl/;>30M
http://winxclub-nl.jouwpagina.nl/;>30M
http://workshopsfriesland.uwstart.nl/;>30M
http://worldwideweb.uwstart.nl/;>30M
http://zakelijk-en-financieel.jouwpagina.nl/;>30M
http://zomervakantie-italie.jouwpagina.nl/;>30M
http://dir.aeiou.pt/;>30M
http://m.cool-tv.ro/;>30M
http://sport.bacaul.ro/;>30M
https://radioforina.de.tl/;>30M
http://airan.to/;>30M
http://www.24svit.com.ua/;>30M
http://i-love.com.ua/;>30M
http://translate.meta.ua/;>30M
http://vmeste.pp.ua/;>30M
http://bgaura.com/;>30M
http://www.top-football.fr/;>30M
http://bg-aura8.site/;>30M
http://bg-aura11.site/;>30M
http://bg-aura10.site/;>30M
http://bg-aura9.site/;>30M
http://bg-aura12.site/;>30M
https://architea-nice-riviera.fr/;>30M
http://bg-aura19.site/;>30M
http://bg-aura16.site/;>30M
http://bg-aura20.site/;>30M
http://bg-aura18.site/;>30M
http://bg-aura17.site/;>30M
http://bg-aura15.site/;>30M
http://fcdunav.site/;>30M
http://bg-aura21.site/;>30M
http://bg-aura24.site/;>30M
http://bg-aura22.site/;>30M
http://bg-aura23.site/;>30M
http://0001astrology.com/;>30M
http://bg-aura29.site/;>30M
http://bg-aura27.site/;>30M
http://bg-aura30.site/;>30M
http://bg-aura28.site/;>30M
http://bg-aura25.site/;>30M
http://bg-aura26.site/;>30M
http://bg-aura32.site/;>30M
http://bg-aura33.site/;>30M
http://bg-aura34.site/;>30M
http://bg-aura31.site/;>30M
http://bg-aura35.site/;>30M
http://bg-aura37.site/;>30M
http://bg-aura38.site/;>30M
http://bg-aura40.site/;>30M
http://bg-aura36.site/;>30M
http://bg-aura39.site/;>30M
http://epourkoipas.fr/;>30M
http://bg-aura49.site/;>30M
http://bg-aura42.site/;>30M
http://bg-aura50.site/;>30M
http://bg-aura46.site/;>30M
http://bg-aura41.site/;>30M
http://bg-aura44.site/;>30M
http://bg-aura43.site/;>30M
http://bg-aura48.site/;>30M
http://bg-aura47.site/;>30M
http://bg-aura45.site/;>30M
http://bg-aura52.site/;>30M
http://bg-aura60.site/;>30M
http://bg-aura51.site/;>30M
http://bg-aura58.site/;>30M
http://bg-aura59.site/;>30M
http://bg-aura55.site/;>30M
http://bg-aura53.site/;>30M
http://bg-aura56.site/;>30M
http://bg-aura54.site/;>30M
http://bg-aura57.site/;>30M
http://bg-aura68.site/;>30M
http://bg-aura69.site/;>30M
http://bg-aura61.site/;>30M
http://bg-aura65.site/;>30M
http://bg-aura64.site/;>30M
http://bg-aura66.site/;>30M
http://bg-aura67.site/;>30M
http://bg-aura62.site/;>30M
http://bg-aura63.site/;>30M
http://bg-aura70.site/;>30M
http://landnap.com/;>30M
http://bg-aura71.site/;>30M
http://bg-aura72.site/;>30M
http://bg-aura79.site/;>30M
http://bg-aura80.site/;>30M
http://bg-aura74.site/;>30M
http://bg-aura75.site/;>30M
http://bg-aura73.site/;>30M
http://bg-aura77.site/;>30M
http://bg-aura78.site/;>30M
http://bg-aura85.site/;>30M
http://bg-aura90.site/;>30M
http://bg-aura87.site/;>30M
http://bg-aura86.site/;>30M
http://bg-aura89.site/;>30M
http://bg-aura83.site/;>30M
http://bg-aura84.site/;>30M
http://bg-aura82.site/;>30M
http://bg-aura88.site/;>30M
http://bg-aura81.site/;>30M
http://bg-aura76.site/;>30M
http://bg-aura97.site/;>30M
http://bg-aura98.site/;>30M
http://bg-aura99.site/;>30M
http://bg-aura96.site/;>30M
http://bg-aura95.site/;>30M
http://bg-aura100.site/;>30M
http://bg-aura92.site/;>30M
http://bg-aura91.site/;>30M
http://bg-aura94.site/;>30M
http://bg-aura93.site/;>30M
http://byrzi-krediti.com/;>30M
http://selfyfimpartycoolfilmlux.club/;>30M
http://bg-aura108.site/;>30M
http://bg-aura103.site/;>30M
http://bg-aura102.site/;>30M
http://bg-aura105.site/;>30M
http://bg-aura110.site/;>30M
http://bg-aura101.site/;>30M
http://bg-aura106.site/;>30M
http://bg-aura109.site/;>30M
http://bg-aura107.site/;>30M
http://bg-aura104.site/;>30M
http://bg-aura111.site/;>30M
http://bg-aura114.site/;>30M
http://bg-aura115.site/;>30M
http://bg-aura117.site/;>30M
http://bg-aura119.site/;>30M
http://bg-aura112.site/;>30M
http://bg-aura118.site/;>30M
http://bg-aura120.site/;>30M
http://bg-aura116.site/;>30M
http://bg-aura123.site/;>30M
http://bg-aura124.site/;>30M
http://bg-aura127.site/;>30M
http://bg-aura121.site/;>30M
http://bg-aura126.site/;>30M
http://bg-aura129.site/;>30M
http://bg-aura122.site/;>30M
http://bg-aura130.site/;>30M
http://bg-aura128.site/;>30M
http://bg-aura125.site/;>30M
http://bg22.site/;>30M
http://bg30.site/;>30M
http://bg27.site/;>30M
http://bg23.site/;>30M
http://bg25.site/;>30M
http://bg28.site/;>30M
http://bg20.site/;>30M
http://bg26.site/;>30M
http://bg29.site/;>30M
http://bg21.site/;>30M
http://bg24.site/;>30M
http://bg36.site/;>30M
http://bg37.site/;>30M
http://bg32.site/;>30M
http://bg33.site/;>30M
http://bg34.site/;>30M
http://bg39.site/;>30M
http://bg31.site/;>30M
http://bg40.site/;>30M
http://bg35.site/;>30M
http://bg38.site/;>30M
http://reportinglifestylearticles.com/;>30M
http://bg41.site/;>30M
http://bg48.site/;>30M
http://bg42.site/;>30M
http://bg43.site/;>30M
http://bg50.site/;>30M
http://bg44.site/;>30M
http://bg45.site/;>30M
http://bg46.site/;>30M
http://bg47.site/;>30M
http://snonap.com/;>30M
http://bg59.site/;>30M
http://bg60.site/;>30M
http://bg51.site/;>30M
http://bg58.site/;>30M
http://bg52.site/;>30M
http://bg55.site/;>30M
http://bg57.site/;>30M
http://bg53.site/;>30M
http://bg54.site/;>30M
http://bg72.site/;>30M
http://bg80.site/;>30M
http://bg77.site/;>30M
http://bg76.site/;>30M
http://bg73.site/;>30M
http://bg78.site/;>30M
http://bg79.site/;>30M
http://bg74.site/;>30M
http://bg71.site/;>30M
http://bg75.site/;>30M
https://www.weigand30.fr/;>30M
http://www.nhsdentists.org/;>30M
http://bga7.site/;>30M
http://bga4.site/;>30M
http://bg91.site/;>30M
http://bga12.site/;>30M
http://bga17.site/;>30M
http://bg93.site/;>30M
http://bg83.site/;>30M
http://bg86.site/;>30M
http://bga5.site/;>30M
http://bga20.site/;>30M
http://bg99.site/;>30M
http://bg110.site/;>30M
http://bga16.site/;>30M
http://bga9.site/;>30M
http://bga15.site/;>30M
http://bg98.site/;>30M
http://bga1.site/;>30M
http://bg100.site/;>30M
http://bg103.site/;>30M
http://bg90.site/;>30M
http://bg87.site/;>30M
http://bg85.site/;>30M
http://bg102.site/;>30M
http://bga8.site/;>30M
http://bga14.site/;>30M
http://bg109.site/;>30M
http://bga11.site/;>30M
http://bga10.site/;>30M
http://bga6.site/;>30M
http://bg81.site/;>30M
http://bg92.site/;>30M
http://bga22.site/;>30M
