https://www.85porn.com/;13122
http://quadrinhoseroticos.net/;17996
http://www.citysmile.org/;34918
http://donk69.com/;45797
http://xxxtubegf.com/en/index.shtml;51247
http://tubemom.tv/en/index.shtml;52727
http://hqtube.tv/en/index.shtml;58026
http://tubegf.tv/en/index.shtml;64740
http://palevo.com/;64971
https://hilltopads.com/;84773
http://freshfappening.com/;107523
http://gogotube.tv/en/index.shtml;113439
http://www.definefetish.com/;117126
http://porjati.net/;121587
http://tubemature.tv/en/index.shtml;157650
http://www.pornvideos.rs/;207943
http://seksyukle.ru/index.php?langpack=azerbaijan;212614
http://www.audiodim.me/;228411
http://sexall.net/;240752
http://tubemillion.com/en/index.shtml;265036
http://tubereef.com/en/index.shtml;267024
http://tubestranger.com/en/index.shtml;275611
https://www.adspyglass.com/;296126
http://comixvaledibujitosteam.com/;298617
http://milfmoms.me/en/index.shtml;323110
http://postherefree.com/;352742
http://www.fuckedx.com/;390714
http://ezclassifiedads.com/;403700
http://tubelama.com/en/index.shtml;419354
http://www.xxxporn.rs/;428540
http://qaztube.com/en/index.shtml;464036
http://comicspornohentai.com/;467257
http://www.pornotube.rs/;519170
http://6porn.me/en/index.shtml;523262
http://pornfrost.com/;613473
http://hqindex.org/;646225
https://girlsolotouch.com/;648811
http://www.flavinha.com/;658559
https://moviestrunk.com/;688066
http://tube4dude.com/en/index.shtml;693192
https://dsvero.com/;716107
http://classifieds4free.biz/;761798
http://www.2016porno.com/;783375
http://momsexattack.com/;791048
http://classifiedonlineads.net/;806799
http://freewebads.biz/;806984
http://tubeplan.com/en/index.shtml;1047905
http://incestpix.com/;1135822
http://moviesboys.com/;1216480
http://shalav.net/;1285241
http://familysexroom.com/;1441783
http://asiafreexxx.com/;1465303
http://tubepork.com/en/index.shtml;1555857
http://parentaltube.com/;1728588
http://hogclips.com/;1781688
http://analhotpics.com/;1882646
https://findgog.com/;1899444
http://fwebdirectory.com/;2098665
https://www.so333o.com/;2135538
http://www.omaduras.com/;2184440
http://ponni.org/;2475936
http://2sms.ir/;2661756
https://atwoodindustries.net/;2913088
http://www.pornxoom.com/;3060361
https://teensgosex.com/;3168273
http://megadojki.ru/;3176144
http://worldpornclub.com/;3455188
http://emopunkgothicgirls.com/;4452492
http://desi-fantasy.com/;4464034
https://nubilesex.net/;4662571
http://1stube.com/;5090157
http://porno-mall.com/;5186170
http://gayvideosporno.com/;5353541
http://hardanalpic.com/;5928352
http://annuaire-infini.com/;5982528
http://mcllo.com/;5983987
http://encc-dz.com/;5985669
http://asiansexa.com/;6354970
http://payingmedia.com/;6922824
http://deviantbeauties.com/;7206518
http://halkidikinet.gr/;7739039
http://habitattechnologygroup.org/;7754362
http://swathinaidu.com/;7779764
http://sampapornox.com/;8973682
https://ftvgirlsbay.com/;9493582
http://chilimatures.com/;9633474
http://retrotube.in/;9675607
https://www.xxxgf.net/;10048599
http://www.blackmoonmedia.com/;11009505
http://best-partnerka.ru/;11545807
https://sexsticker.info/;12297464
http://freshstarthousing.com/;12376847
https://wetxxxtube.com/;12627683
http://sauna-zoerbig.de/;12976330
https://www.figjamheadshots.com/;14033674
http://hajinlian.net/;14702120
http://kingpoolandspa.com/;15480010
http://www.suniasharma.com/;16039502
http://pj666.top/;16227557
http://theicewolf.com/;17005656
http://elyazami.com/;17209702
http://paulwmarks.com/;17339597
http://new-twinks.com/;17639596
http://termo-instalatii.ro/;17669113
http://workbench.top/;18164847
http://qslhamradio.com/;18210050
http://juicyindianbabes.com/;18419592
http://young-teens.com/;19937560
http://cwesley.com.mx/;24632661
http://pucktube.com/;24723471
http://6tube.me/en/index.shtml;>30M
http://freeadsonline.biz/;>30M
http://erolash.net/;>30M
https://www.sexperyskop.pl/;>30M
http://qwetube.com/en/index.shtml;>30M
http://teen6tube.com/en/index.shtml;>30M
http://gotube.me/en/index.shtml;>30M
http://adultwebmastercenter.biz/;>30M
http://wazoo.ru/;>30M
http://azeriseks.biz/;>30M
http://www.fpvids.com/;>30M
http://fofan.net/;>30M
http://tubegoat.com/en/index.shtml;>30M
http://tubepalm.com/en/index.shtml;>30M
http://tubepound.com/en/index.shtml;>30M
http://zeddy.ru/;>30M
http://tubegoose.com/en/index.shtml;>30M
http://tubetruck.com/en/index.shtml;>30M
http://www.hostboard.com/forums/;>30M
http://tubecork.com/en/index.shtml;>30M
http://www.incest-gallery.net/;>30M
http://cutenudegirl.com/;>30M
https://ftvmagic.com/;>30M
https://consejos-publicitarios.blogspot.com/;>30M
http://www.realtabooincest.com/;>30M
http://www.free-incest-videos.com/;>30M
http://analxxxvideo.com/;>30M
http://origintv.com/;>30M
http://freeincestpic.com/;>30M
http://momteachessonsex.com/;>30M
http://www.family-taboo.com/;>30M
http://indiansex.tv/;>30M
http://sex-is-here.com/;>30M
http://new-young-boys.com/;>30M
http://sphinxtube.com/en/index.shtml;>30M
http://sex-vip.com/;>30M
http://moviesmale.com/;>30M
https://vincisex.com/;>30M
http://bazaa.ru/;>30M
http://teltecawinery.com/;>30M
http://cartoonhub.xxx/;>30M
http://www.escaperoomproducts.com/;>30M
http://www.asiancurves.com/;>30M
http://deepthroat.mobi/;>30M
http://xxxpornbusiness.com/;>30M
http://155paris.com/;>30M
http://toutpourmestravaux.com/;>30M
http://vietnamfreeandeasy.com/;>30M
http://lermer.net/;>30M
https://rosenberger-heimdecor.de/;>30M
http://famatech.ch/;>30M
http://stobo.ca/;>30M
http://greatclassified.com/;>30M
http://cumtube.mobi/;>30M
http://medecplus.com/;>30M
http://xternalfixator.net/;>30M
https://bloggingwaves.com/;>30M
http://deweck-architecte.ch/;>30M
http://xn--eckpu2gc2q1a.com/;>30M
http://legionofsteelonline.com/;>30M
http://www.aimphoto.com/;>30M
http://www.2017porno.com/;>30M
http://n0m0re.com/;>30M
http://edvanced.de/;>30M
http://cybersecurityca.com/;>30M
http://ambrosiuspatent.com/;>30M
http://themightyhimalayas.com/;>30M
https://waldencameron.com/;>30M
http://kreye.biz/;>30M
http://az6.ru/;>30M
http://highheelstube.com/en/index.shtml;>30M
http://cemetinc.com/;>30M
http://caeb.com.mx/;>30M
http://flooringit.ca/;>30M
http://www.mmarq.cl/inicio.html;>30M
http://www.av-babes.com/;>30M
http://www.brazzztube.com/;>30M
http://chasqui.com.bo/;>30M
http://hecbbank.com/;>30M
http://piedmontchristianacademy.org/;>30M
http://seksyukle.su/;>30M
http://hdanalpics.com/;>30M
http://fingog.com/;>30M
http://tubegangsta.com/en/index.shtml;>30M
http://xn----itbvhbbmfgfc2a.xn--p1ai/;>30M
http://siagep.com/;>30M
http://www.blogland.info/;>30M
https://jami-international.com/;>30M
http://aranhafightbro.com/;>30M
http://imedic-dz.com/;>30M
http://speakersforall.com/;>30M
http://tubeslut.me/en/index.shtml;>30M
http://www.seqsa.net/;>30M
http://publisherpick.com/;>30M
http://molotovagency.com/;>30M
http://www.houseofbex.com/;>30M
http://bobstube.mobi/;>30M
http://madtube.mobi/;>30M
http://momstube.mobi/;>30M
http://mommytube.mobi/;>30M
http://omastube.mobi/;>30M
http://ratstube.mobi/;>30M
http://lilytube.mobi/;>30M
http://blablatube.mobi/;>30M
http://omatube.pro/;>30M
http://www.revivesalonanddayspa.com/;>30M
https://medialive.ltd/;>30M
http://hdrezka-kino.ru/;>30M
http://deepthroated.mobi/;>30M
http://www.ojabebloc.com/;>30M
https://www.blogtipsandtricks.info/;>30M
http://spetsme.com/;>30M
http://langolodelgustobistro.com/;>30M
http://dcmepods.com.au/;>30M
http://dcd12.com.au/;>30M
http://delsys.ch/;>30M
http://bestattungsinstitut-pieta.de/;>30M
http://atea-menuiserie-biarritz.fr/;>30M
http://nado-psy-a-vertou.fr/;>30M
http://androidporn.net.erolove.in/;>30M
http://booty.net.erolove.in/;>30M
http://digitechind.in/;>30M
http://girlfriend.net.erolove.in/;>30M
http://japan.erolove.in/;>30M
http://latin.erolove.in/;>30M
http://lesbians.net.erolove.in/;>30M
http://sexdating.erolove.in/;>30M
http://shemales.blogporn.in/;>30M
http://tranny.net.erolove.in/;>30M
http://alfafoods.mx/;>30M
https://ant-ads.net/;>30M
http://maturemom.mobi/;>30M
http://porjatinet.ru/;>30M
http://toohotwap.mobi/;>30M
http://grupoolympia.com.mx/;>30M
http://netdokapp.org/;>30M
http://www.excesscorrelation.com/;>30M
http://matureslut6.com/en/index.shtml;>30M
http://xn---490-u4d6bnbshif8a.xn--p1ai/;>30M
https://riovic.solutions/;>30M
http://adnetstars.com/;>30M
http://xn--490-qdd9albqghf5a.xn--p1ai/;>30M
http://nextfreeads.com/;>30M
http://nbu.email/;>30M
http://worldwidetorrents.to/;>30M
https://saucyselections.netlify.com/;>30M
