http://www.affpaying.com/;38108
http://ayu.edu.kz/;260330
http://extraextrapost.com/;1114478
https://www.ogstats.com/;3539150
https://harakhti.com/wp-content/cache/rapidranker/harakhti.com//index.html_gzip;13430268
https://freelancerlibre.com/category/inicio/;13568645
http://wifipasswordhacking.com/;13654874
https://debatetalklive.com/;26179836
https://greeting99.com/;>30M
http://ogsdk.com/;>30M
http://founderscpa.com/;>30M
http://pushmonetization.com/;>30M
https://auto-guru.info/;>30M
https://rainbowfighters.com/;>30M
http://www.notifications.zone/users/sign_in;>30M
http://uldumproject.com/;>30M
https://chuchuchuland.ru/;>30M
http://dailyshitstarter.com/;>30M
https://outofdebtprogram.com/;>30M
https://staycolleges.com/;>30M
http://pubghacks.site/;>30M
http://freecbdoiltrial.com/;>30M
http://cannabisreviewblog.com/;>30M
http://wtchnow.com/;>30M
https://howtomakearelationshipwork.com/;>30M
http://godrockstarmovie.com/;>30M
