https://www.computrabajo.com.mx/;6440
http://arbitracoin-network.com/opt-in;21413
https://www.oficinadanet.com.br/;28823
https://www.acheconcursos.com.br/;29738
http://newarena.com/;37557
https://saednews.com/fa;95567
https://www.bestjobs.ph/;97227
http://www.kupbilecik.pl/;130027
https://www.aprenderexcel.com.br/;145963
http://ikea-club.com.ua/;176960
https://www.nameslook.com/;253438
https://corksport.com/;297997
https://warriorbook.com/business-bundle;298208
https://relationshipbreakthroughsecrets.com/tbc-webclass-optin-rdo1;365299
https://behzisti.info/fa/;372104
https://dotcomsecrets.com/order-form-18601957;396168
https://pharmacophorejournal.com/en;524992
https://www.abic.com.tw/;535504
https://www.zg66.ru/;601863
https://isijournal.net/fa;634793
https://www.myemicalculator.com/;660586
https://pavelguru.com/first-step26653645;774774
http://doctorachar.com/;796443
https://isi-isc.com/fa;799264
https://academyyoutube.ru/;806699
https://hdkino.info/;880722
https://www.devis-tunisie.net/;909538
https://funnelwebclass.com/auto-webinar-registration;918951
https://www.clicksintopatients.com/guaranteed-results;952286
https://www.mmbook.ru/;984454
https://navigationtrading.com/home-page;1056499
https://harmonbrothers.com/home;1144520
https://postabank.su/;1153013
https://tylerpratt.com/;1184880
https://isipaper.org/fa;1361435
http://tebshopping.com/;1440536
https://secretmlmhacks.com/register-now;1460404
https://freedomticket.com/webinar-reg;1515387
https://birthdayformula.com/;1568608
https://ecomsolutions.io/lp;1610766
https://saidamzil.com/;1649606
https://funnelfixit.com/funnel-fix-it;1776183
http://warriordocumentary.com/optin8353477;1838015
https://www.smartkiddo.com/;1872349
https://jbiochemtech.com/en;1952578
https://autopilotfba.com/ebook;2042581
http://stayready2017.com/;2056966
https://www.setno.net/;2073485
http://www.tradewithbrandon.com/iml-videos;2106551
https://megalodonmarketing.net/content;2109007
https://www.tamochi.com/shop/;2134877
https://healthyfunnel.com/home;2159552
http://profitwave.co/;2278971
https://wiringthemind.com/;2289400
http://videoprojector.ir/index.php/fa/;2500856
https://sapratraining.ir/;2559725
https://tommyady.com/opt;2651010
https://hd360x.com/zoom-article;2708635
http://laughlinmarketing.com/;2842195
http://myloancareindia.com/;2937042
http://p7dominate.com/;3041621
http://pxder.com/;3237565
https://www.minhatorcida.com.br/;3306402
https://sina-pub.ir/fa;3372759
https://superfoodalchemy.com/book;3694628
https://www.pokon.nl/;3730811
https://theedgebrotherhood.com/training;3837913
http://ultimatefbsecrets.com/optin-15424584;3858411
https://freedom-preneurs.net/mastermind-2018;3916988
https://www.highticketsecrets.com/webclass-signup;4367109
https://50kagency.com/training;4429821
https://getmyedgeback.com/rgistration;4613961
https://dailysalessurge.com/newsletter1p;4688105
http://www.kupbilecik.com/;4797232
https://www.innovativewallets.com/ekster-review;4850088
https://secondupline.com/coming-soon-second-upline;4889125
https://generationonemovie.com/;5021556
https://ladybossuta.com/uta1;5055739
https://freecravingscheatsheet.com/freecravingscheatsheet;5122800
http://hirendave.tech/;5302366
https://www.realtorssecrets.com/vsl;5408252
https://dake.house/register-for-webclass;5408602
https://www.telegramz.ir/;5449279
https://blackbeltdatadestruction.com/home;5501192
https://www.coldcallingonsteroids.com/waitlist24245556;5557616
https://invisible.college/;5805715
https://vivirenparla.com/;5828385
https://ladyboss.live/sold-out-lb-live;5986643
https://fotograferingfraatilz.dk/salgsside-1;6005582
https://www.marketing32.com/apply;6275864
https://ecommercekidsinstitute.com/index;6413845
https://thorntonparkstreetparty.com/home;6461092
https://brandgating.com/vsl;6501890
https://www.kracksocial.com/;6573274
http://sourceinasia.xyz/get-notified-2018;6585576
http://theglobalflowseries.com/;6592797
http://bookfunnelblueprint.com/agenda;6651912
https://greenlyght.com/;6731424
http://amberaziza.com/home;6868137
https://votefordavid.net/yes;6871120
https://vipfunnels.com/coming-soon;6935638
https://whitelakedental.com/optin1;6962848
http://allmormonseatjello.com/;7059415
https://firstfunnelfree.com/fff;7108985
http://igadsintensive.com/;7114910
http://adsagencyintensive.com/;7120348
https://www.sixfigurenlpsuccess.com/register;7125902
http://vacantsellerleads.com/;7156674
https://thepodcasterssecretweapon.com/launch;7412748
https://benclaybrook.com/home;7518918
https://monetizetoday.com/monetize-today;7760746
https://bramio.com/;7830402
https://mobileshakers.com/optin8549353;7902326
https://www.trafficchampions.com/;7928328
https://funnelsqualified.com/home1;8077790
http://warriorcasestudy.com/start;8290632
http://stacialoo.com/;8327783
https://expertsecretsmasterclass.com/watch-live;8681488
http://bmwkmarriagecruise.com/;8772941
http://blendedfamilymovie.com/;8863879
https://thesneakyoctopus.com/download-lp1;8931064
https://ninemealsaway.com/special-video17649410;8982717
https://www.leilasfoundation.org/home;9146512
http://rfrayanic.com/;9174852
https://vestart.ru/;9204906
http://d5-fitness.com/;9232311
https://funnelgal.com/sales-page-18953884;9354338
https://www.carolinasevent.com/november15;9506367
https://www.no-judgement-diet.com/free-video-series;9524472
http://themillionairessintraining.com/;9648794
https://thecopybutler.com/freecallv1;9708936
https://theboombiz.com/home;9881547
http://riskforward.com/;9901733
https://100yardmarketing.com/overview13580503;9937414
https://onlinemarketingthatsells.com.au/online-profits-power-consultation;10187752
http://excitedpeople.com/;10304493
https://sixfigurecoach.org/optin;10343607
http://realestateinvesting.academy/;10382424
http://privatelabelprofit.com/;10411737
https://affiliateblueprintmarketing.com/affiliate-blueprint-marketing;10424279
http://www.amishpreneur.com/home;10728481
http://staciakennedy.com/;10730393
https://www.theedgedocumentary.com/why-216972710;10771273
https://garagedoorrepairbirminghamal.com/home;10884867
https://rapidexecutive.com/;10916886
https://ujobs.ru/;10918337
https://hackthisfunnel.com/masterclass;10967653
https://trenchtalk.info/home;11461165
http://singlebizowners.com/home;11518236
https://www.digitalsellingmachine.com/home;11530805
http://lifestyleincomesystem.com/;11667755
https://hockeytough.com/optin-12840779;11744371
https://nmifunnelpros.com/main18495788;11758604
http://phenomenalcruise.com/;11889833
https://dwalafit.com/bootcamp;12025868
https://realestatedealcoordinator.com/optin25812276;12051653
https://www.yourfirstrealestatedeal.com/auto-webinar-registration;12115146
https://www.iterary.com/;12141506
http://backyardsoccercoach.com/;12151906
https://blue222.com/;12190131
https://esrpc.com/en;12247081
http://www.businesssecrets.com/home;12356355
https://mortgageleadsuniversity.com/leads;12360145
https://automatejosh.com/welcome;12405142
https://www.sixfigurenlp.com/register;12479935
https://downsidesurvivor.com/product-select;12501275
https://www.inspectioncentral.net/get-a-quote;12806001
http://danielleford.com/;12898255
http://makingeducationpossible.com/home-2018;12929531
https://marshalgillen.com/your-story-matters;13149957
https://hvacmarketing.info/free-website;13154857
https://www.waldosolano.com/free-book-dotcomsecrets;13225804
https://tradingroompro.com/home;13248838
https://desperado.gr/;13475379
http://faithoutreachaugusta.com/;13544437
https://gosubmitto.com/home;13549267
http://getrussellsbook.com/getexpertsecrets;13565836
https://oneworldsolutions.com/;13569507
http://coachyas.com/home18689549;13855290
https://directmaildomination.net/;13878364
https://smartstartstrategies.com/optin24245525;13990526
https://divibetech.com/;14099276
https://jointventureprofit.com/;14189545
https://markcall.me/main;14232881
https://www.digitalmarketingempire.com/20-online-biz;14287547
http://globaldisposal.com/;14403901
https://www.lightpoint.com/sales-page1;14473263
https://www.millioninyou.com/free-training;14570458
https://52booksayear.com/freebookwfv1;14609220
http://offlineconsultingcontracts.com/;14963848
https://recitalready.com/home-page;14999158
https://www.getfluentinbusiness.com/infinite-success;15031995
https://smartretirementready.com/10-next-financial-crisis;15119676
https://funnelkitchen.com/consult;15327809
https://courthousecashsystem.com/;15375822
https://mobilemindsystems.info/system-review;15398810
http://005pizza.com/;15414304
https://tylerjorgenson.com/bizninja;15518228
http://gabrielebrown.com/wealthscoresystem;16026861
http://pohudeli.com/free15282805;16076272
http://www.vivirsinansiedad.com/hero-page;16126165
http://getmentoredbychris.com/;16169137
https://vaccinesafety.info/info-toolbox-secure-b;16228603
https://durahawk.com/mini-pro-sales-page;16319597
https://resortrealestatecoach.com/home;16493411
https://thewinefunnel.com/system-overview;16644109
https://happywivessociety.com/home-page;16742891
https://7figurewriters.com/welcome;16812252
http://www.yoursourcedinventory.com/home23163892;16812516
https://isopasta.com/home;16814189
http://socialsecuritymark.com/;16876733
https://thecakejar.com/coming-soon;16939359
http://gooddivorceguide.com/;16954816
https://www.jointhegahp.com/membership-order;17046137
https://pwdhavoc.com/squeeze-page14283254;17187398
https://techcleanup.com/optin-23415967;17298829
https://kreutz.it/;17348322
https://www.volleytours.com/;17390229
https://barberslounge.biz/;17495197
https://apriorihotel.ru/;17500750
http://juceboxny.com/;17526829
http://phamnguyen.co/;17527599
http://eucantrading.com/home-page;17588158
https://o2o.tw/;17594854
https://globalinfluencesummit.com/2019;17644642
https://insurancemarketingmastery.com/breakthrough;17743493
https://lesdelices.pro/;17768176
https://www.sherrythacker.com/free-week;17877339
http://www.retiredandfree.com/book;18093460
https://www.gethopenow.net/priceless-life-landing-on-hope-now;18148272
https://www.knupsolutions.com/sports;18153450
http://kazpoisk.kz/;18159229
https://pureshocknutrition.com/femp-signup;18239947
https://www.microcelebrity.com/webinar-registration17474971;18261908
https://rasmussenfitness.com/home;18365067
https://theaceofemail.com/optin;18424806
https://jimmytran.net/;18599842
https://livelaunchwebinar.com/register;18820174
https://www.macandcheesefestdbq.com/tickets;18919350
http://instantcelebrity.com/home;18951494
https://chiropracticwhiteboardanimation.com/sales-page6052981;18967930
https://www.pacestudiosbeautybar.com/home-page;18995777
https://theexpertmediagroup.com/intro;19113591
http://asrenovinco.net/;19221681
https://vsekrediti.online/;19278568
https://wealthfunnels.com/optin15712417;19279216
https://www.fbadsguy.com/optin14008049;19315259
https://vremya-nt.ru/;19389767
http://paidtraffic.com/;19445958
https://elite1700.com/elite;19564627
https://24hmuahang.com/;19634276
https://lightningdealstoday.com/vitamin-shoppe-give-away;19656366
https://carreterastarragona.com/;19698994
https://freelancingja.com/optin19689658;19730823
http://mlmdetox.com/mlm-detox-quiz;19739503
https://residualincomebook.com/download2;19775215
https://nextleveleliteexperience.com/home;20001878
https://danfrigo.com/;20047386
https://cahomebuyerprograms.com/hb-quiz;20648355
https://elissaashwood.com/home;20680161
http://congnghebachkhoa.net/;20694140
http://tradewithjayme.com/what-is-iml10214050;20929909
https://breakthroughinparadise.com/apply-registration;21023407
https://rapidexecutive.com.au/;21144240
https://90worldwidegroup.com/home12072026;21179100
https://airoasisdoctor.com/air-oasis-dr-sales-page;21346009
https://timeforchildren.org/welcome24266423;21527252
https://ultimatepartycruise.com/2019;22050168
http://hunnicutt.net/;22449148
https://nhathuocsuckhoe.net/;22966637
https://tattooingbook.com/the-savage-way;23418126
https://excaliburuniversity.com/optin;24153622
http://imgmtgroup.net/;24221572
https://ibucketlist.info/squeeze-page11192438;24250739
https://justeatsmarter.com/start;24259727
http://thejennydouglasstory.com/my-journey;24477730
https://www.imprimeelements.com/im-secret-access-now;24485969
https://patriotismplease.com/free-shtf-survival-guide-download;24656842
http://jameskeylim.com/;24821125
https://hairsafesolutions.com/hair-safe-solutions-full-ecom-funnel;24968526
https://www.baam.com/;25966310
https://infofeeder.info/;26125234
https://panda65.ru/;26233113
http://www.subconsciousinfluencesecrets.com/invitation;26654272
https://tagilgorod.ru/;31064776
https://amzclass.com/optin20849907;31141594
http://dentalpro7.com/dentalpro7;>30M
https://japer.in/en;>30M
https://carreterasaragon.com/;>30M
https://ijpras.com/en;>30M
https://eijppr.com/en;>30M
https://mikrotiktraining.gr/index.php/en/;>30M
http://life180.com/main;>30M
https://environmentaljournals.org/en;>30M
https://megaagentsecrets.com/channel;>30M
https://www.creditrepairexpo.com/get-your-ticket-now;>30M
https://exhibityour.com/;>30M
https://propertyscope.net/home;>30M
https://steveray.info/home-1;>30M
https://lorigardnerfit.com/interestedinfitness;>30M
https://natanaeloliveira.com/mentoria-natanael-oliveira;>30M
https://www.getperfectpractice.com/freebook;>30M
https://www.humani-tea.com/hero-page;>30M
http://mindcodebook.com/book;>30M
https://eloplay.com/en/page_stub;>30M
http://www.coloncleansecomfort.com/colon-cleanse-meal-plan;>30M
https://cleanlaundrysolutions.com/laundryquiz;>30M
http://bestclickfunnelsdeal.com/;>30M
https://oikosgroups.com/conference8137861;>30M
http://solarprogram.net/;>30M
https://dropthisfat.com/lose-weight;>30M
https://marketsolutions.biz/generalquestionaire;>30M
https://www.booked4u.net/home;>30M
http://generationalwealthbuilder.com/;>30M
https://www.reallifedetox.com/101;>30M
https://www.downrivercarpet.com/carpet;>30M
https://ignitiongo.com/ig-home;>30M
http://travistollestrup.com/;>30M
https://yalmehnaturals.com/index;>30M
https://memmorable.com/;>30M
http://federalretirementblueprint.com/waitlist-federal-retirement-blueprint;>30M
https://www.39waystogettraffic.com/email-optin;>30M
http://prepperwives.com/winter;>30M
https://myrealestatefunding.com/optin;>30M
http://retargetingemail.com/retargeting-email;>30M
http://coloradoshortsalehotline.org/helpinghomeowners;>30M
https://crossfitmiddleburg.com/fit-for-life;>30M
http://www.realestatevortex.com/start;>30M
https://cfcertified.com/cf-certified-waiting-list;>30M
https://havey.us/rm-404-page;>30M
https://bookease.com/getstarted;>30M
https://www.a2zhow.com/;>30M
https://operationsparkle.com/leaderboard;>30M
http://localtvpublicity.com/homesite;>30M
http://lukehawkinscoaching.com/squeezepage;>30M
https://meditation-is-easy.com/learn-to-meditate-in-2-minutes;>30M
http://contractceo.com/optin360431;>30M
http://fitfreedom.com/;>30M
http://www.cvnetworkcommunications.com/optin;>30M
http://www.americanchoiceenergy.com/home-page;>30M
https://ujobs.me/;>30M
https://attorneymarketingwebinar.com/legal-marketing-webinar-registration;>30M
https://www.boothboost.com/lander;>30M
https://www.grantspasscoinshop.com/reverse-squeeze-page25676330;>30M
http://publicspeakingtopics.com/home;>30M
http://conscioustechnology.com/2018-conscious-technology-coming;>30M
http://www.soldbykris.com/home-page22322120;>30M
https://nocohousevalues.com/accurate-house-values;>30M
https://www.andasset.com/book;>30M
https://www.troycenter.org/home;>30M
https://www.shirtoffyourback.com/optin26452101;>30M
https://hsresults.com/optin16728557;>30M
http://www.utahsolar.net/optin21997422;>30M
https://28bytes.com/hero;>30M
https://freegiftfrommichael.com/marketers-cruise-gift;>30M
https://concordnchvac.com/get-help-lp;>30M
https://salesfunneldesign.com/free-ecover;>30M
https://livhousing.com/;>30M
https://commercialclaimhero.com/under-construction;>30M
https://marketingnutz.net/cal2019a-optin;>30M
https://playntrace.com/two-step-order19104576;>30M
http://goeleven.org/home-page18230370;>30M
https://speakinggame.com/book-promotion-speaking-game;>30M
https://www.internet-chat.eu/;>30M
https://oikoschallenge.com/the-oikos-strategy-3-versions;>30M
http://newsreviewtoday.com/;>30M
https://chiropractic-masters.net/welcome-1;>30M
https://bibli.me/;>30M
https://coldtherapy-sd.com/limited-20-voucher-promo;>30M
https://cbdnotpot.com/what-is-x;>30M
https://thinkdigitaltraining.com/rev-bridge;>30M
http://irandaneshjo.com/;>30M
https://coachfranco.com/franco-urbaez-coaching;>30M
http://realestatevlogging.com/;>30M
https://ucanforex.com/opt-in14947016;>30M
http://www.ultimateguestlist.com/guestlist;>30M
https://www.weneedtohangout.com/free-site-register-remove17772110;>30M
https://recipesofpersia.com/recipe-of-persia-giveaway;>30M
http://funnelgram.com/free-book;>30M
https://www.coolclosinggifts.com/monogram-sales-page;>30M
https://www.alignyourgame.com/lead-magnet21335141;>30M
https://www.grfence.com/optin;>30M
https://listbuildingfunnel.com/home-page;>30M
https://www.howtostartanichestaffingbusiness.com/home;>30M
https://metamorphecise.com/free-oil;>30M
https://www.juicebib.com/optin;>30M
http://www.drfatloss.net/squeeze-page-18294010;>30M
https://www.theprofitshop.net/optin-20115729;>30M
http://www.musiciansecrets.com/auto-webinar-registration-19972240;>30M
http://franchiseinsidersecrets.com/welcome;>30M
http://oakandcask.com/info3853901;>30M
https://www.mikebairdrealestate.com/home-page;>30M
https://ultimateapartmentinvestingguide.com/;>30M
https://hairbyjulianna.com/hbj-optin;>30M
https://dmmguide.com/home14373025;>30M
http://prayformymarriage.com/;>30M
http://surplusedge.com/;>30M
https://successvisuals.com/free-book999491;>30M
https://befitandfierce.com/fit-fierce-women-home;>30M
https://www.livingrosy.com/home1;>30M
https://www.duanetudahl.com/optin17400317;>30M
https://odad.org/tr;>30M
https://www.futureproofmarketing.com/;>30M
https://jongodwin.com/hero-page;>30M
https://socialmartialarts.com/order26034990;>30M
https://feedyourfan.com/optin22567573;>30M
https://www.erikwilhelmsson.com/e;>30M
https://churchgrowthsecrets.com/login-home-page-both-courses;>30M
http://reviewmylawfirm.com/;>30M
https://alpinedermclinic.net/optin-12513356;>30M
https://thinkculture.net/;>30M
https://100kinnercircle.com/optin-fbo-nl;>30M
https://mogye.info/;>30M
http://7pounds9days.com/welcome1527951;>30M
https://collegecoachingclub.com/early-birds;>30M
https://thecustomerblueprint.com/start;>30M
https://www.webuysuffolk.com/cash-offer;>30M
https://fiverrwithfocus.com/welcomefwf;>30M
http://www.einfachgeldzurueck.de/optin20225009;>30M
https://studiolaunch.com/apply;>30M
https://www.genesisnutrients.com/mastering-memory-free-ebook;>30M
http://emchub.com/emc;>30M
https://khanchoangco.net/;>30M
https://endlessleadsforlife.com/webinar-registration-page;>30M
https://applicationessayeditor.com/auto-webinar-registration20083257;>30M
https://oto-shi.com/;>30M
http://www.smartrleads.com/home-sl;>30M
http://www.thepowertomanifestnow.com/loa-gps;>30M
https://onlinemathcoach.com/about;>30M
https://hopenow.net/video-1-new-opportunity16571009;>30M
https://myprofitmarketing.com/mpm-offer;>30M
http://www.mychangetoday.com/optin;>30M
http://park.com.au/;>30M
https://www.scvchiropractor.com/optin;>30M
https://www.alicecrider.com/home-page-abc;>30M
https://yourpassiontoprofit.com/the-photography-passion-to-profit-online-masterclass;>30M
https://mentalmojo.net/buy-one-get-one-free;>30M
https://sellerlocatorservice.com/report;>30M
https://relationship-u.com/optin15991169;>30M
https://crashcourse-staffingstartup.com/home;>30M
https://brainboost10x.com/sales-page8082361;>30M
https://www.adwordsaccelerator.com/vip;>30M
http://quynhanhbeauty.com/;>30M
http://marketingmisfits.com/marketing-misfits;>30M
http://mortenelm.dk/;>30M
https://www.cleanseyourgut.com/lead-m-e;>30M
https://scruffyadventures.com/home9394754;>30M
https://fitnessnutritionsystems.com/free-group;>30M
https://www.envisionu.net/abc-expertsecrets;>30M
http://passivepreneur.com/;>30M
https://savingthebrain.com/cog-decline-appointment-request-page;>30M
https://allinfor90.com/pre-launch-preview-v1;>30M
https://www.ondemandpatients.com/application;>30M
https://imfreegifts.com/;>30M
https://ourfilm.org/48hr-pass;>30M
https://thefinancialmatrix.org/free-book-the-financial-matrix;>30M
https://startamedicalstaffingbusiness.com/home;>30M
http://mysmslist.com/;>30M
http://www.hdmarketer.com/optin25372765;>30M
https://www.discoveringyourdivinedestiny.com/home18894492;>30M
https://www.ninjanation.net/ninjarecruiting1;>30M
https://www.digitalmarketinginfluencer.com/optin20759706;>30M
https://www.thegentlechiropractor.com/optin24856453;>30M
http://pshotinlasvegas.com/info;>30M
https://jens-kreutz.de/;>30M
https://startsmartbiz.com/register8935218;>30M
https://startaitstaffingbusiness.com/home;>30M
https://8weekstoanewyou.com/home;>30M
https://mikadomotors.com/wait;>30M
https://musiccoachmike.com/home;>30M
https://whatsupplementsshoulditake.com/quiz;>30M
https://realmarketingsecrets.com/rm-404-page;>30M
https://freeenergycheck.com/reverse-squeeze-page;>30M
http://redlifeline.com/;>30M
https://www.arizonacoolsculpting.com/claim-200-voucher1;>30M
https://best-products-review.com/truesmile-veneers-usa-reviews;>30M
https://emprendedoresonline.com/inicio;>30M
https://computergametester.org/get-the-job-secrets;>30M
https://affiliatetrainingacademy.com/beta-optin;>30M
https://closetheroom.com/300k-event-case-study;>30M
https://onlinemasterscourse.com/amazon-secrets18624387;>30M
https://jamhq.com/index.php/en/;>30M
https://reducemypmi.com/woops25931094;>30M
https://www.cintasindustriales.cl/;>30M
https://callnature.com/home;>30M
https://florissantmartialarts.com/optin16987245;>30M
https://crestedbutterealestateexpert.com/free-cbmarketreport-optin;>30M
https://congtyquabieu.com/;>30M
http://gochuan.com/;>30M
https://iowapureair.com/optin;>30M
https://onlineprofitreport.com/onlineincomereport;>30M
https://wrldx.com/;>30M
https://www.alohaisfree.com/optin24192535;>30M
https://opesta.com/;>30M
https://truckdispatcher.org/welcome;>30M
http://lovedelivereddaily.com/opt-in;>30M
https://thefsboattorney.com/optin2;>30M
http://toptrainersacademy.com/start;>30M
https://www.nkfreestyle.nl/nkfreestylewindsurfen;>30M
https://www.copywritingnlp.com/nlp-copywriting-training;>30M
https://westerntiretanks.com/get-a-lifetime-guaranteed-tire-tank;>30M
http://truehealthrevolution.com/free-cd;>30M
http://eateryengine.com/;>30M
https://samtuoihanquoc.info/;>30M
https://saveoninsurancetoday.com/vs;>30M
https://excellencethebook.com/order;>30M
http://review-my-pension.info/;>30M
http://onthebrinkmediagroup.com/;>30M
https://www.horstmarketing.com/home;>30M
https://nextleveledge.com/event-instructions-video-1;>30M
https://videomarketingworldsummit.com/optin;>30M
https://www.gahpcertification.com/get-certified;>30M
http://bestmeatmarket.com/;>30M
https://yourlimitlesspotential.com/home-page;>30M
http://www.empoweringlivingmagazine.com/empowering-living-magazine;>30M
https://stevencrissien.com/home;>30M
https://tpkmarketing.com/home;>30M
https://www.weneedthisnow.com/home;>30M
https://offermind.com/seats-open-soon;>30M
https://www.topagentskillsfranchise.com/invitation;>30M
https://superpowermoney.com/optin23875226;>30M
http://yourcreditconnect.com/;>30M
http://bigprofitonline.com/;>30M
https://funnelwizards.com/hp-coming-soon;>30M
https://kevinmorrison.net/hero-page;>30M
http://celebrityentrepreneurship.com/home;>30M
https://gototop.info/;>30M
https://michaelstclaire.com/home;>30M
https://egocheagataxservices.com/;>30M
http://dropshippingmasterclass.com/masterclass;>30M
https://www.mcard.info/vsl21823496;>30M
https://freebottle.net/claim-free-bottle;>30M
http://fivestarsalons.com/selection;>30M
https://forthebettermentofhumanity.com/optin15858504;>30M
https://cpmasterclass.com/learn-more1;>30M
http://myaffiliaterewards.com/rewards;>30M
https://upgradenow.com/are-you-all-in;>30M
http://thefirstthousand.com/;>30M
https://esaevent.com/;>30M
https://walbros.com/optin25755838;>30M
https://ementes.nl/home-v1;>30M
https://startyourownmedicalstaffingagency.com/home13651015;>30M
http://realmarketingblog.com/;>30M
https://offgridsecrets.com/welcome;>30M
https://www.websiteslook.com/;>30M
https://feezybeezy.com/facebook-ads;>30M
https://affiliatemarketingmodel.com/optin;>30M
https://www.cpecertified.com/optin16839503;>30M
https://www.ballsanddowels.com/optin;>30M
https://likemindedindividual.com/gdb-optin;>30M
http://offgridark.com/off-grid-comfort-and-style;>30M
https://sobrietystartshere.com/home;>30M
http://bluewaterleads.com/;>30M
https://startasoftwaredevelopmentstaffingbusiness.com/home;>30M
https://cashtodayforhouses.com/welcome;>30M
https://mommymakeoverexpertsa.com/optin6583431;>30M
http://deeplug.com/;>30M
https://www.zomlabs.com/hero-page;>30M
http://myonlinesuccesscoach.com/amazon-number-1-seller-free-promo;>30M
https://www.dyerskarate.com/optin;>30M
https://wodfix.com/top-secret-report;>30M
http://cashouthomes.info/optin13520835;>30M
http://www.mediametriq.com/optin21267863;>30M
https://tomballtow.com/tow-truck-lp14723954;>30M
https://www.flowroad.com/optin;>30M
https://www.spark28.com/join-28day2;>30M
https://networkmarketingsecrets.com/coming-soon;>30M
https://digitalmartialarts.com/vsl21353427;>30M
http://joeandstacia.com/;>30M
https://www.instant-doc.com/squeeze-page-24391215;>30M
https://www.gettoppricenow.com/optingettoppricenow;>30M
https://tonyhansmann.com/optin-22621173;>30M
https://www.grouprofits.com/optin-26536818;>30M
http://terrycoker.com/welcome;>30M
https://myfloridalistings.com/home-shopping-bot;>30M
https://www.lessonsbylegends.com/home-page21321944;>30M
http://www.tamoci.com/;>30M
https://www.kickassvids.com/home;>30M
https://4stepstohealth.com/4steps-25058026;>30M
https://shinyjewellery.com.au/;>30M
https://njtowingservices.com/request-service;>30M
http://fitjayme.com/limitless;>30M
https://tradewithray.com/rq-preview-info;>30M
https://easysolar.info/save;>30M
https://www.dawnranae.com/hi;>30M
http://virtualcontact.com/optin19603512;>30M
https://www.protectores.cl/;>30M
https://didyouknowshow.com/optin15372786;>30M
https://www.newgenesisgroup.com/home17;>30M
https://www.protectyourservers.com/geoshield-lpz;>30M
http://www.omegachiropracticcenter.com/day-1-welcome23794761;>30M
http://shalitaheard.com/;>30M
https://www.forsaleworldwide.com/clearwater-beach-fl-condo-for-sale-2;>30M
http://cartbuggy.com/optin22833517;>30M
https://kinggotusaring.com/sales-page9315081;>30M
https://www.celebritysalesformula.com/auto-webinar-registration;>30M
https://makingalltherightconnections.com/sales-page;>30M
https://strategiclending.net/home-page;>30M
https://alwaysbecaring.com/optin26007059;>30M
https://www.wakeupwarriorwomen.com/3-paths;>30M
http://kevinhunnicutt.com/;>30M
https://salesfunnelmadness.com/next;>30M
https://www.alwaysbeautifulevents.com/home;>30M
https://www.geoffreyfullerton.com/optin13475339;>30M
https://givehope2africa.org/givehope-esp;>30M
https://andresignoretti.com/;>30M
https://startarnstaffingbusiness.com/home;>30M
https://fredyalmeh.com/home9392146;>30M
https://sideincomepodcast.com/optin23288819;>30M
http://annuitymark.com/;>30M
https://www.bargainmybills.com/home-page;>30M
http://siselamerica.com/invitation-only-overview;>30M
https://viptexting.com/sales-page;>30M
https://totallyaffordable.com/dont-be-left-in-the-dark;>30M
https://www.coachingnutrition.com/carencesettoxines;>30M
http://ketocall.com/training-call;>30M
https://941thin.com/squeeze-page;>30M
https://drmatthubbard.com/welcome14395348;>30M
https://pstfitness.com/home9193505;>30M
https://abundancevortex.com/optin-page-126239169;>30M
http://homebuyeruniversity.info/start;>30M
https://www.youbuildyourwebsite.com/home;>30M
https://frustratedonline.com/optin-27134122;>30M
https://caregiversunlimited.org/optin21617858;>30M
https://www.fishinghookup.com/order-form20066400;>30M
https://pajamagramma.com/optin-20228450;>30M
https://orangetreemarketing.com/corporate-consultation;>30M
http://www.marioche.com/hero-page19591521;>30M
https://ducks4042.com/;>30M
http://www.davidjlarson.com/main;>30M
https://perfectwealthmachine.com/thisworks;>30M
https://my5essentials.org/hfcdiscorg;>30M
https://guidanceplease.com/webinar-registration;>30M
http://xhq.com/;>30M
https://mikecaldwell.info/welcome8245828;>30M
https://beckav.com/home;>30M
https://www.affiliatemarketingboss.com/expert-secrets-bridge-page;>30M
https://www.capetea.com/secret-red-tea;>30M
https://www.brahminweb.com/;>30M
https://www.videomarketingexpert.com/beck-av-homepage;>30M
https://athleteadmissions.com/auto-webinar-registration20097624;>30M
https://heavensbestsandiego.com/two-step-order;>30M
https://www.mydreamswork.com/feel-powerful;>30M
http://1hairextensionsecret.com/2-sales-video;>30M
https://www.vickiehelm.com/home;>30M
https://www.chriswiser.com/optin24558102;>30M
https://www.meetviolet.com/optin;>30M
https://solarsoutherncalifornia.com/survey-011;>30M
https://www.investottawa.com/ivohome;>30M
https://staffingstartupsecrets.com/register;>30M
https://martensconsulting.com/home-page;>30M
https://www.millennialdigitalmarketing.com/free-training;>30M
https://lauraegocheaga.com/;>30M
https://2guysmedia.com/learnmorenow;>30M
http://www.youneedapodcast.com/webinar-registration-page;>30M
https://www.secondsmiledenturecare.com/home-page;>30M
https://www.cruisykids.com/car-seat-protector;>30M
https://www.nextlevelleadershipsummit.com/february;>30M
https://mlmmarketingexpert.com/home;>30M
https://www.successforsurgeons.com/master-class-registration;>30M
https://tumarcapersonaleninternet.com/ebook;>30M
https://www.cltrealtors.com/optin13932338;>30M
http://geteverythingyouwant.net/;>30M
https://theabundancejournal.com/sales-page13542217;>30M
https://bulletproofbuilder.com/home;>30M
https://www.franchyse.com/quiz;>30M
https://www.online-ep.com/optin20036153;>30M
https://middleburgstrengthandconditioning.com/optin10510810;>30M
http://funnelmybiz.com/coming-soon-fmb-1;>30M
https://mexicolaunch.com/home;>30M
https://smartsolar.info/save;>30M
https://modernhealthtech.com/optin26655049;>30M
https://livefitsystems.com/home;>30M
https://www.thetentestaments.com/order-1;>30M
https://ninepercentclub.com/join;>30M
http://www.corycreationz.com/store-front;>30M
http://realestateretreat.com/;>30M
https://bstylefit.com/welcome;>30M
https://www.spellchek.com/home;>30M
https://nerdmash.com/;>30M
http://getyourstuffsold.com/;>30M
http://expandyourbusinessnow.com/start20133920;>30M
https://www.socialviralapps.com/;>30M
http://getbetterlifeinsurance.com/start;>30M
https://freeyogacourse.com/optin8348054;>30M
https://sgtrainingroomrental.com/optin;>30M
https://www.thebabylasersuite.com/v1;>30M
http://nicktrevillian.com/;>30M
http://entrepreneurshipmarketing.com/home;>30M
https://readyhomebuyer.com/buyerquiz1-lp;>30M
https://www.englishhackers.com/ehsq1;>30M
https://www.malariasymptoms.net/home;>30M
https://accuratehousevalue.net/home;>30M
https://takeyourmessagetotheworld.com/optin25895234;>30M
http://adtoonshealthcare.com/healthcarevideos;>30M
http://www.thrivechiropractic.com/optin23189203;>30M
https://home-security-now.com/squeeze-page18308886;>30M
https://www.realtyautopilot.com/home;>30M
https://claycutie.com/home-v01;>30M
http://www.makeyourworth.com/optin23049257;>30M
https://thehangrymedic.com/home9501407;>30M
https://seanstringer.com/coaching;>30M
https://freedomkickstarter.com/yes;>30M
https://homecaresecrets.com/homecare-bosses-united-live;>30M
https://johngolat.com/connect;>30M
http://sellyourdenverhome.net/optin18016433;>30M
https://www.neuropathyrelief.info/optin-23676196;>30M
http://signalmolecules.info/;>30M
http://theglobalexpansionteam.info/forex-iml-international-expansion-information;>30M
https://www.100khandshake.com/steve-hopper-0509;>30M
https://40athletewellness.com/get-the-method2;>30M
http://amazingsalesfunnels.com/optin;>30M
http://argialign.com/coming-soon;>30M
https://atlasblackbox.com/order-form;>30M
http://beautyapexs.com/;>30M
https://biancazamora.com/registration-page15402888;>30M
https://changethelifestyle.com/page-coming-soon;>30M
https://clientfrenzy.com/secretformula;>30M
https://www.clientconnectionsolutions.com/webinar-registration20454596;>30M
https://d4ybusinessaudit.com/order-now;>30M
https://devenirlibrefinancierement.com/capture;>30M
https://www.entrepreneurscrashcourse.com/waiting-list;>30M
https://fitfabfreedom.com/work-with-us;>30M
https://freechaptertransform.com/transform;>30M
http://freemassageusa.com/step-110434679;>30M
http://generatingpips.com/gain-access;>30M
https://getonthetedxstage.com/optin25291309;>30M
https://injuryhelpnj.com/assessment;>30M
http://insurancesaverclub.com/home;>30M
http://ketofatshred.com/grocery-opt-in;>30M
https://write-your-own-book.klugpublishing.com/how-to-write-your-own-book;>30M
https://limoservicegreensboronc.com/home;>30M
https://lovemyreno.com/optin-1580369816729797;>30M
https://marketingcoachmentor.com/place-holder;>30M
https://networkhockeyadvisors.com/optin;>30M
https://noelfamy.com/optin10377085;>30M
http://oikostraining.com/welcome-page-1;>30M
https://www.onlinebookarbitrage.com/free;>30M
https://www.paid2podcast.com/bundle;>30M
https://www.partnerwithzachburton.com/zb;>30M
https://perfectfunnelsecrets.com/the-profit;>30M
http://picktora.com/;>30M
https://poolsiders.com/poolsiders-home;>30M
https://pyfpevent.com/register-now;>30M
http://rowzers.com/;>30M
https://scribblenplay.com/order;>30M
https://www.skinnycoffeegirl.com/elevate;>30M
https://smarthomebuyer2016.com/top-7-post;>30M
https://smartlifestyleseo.com/register;>30M
https://www.spheramidsystem.com/webinar-registration18638944;>30M
https://www.swagsecrets.com/getswag;>30M
https://thechiropracticuniversity.com/tcu;>30M
https://www.theketocamp.com/coming-soon;>30M
https://greenenvious.org/green-survey;>30M
https://amandadake.com/consult;>30M
https://cryptedcdn.com/index.php/en/;>30M
https://deniedcommercialclaim.com/terms-of-service;>30M
https://dminvestors.com/home;>30M
https://www.ecoverasap.com/home;>30M
https://enjoy-panamacitybeach.com/pcb-home;>30M
https://funnelstories.com/whatsyourstory;>30M
https://ilovesalesfunnels.com/home19862484;>30M
https://www.mobilehelm.com/mobilehelm;>30M
http://nickiglobal.com/nick-christensen;>30M
https://nhansambinhduong.com/;>30M
https://odpreneur.com/optin9941744;>30M
https://paradisebreakthrough.com/apply-registration;>30M
https://richardearlwilliams.com/nkf;>30M
https://superfastcrypto.com/misc-19380818;>30M
https://www.thefunnelbutler.com/consult;>30M
https://thewallachrevolutionbook.com/get-it-free;>30M
https://activegorod39.ru/;>30M
https://naples.church/welcome;>30M
https://www.healthywealthywise.life/go;>30M
https://caraccidentlawyer.click/_secrets_reveal;>30M
https://atlantapayday.loan/;>30M
http://nicki.social/nick-christensen;>30M
https://curtise.consulting/1;>30M
https://www.bullrun.fitness/voucher;>30M
https://funnelmd.com/home-page24142025;>30M
http://leaderscommunication.com/home;>30M
https://tribalglue.com/optin12338157;>30M
http://hopelightmission.org/home;>30M
https://www.pushnotify.tech/;>30M
https://funnelsformasterminds.com/optin11049485;>30M
https://getproductphotography.com/home-2016;>30M
https://thefunneljedis.com/optin18292817;>30M
http://freeidlifesample.info/pick-your-sample-package;>30M
http://idlifefreesamples.info/request-your-free-sample9984349;>30M
http://mobilemindcreative.info/optin11202989;>30M
http://sampleidlife.info/select-your-pack;>30M
http://www.woodworkheaven.com/optin25217929;>30M
https://okchomeslist.com/list-request10236732;>30M
http://kuni.space/;>30M
https://www.investortek.com/south-carolina;>30M
http://clickfunnelsaffiliatebootcamp.com/;>30M
https://highticketsuccessclub.com/invite-only;>30M
https://squatgoddesstraining.com/optin10189428;>30M
http://livintheidlife.info/pick-your-sample-pack;>30M
http://vitaminsbydesign.info/free-sample-selection;>30M
http://millionairemafia.info/;>30M
https://funnels.expert/home-report;>30M
https://groweek.com/;>30M
https://10xsecrets.com/coming-soon;>30M
http://tradingwiththanaphon.info/welcome-to-iml;>30M
http://brandonboyd.training/7-figure-blueprint;>30M
http://epiconlinesales.com/lead-magnet;>30M
https://myfitmomlife.com/hero-page;>30M
https://kapowpayments.com/main;>30M
http://appletreehomeusa.com/;>30M
https://endolovers.com/;>30M
https://ameliakinkade.org/ak-org-opt-in;>30M
https://www.couponwho.com/home-1;>30M
http://ninetwentyrealty.com/;>30M
https://gatewayfunnelpros.com/main;>30M
https://claimhelpalabama.com/claim-assessment-start;>30M
http://powsocialacademy.com/;>30M
http://privacymatters.institute/;>30M
https://retirementdreamsbook.com/free-book-page-2;>30M
https://bestbbqcompany.com/ultimate-bbq-glove;>30M
https://smartsavvycents.com/qualify-start;>30M
http://www.garyhkarp.com/home-page;>30M
https://go.easyfilmfunnel.com/how-to-sell-your-film-onlinev3;>30M
http://www.nextlevelrcpartner.com/optin;>30M
http://join3daychallenge.com/lead-magnet20230276;>30M
http://gosoldsuccess.com/;>30M
https://www.normalinamartin.com/ask-normalinasi5gbjkj;>30M
https://www.first30daysinsales.com/first;>30M
https://www.raultheedge.com/subscribe;>30M
http://sandiegonick.com/optin11941158;>30M
https://rockwooddigital.com/3v510775598;>30M
https://mohomebuyerprograms.com/hb-quiz;>30M
http://funneljava.com/fjava-welcome-ver1;>30M
http://www.seniorconnexionsidaho.com/home-a;>30M
http://onthebrinkmarketinggroup.com/;>30M
https://www.kristioen.com/home-page;>30M
http://lakearenalcondos.net/step-115133056;>30M
http://josephchristadore.net/;>30M
https://christopherwalker.info/hero-page;>30M
https://affiliatemarketerbootcamp.com/sign-up-now-2;>30M
http://edshreds.com/;>30M
http://getclickfunnelsfreetrial.com/;>30M
https://nyhomebuyerprograms.com/preaprobacion-lp;>30M
https://buildingupmen.com/free-book;>30M
https://paulslife.live/home-landing-page;>30M
http://lrsolutionsglobal.com/lise-roy-success-subscription;>30M
https://daveandleahs.wedding/home;>30M
https://foodsensitivitytestingedina.com/food-sensitivities;>30M
http://thermofoodsystem.com/squeeze-page;>30M
https://journalcheck.net/fa;>30M
https://honnetalk.net/;>30M
http://clickfunnels14dayfreetrial.com/;>30M
http://influencerbuilder.com/;>30M
https://thuocancungruavang.com/;>30M
https://directmarketingthatsells.com/home;>30M
https://acategoryof1.com/home;>30M
https://jacqueturner.com/optin18930705;>30M
https://daretodreaminspired.com/home;>30M
https://michaeldalmeida.com/michael;>30M
https://generationxsuperstore.com/home-page;>30M
https://earnestecomempire.com/home-page;>30M
https://ultimateleadhunter.com/hunter;>30M
http://saleswolves.info/prelaunch-countdown;>30M
https://weddingpastors.network/welcome;>30M
https://www.zuuglobal.com/bronze-certification-course;>30M
https://funnelsith.com/welcome-v1;>30M
https://www.simplypowerfulconsulting.com/welcome;>30M
https://www.trltribe.com/order-option-2;>30M
https://ladybossshare.com/share;>30M
https://adwn.info/;>30M
https://hassanyymc.com/3stepformula;>30M
https://cubicleescapeartists.com/our-bonuses;>30M
http://www.myiglinks.com/letsbegin-v1;>30M
https://becomeanonlinepersonaltrainer.com/launch;>30M
https://americash.loan/;>30M
https://thefortunefactorsecret.com/register;>30M
https://huskeromahaplumbing.com/24-hour-plumber-lp;>30M
http://isellmoto.com/sales-challenge-registration;>30M
https://fixtheskillsgap.com/home14348858;>30M
https://legacyportal.org/first;>30M
https://lifedesignonlinekongress.com/kongresspaket;>30M
https://diabetesblueprintguide.com/optin-13874313;>30M
https://extonmortgagepros.com/home;>30M
https://kaelintuellpoulin.com/press;>30M
http://funnelcookbook.com/fhcb-introduction;>30M
http://www.manuelsuarezmarketing.com/optin21233754;>30M
https://shinesolar20.com/ss20opt;>30M
https://shinesolar50.com/ss50opt;>30M
https://shinesolar4.com/ss4opt;>30M
https://shinesolar3.com/ss3opt;>30M
https://summasuccess.com/ss-trial;>30M
https://www.1hrpreapproval.loan/1hr-home-page;>30M
https://hustlegrind.net/2019;>30M
https://www.texasketocouple.com/tkc1;>30M
https://www.drzeeboost.com/sales-page-19984307;>30M
https://www.startaactuaryrecruitingbusiness.info/home18537882;>30M
https://futuremasterycoaching.com/optin-21220530;>30M
https://rockymountaingoatyoga.com/go-mobile;>30M
http://www.6figureaffiliates.com/free-funnel;>30M
https://jointheexchangefitness.com/transformation-f;>30M
http://expectgreatnesstoday.com/get-bonuses;>30M
https://thesignatureprinter.com/request-a-sample;>30M
https://hop2life.com/optin-17081872;>30M
https://crystalcoastlimousine.com/instant-coupon-giveaway;>30M
https://www.tulsabackandspine.com/tulsa-back-and-spine-workshop;>30M
https://kellerwilliamsrealtyagent.com/optin14530170;>30M
https://postureupmarketing.com/marketing-lp1;>30M
https://smbinnercircle.com/welcome;>30M
http://mindcodehacks.com/book;>30M
https://hackcollege101.com/;>30M
https://rejimikala.com/;>30M
http://theketonebreakthrough.com/optin14342196;>30M
https://www.tritengo.com.br/;>30M
https://millennialmarketingllc.com/index;>30M
https://freedomworkshoputah.com/3;>30M
https://www.girlsjustwannahavefunnels.com/boc-sign-up;>30M
https://chronicpainkillerz.com/free-5-day-chronic-pain-challenge;>30M
https://thelimitlessfreedom.com/everything-starts-here;>30M
https://funneldroids.com/home-v1;>30M
https://www.prestonwitt.com/home-page;>30M
https://waterrockstar.info/water-social-media-opportunity;>30M
https://texasroofingclaims.com/tx-claim-quiz-lp1;>30M
https://angelpsecrets.com/recovery-cream;>30M
http://www.videoninjapro.com/fb-webinar-registration-120125838;>30M
https://commercialtruckinginsurancegroup.com/savings-quiz-lp1;>30M
https://masterthemarket.us/welcome-ks;>30M
http://furnitureforlessoffer.com/offer13417946;>30M
http://tosanecom.com/;>30M
https://mygr8steamcleaner.com/homev2;>30M
https://www.onemanuka.com/one-manuka;>30M
http://microbladingsecrets.com/;>30M
https://zsfxtrading.com/opt-in14756499;>30M
https://rapidrealestateradio.com/home;>30M
https://www.medwreckfreedom.com/optin-26828963;>30M
https://h2opronj.com/go;>30M
https://www.omega3relief.com/home;>30M
https://webuytampabay.house/home1;>30M
https://tradewithjohn1.com/opt-in14827512;>30M
http://browandlashsecrets.com/;>30M
http://heather4az.com/;>30M
https://realmarketingmembers.com/join-today;>30M
https://danfrigorealtor.com/holden-homes-list;>30M
https://www.aaronoceanjames.com/welcome;>30M
https://www.jamesfukuchi.com/optin;>30M
https://mysignallive.com/opt-in15155931;>30M
http://www.nickwilliams.marketing/home;>30M
http://www.aldenhuxley.net/gdpr-application;>30M
https://tradefundpartner.com/auto-webinar-registration15611321;>30M
http://perfectbusinesstips.com/;>30M
https://isi-journal.com/fa;>30M
http://viphomealarms.com/optin19044913;>30M
https://connectforentrepreneurs.com/connect-home19219469;>30M
http://detroitdrumdisposal.com/squeeze-page14216234;>30M
https://club100ret.com/order-form12983231;>30M
https://delern.org/;>30M
https://www.2keet.com/;>30M
https://www.dicorporate.com/home25180505;>30M
https://amygalimore.com/opt-in15865458;>30M
https://partnerwiththeuncommondude.com/auto-webinar-registration15913652;>30M
https://siliconvalleybonus.com/webinar-registration15823149;>30M
https://cphealthandtennis.com/freeexercise;>30M
https://nofuglyfunnels.com/launch90x;>30M
http://hurricanetexas.com/squeeze-page16331094;>30M
https://okhomebuyerprograms.com/hb-quiz16148111;>30M
http://ignitemylaunch.com/start;>30M
http://wondermovienight.com/rsvp;>30M
https://freshcapitalist.com/blogadam;>30M
https://www.warriorcon3.com/early-bird;>30M
https://rkad-enterprises.com/lead-catch-226922969;>30M
https://one2wo.com/;>30M
https://dreamnaturalhair.com/work-with-me;>30M
http://rolfmesi.org/optin;>30M
https://dailycryptofix.com/misc-19380818;>30M
http://touch10k.com/;>30M
http://www.cornwalkalley.com/start;>30M
https://congtyhanquoc.net/;>30M
https://marketyourbusinessonline.click/hero-page16923291;>30M
https://www.samyenanhanh.com/;>30M
https://www.winwithnoel.com/be-a-beta;>30M
https://infinityticket.com/tic;>30M
http://carmartcreditapp.com/;>30M
https://www.freeincomefunnel.com/optin-19206768;>30M
https://buyeventwifi.com/get-wifi;>30M
http://www.cryptotaxcompliance.com/squeeze-page18908058;>30M
https://catchingmormon.com/open-soon;>30M
https://ninjapromarketinglab.com/thank-you17685763;>30M
http://bestmartialartsinstlouis.com/lead-magnet;>30M
https://travelingfro.com/hero-page;>30M
http://www.pnwmentor.com/homepage22444274;>30M
https://bagginbucks.com/survivaltool-optin;>30M
http://bestfunnels.biz/hero-page;>30M
http://dannytwoguns.info/hero-page;>30M
https://www.chrisborghese.com/coming-soon;>30M
https://armadaboost.com/eu/;>30M
https://supermarketingcourse.com/signup;>30M
https://healingslowcooker.com/welcome-healingslowcooker;>30M
https://hooh.social/;>30M
https://eshraghtrans.com/fa;>30M
http://www.utahhomeslist.com/under350k;>30M
http://www.mav3riqbox.com/subscription;>30M
https://www.rickbermanauto.com/optin17852964;>30M
http://legendssgv.com/home-page17904632;>30M
http://sgvlegends.com/home-page17904632;>30M
http://jamelsells.com/optin17949460;>30M
http://domdoescars.com/optin17949771;>30M
http://yoursalesmanaj.com/optin17959477;>30M
https://tophomeequitylenders.com/home;>30M
https://www.joshgayman.com/welcome;>30M
http://imattjohnson.com/optin17959939;>30M
http://jaredgipe.com/optin17959931;>30M
https://svab.biz/reprises;>30M
https://www.ergostore.ir/;>30M
https://achieveptgolf.com/golf;>30M
http://freereportja.com/optin18056973;>30M
http://candhcreditrepair.com/optin18069070;>30M
http://vscinsider.com/hero-page;>30M
https://digitalmarketingfixer.com/squeeze-page18094574;>30M
https://affiliaterocket.uk/free-report;>30M
https://redpill-bluepill.uk/landing;>30M
https://brettmatthews.co.uk/app-download-v1;>30M
http://cryptoprezzie.com/30-mce-complete-funnel-free-guide-optin-new;>30M
http://pete-belanger.com/hero-page;>30M
https://members.thecryptohotspot.com/vsl-order-form;>30M
https://www.spectrumfulfillment.com/home-page;>30M
https://www.tbmmediallc.com/optin17916434;>30M
http://crypto-unplugged.com/register;>30M
https://sellyourdenverhousefast.net/home-page;>30M
https://13mortgagemistakes.com/optin18251192;>30M
http://www.blackthaibizaffair.com/home;>30M
https://7stepdailyactionplan.com/gonow;>30M
https://suitsnsirens.com/start;>30M
https://fabacvacation2018.com/optin18436106;>30M
https://www.thehercpad.com/home-page18505591/home;>30M
http://rocktonlawncare.com/lead-magnet;>30M
http://www.easybutton.marketing/welcome;>30M
https://www.defyremedia.com/careerproducer;>30M
https://dfy-re.com/home;>30M
https://interviewsteve.com/schedule;>30M
https://www.theacademyofbrows.com/dream-student-optin24099164;>30M
http://thedoctorsopinions.net/optin17846611;>30M
https://www.3stepsto1million.com/3-steps-orders-page;>30M
http://www.karenandlukepetrozza.com/landing-page18948533;>30M
http://www.backalleysound.com/home-page19064803;>30M
https://weatherwatchalerts.com/;>30M
http://stepstorealestatesuccess.com/home-page;>30M
http://dentalpracticefreedomradio.com/welcome;>30M
http://www.infuze.tech/hangout-page;>30M
https://lovepotionsecrets.com/love-potion-ebooks;>30M
http://labathleticsfreeweek.com/optin-15927973;>30M
https://smartypot.ir/fa/;>30M
https://www.runthedayplanner.com/order-25125097;>30M
https://yourdistributionsolution.biz/squeeze-page18984729;>30M
http://www.addnutrienttesting.com/optin18770676;>30M
http://advancedlashtraining.com/;>30M
https://agencysalesignite.com/waitlist23841590;>30M
http://www.avrio.site/avrio-welcome-advisers2;>30M
http://3346stuart.com/squeeze-page19365170;>30M
http://futurenoosa.com/interest;>30M
http://www.medicare-secrets.com/webinar-registration-page18921804;>30M
https://amourdelile.com/orders;>30M
https://takecbdnow.com/opt-in-page;>30M
http://www.expertfunnel.info/optin;>30M
https://reddingdownpayment.com/optin-26317494;>30M
http://www.jadehousecostarica.com/home;>30M
https://mydistributionsolution.com/squeeze-page18990831;>30M
http://einstein420.com/;>30M
https://paystruniversity.com/landing-page;>30M
https://cfninjahacks.com/free-course;>30M
https://ownthenext90.com/;>30M
http://bmwkmarriagesummit.com/;>30M
http://www.eduardo-galan.com/optin19133264;>30M
https://bizoppjedi.com/hero-page;>30M
https://codydean.net/home;>30M
http://homesolarsolutionexperts.com/home19131126;>30M
https://www.thekingskit.com/wb-bundle-checkout-backup;>30M
http://gramigy.com/free-trial;>30M
https://aviatedprecision.com/aerial-drone-services;>30M
https://karashaffer.com/ask-page;>30M
https://www.iamjeffe.com/welcome;>30M
http://notifications-service.info/;>30M
https://www.empoweringtheanxiouschild.com/membership-sales-page;>30M
https://localbusinessheroes.net/order-your-lead-generation-site;>30M
https://insagentexpert.com/optin24863809;>30M
http://www.warfarecamp.com/lineman-campz;>30M
https://www.lakevillethyroid.com/lakeville-low-thyroid;>30M
https://startmyketojourney.com/hero-page;>30M
http://marketmakersacademy.com/start;>30M
https://freeonlineptstarterkit.com/opt-in-page;>30M
https://7figurefitnessebook.com/6-figure-pt-book17399512;>30M
https://www.mycfbonuses.com/home;>30M
https://www.convertbootcamp.com/optin25676988;>30M
http://2541eudora.com/squeeze-page19364604;>30M
https://www.yldiamondmine.com/register-now;>30M
http://reviewsbyjesse.com/;>30M
https://gailfrankle-movingupstreaminadownstreamworld.com/hero-page;>30M
http://www.theprimalbreath.com/comingsoon25130092;>30M
http://nemahavalleygolfevent.com/home10932994;>30M
http://mindurstrength.com/minisession;>30M
http://zawajschool.fr/;>30M
https://hospitalityfunnels.com/early-access-group;>30M
http://twocommasuccess.com/join;>30M
https://www.funnelhacker101.com/watch-video-secrets;>30M
https://askriki.com/main;>30M
http://www.networkwithnd.com/optin19533383;>30M
https://www.thetimehackingsystem.com/e-book;>30M
https://freemoneybrilliantapp.com/optin;>30M
https://freewealthcreationkit.com/optin;>30M
http://www.sweetchecklist.com/sweet-checklist;>30M
http://phxsolarsavings.com/home19514567;>30M
http://scclegacy.com/legacy_donations;>30M
http://www.tourpioneersgolfschool.com/;>30M
https://www.morepayingclientsnow.com/training-registration;>30M
http://iamrobertapem.com/hero-page;>30M
https://powernetworking.club/free-site-register-now;>30M
https://www.allinkidsbook.com/order;>30M
http://sandysolarsolutions.com/home;>30M
https://doc360events.com/squeeze-page26285014;>30M
https://getmyrig.com/deal;>30M
http://sandiegoenergyclub.com/start19620206;>30M
http://supremeteamfx.com/;>30M
https://martyningmarketing.com/7-steps-to-success;>30M
https://www.funnelsparknotes.com/gift;>30M
https://najtricko.eu/;>30M
https://harmonbrothersuniversity.com/mc1;>30M
https://thecrazydealfairy.com/home-page;>30M
https://foodservicesecrets.com/hospitality-solutions;>30M
https://opsplaybook.com/early-access;>30M
https://www.sleeppatientleads.com/sleep-patient-leads;>30M
http://womenforwardrsvp.com/rsvp;>30M
https://blogsrch.com/hero-page;>30M
https://winfreelifecoaching.com/optin;>30M
http://7dayssocial.com/webinar-registration19756849;>30M
https://impactdad.com/coming-soon23129860;>30M
https://www.freedomfightermarketingusa.com/30-min-discovery;>30M
https://riseofthephotographer.com/casting;>30M
https://endoboss.com/challenge;>30M
http://www.calvertinternetmarketing.com/philip-recommends;>30M
http://www.alimilesjenkins.com/optin19819723;>30M
http://telaptan.com/squeeze-page;>30M
https://discountcouponhome.com/;>30M
https://lukearangel.com/webinar-registration-page;>30M
http://www.rogerwalker-retirementcoach.com/retirement-system-mastermind;>30M
https://6weekchallengelrfit.com/6weekpromo;>30M
http://voxtheapp.com/ask-page;>30M
http://www.monroecountytowing.com/tow-truck;>30M
https://www.restolaunchsecrets.com/home-page;>30M
https://tiffanypringle.com/video-lead-magnet;>30M
https://markogertschnig.com/hero-page;>30M
http://www.getmoresignupsnow.com/more-clientsz;>30M
http://zion5777.com/zion5777;>30M
http://www.bridgewaysavings.com/start-1;>30M
https://msacevents.com/vip-msac-family;>30M
https://impactovirtualradio.com/inicio;>30M
https://the1fjef.com/optin20147513;>30M
https://www.letradingpourtous.com/go;>30M
https://theshortsaleplaybook.com/go;>30M
https://www.yourexclusivelistings.com/realestatebrokers;>30M
http://www.mav3riqfam.com/supportthefamily;>30M
https://freegrouptrainingebook.com/6-figure-pt-book;>30M
http://bestbusinessfunds.com/start20134270;>30M
http://mcparkth.com/optin-1782499120011615;>30M
https://dmmoneymastersmagazine.com/free-magazine-offer;>30M
http://lacyvinson.com/optin20376625;>30M
https://undergroundagentdomination.com/sales-page25314322;>30M
https://www.benefitsofalkalinity.com/landing-page20166190;>30M
http://www.sellyourhometochris.com/curry;>30M
http://expertauthoritypositioning.com/homepage;>30M
http://affiliateinthebox.com/;>30M
http://expertpositioningguaranteed.com/site;>30M
https://blogpoststhatconvert.com/special-offer;>30M
https://infinitewellnesssystem.com/free-training;>30M
https://plhadjusters.com/optin20121242;>30M
https://laerlion.com/join;>30M
http://utahenergysaver.com/start20288859;>30M
https://www.pilatesbusinessschool.com/entry;>30M
https://funnelstoleads.com/opt-in;>30M
https://www.adrianyouthcamp.com/youth-campz;>30M
https://generationonedeal.com/generation-one-special;>30M
https://www.perfectpracticelive.com/pplive2019;>30M
https://10xfitnesshacker.com/3secretos;>30M
https://www.powertriptravel.club/optin21567224;>30M
https://www.agentwealth.builders/home;>30M
https://www.betterwealth.solutions/bw1;>30M
http://harveyhelp.center/freevideo;>30M
https://debbiedonaldson.net/365ways;>30M
https://www.expertsecretsbonus.net/home;>30M
https://healthyhustlers.net/meli;>30M
https://www.myculturedlife.net/welcome-kefir;>30M
https://phillipgibbs.net/wam3-1;>30M
https://vikingcoach.net/optin21123537;>30M
https://williambrant.net/get_started2;>30M
https://www.virtualstaff.agency/optin20205931;>30M
https://anniplusmyles.com/index.html;>30M
https://www.digitaldentalschool.com/dds;>30M
https://dfy-blog.com/blog-home;>30M
http://www.mav3riqsub.com/twitch;>30M
https://kavakings.biz/squeeze-page-20610543;>30M
https://parentsquickstartguide.com/getaccessnow;>30M
https://saveourseastoday.com/lead-magnet;>30M
https://linkedscale.com/free-report;>30M
http://speakertraininghonolulu.com/home;>30M
http://nasdaqjumbotron.com/home;>30M
http://speakertrainingnewyork.com/home;>30M
https://www.vinoluxx.com/store-front22982519;>30M
https://www.puravidavibrations.com/optin;>30M
https://www.winatskin.com/anti-aging;>30M
https://www.flipandflowformula.com/order;>30M
https://etournamentseats.com/eacl;>30M
https://10stepstolaunchingptbiz.com/6-figure-pt-book;>30M
https://55freefatlossrecipes.com/7-laws-ebook;>30M
https://www.yogateacheralliance.com/starthere;>30M
http://www.naicoworkcomp.com/info20436471;>30M
http://whitepossumcatering.com/christmas;>30M
https://www.outsourcing-secrets.com/registration-page;>30M
https://lifeofpash.com/hello;>30M
https://www.expertdominationx.com/xdomx-invite;>30M
https://mediationtrainingcamp.com/iowa-training-event-law;>30M
https://elitenetworksllc.com/home-page;>30M
http://consultantmarketingstrategy.com/home;>30M
http://marketingforfinancialadvisor.com/home;>30M
https://collegefundingsecrets.info/college-secrets;>30M
https://themealplannerapp.com/;>30M
http://presentationtopic.com/home;>30M
http://improvecommunicationsskills.com/home;>30M
http://publicspeakingclassnyc.com/home;>30M
http://effectivecommunicationsskills.com/home;>30M
http://www.jfordtulsa.com/optin-lp;>30M
http://www.auctioncarsecrets.com/cheat-sheet;>30M
https://thorntonparklive.com/the-supervillians;>30M
https://fitlitvixens.com/hero-page;>30M
https://leadgenhackers.com/optin24252540;>30M
http://www.homesbymelb.com/evaluation-offers-landing-page;>30M
http://www.12provenmethods.com/optin20656614;>30M
https://bigimpactmediaoutlet.com/optin22499444;>30M
https://www.roughstreak.com/home;>30M
https://sassandsoulbeauty.com/lead-magnet;>30M
https://djfreechild.com/a-p;>30M
https://reneecarsononline.net/go;>30M
https://motheroffer.com/this-offer-has-expired;>30M
https://loganallenwilliamson.com/hero-page;>30M
https://www.yourdayonthewater.com/optin-27113555;>30M
http://deconquiz.com/start20655728;>30M
https://builderpreneur.com/optin20759706;>30M
https://thehealthyaccountants.com/tha-home-page;>30M
http://fitprostarter.com/optin22761138;>30M
https://mylifechangingvacation.com/new-long-page-marshall-westgate;>30M
https://www.energysportnunspeet.com/home;>30M
https://adistributionsolution.com/squeeze-page20761097;>30M
https://tgvsolarvacations.com/solar-vacations;>30M
https://adistributionsolution.info/squeeze-page20763930;>30M
http://www.clarkmartenchildren.com/schedule;>30M
https://www.modernrenegadesummit.com/preregistration;>30M
https://successcodehackers.com/home-page21575011;>30M
https://isotrained.com/shipping-guide;>30M
http://pocketbanx.com/;>30M
https://www.vegangainsacademy.com/welcome;>30M
http://businessfundsmarket.com/start20825584;>30M
http://www.sakkisgroupvip.com/go24170338;>30M
https://academyofnonsurgicalaesthetics.com/webinar-registration-ansa;>30M
https://lawyermasterclass.com/webinar-registration-24735089;>30M
https://thrivewithalexis.com/order-form22458415;>30M
http://bronixexchange.com/;>30M
https://builttosell.net/optin;>30M
https://www.thinkoutsidethebook.net/sales-page;>30M
http://markeastersellscars.net/hero-page20895723;>30M
http://nopressureguy.net/hero-page20025040;>30M
https://iqewholisticwellness.net/sales-page20267583;>30M
https://hustlegrindcon.com/2019;>30M
http://thehometowncarguy.com/hero-page20929312;>30M
https://zontracks.com/early-access;>30M
http://kennycountryboy.com/hero-page20959464;>30M
http://natesellsitall.com/hero-page20959062;>30M
http://kevindang.net/hero-page20959708;>30M
https://mixingcourse.com/coming-soon;>30M
https://empoweredoverthinker.com/start;>30M
https://www.wellness-featured.com/unknown;>30M
https://www.learnmicrobladingonline.com/squeeze-page23118460;>30M
https://clientemailscripts.com/optin20993568;>30M
http://edinaswellchiro.com/optin-19236061;>30M
http://www.nexthomecre-homeslist.com/optin-lp21043489;>30M
http://plrfiresalevol1.com/;>30M
http://www.csslawncare.com/info21087627;>30M
https://maxmyvetpractice.com/optin21502367;>30M
https://oruchurchgrowth.com/optin21007345;>30M
https://scunnyelvisopen.com/brochure;>30M
https://www.socialviralbox.com/;>30M
https://insurancefreepractice.com/webclass;>30M
https://collegefundingsecrets.net/college-secrets;>30M
http://ketostrongfitness.com/cut;>30M
http://livathleticyouth.com/optin-1040824112769665;>30M
https://angescott.com/hero-page;>30M
http://getpayonvacaysandiego.com/reverse-squeeze-page19086243;>30M
https://harpethdigital.net/webinar;>30M
https://www.entrepreneurelements.com/eefree;>30M
https://chirofest2018.com/optin20823720;>30M
https://www.ignitedlifetribe.com/optin;>30M
https://milesv.info/hero-page;>30M
http://dcsfreebook.com/freedotcomsecretsbook;>30M
http://acorporateescapeartist.com/services;>30M
http://launchzz.com/;>30M
https://superplatformempire.com/registration-page21190541;>30M
http://www.amanwjamboree.com/event-info;>30M
https://prowholesaleacademy.com/home21351455;>30M
http://automatemotivate.com/home;>30M
http://returnonlifechecklist.com/download-the-checklist;>30M
http://getyourcapitalnow.com/start;>30M
https://www.highervisionwindowscreens.com/freeoffer;>30M
http://10pespanol.com/sales-page21347107;>30M
http://emcmastermind.com/apply;>30M
https://www.dealhackersecrets.com/webinar-registration-22832962;>30M
http://followalongs.com/;>30M
http://furrykingtest.net/optin8273017;>30M
https://deminom.ru/en/;>30M
http://morkowki.ru/;>30M
https://1ffceducation.com/financial-stress-test;>30M
https://peacewalkersubscribe.com/optin21312191;>30M
http://www.havemorefunbook.com/hmf-book-optin24275028;>30M
https://oldfashionedaficionados.com/optin-21612806;>30M
https://www.savagesequence.com/home;>30M
https://www.powrgrowthsystem.com/powr-growth-system;>30M
https://truladyboss.com/bette-sqeez-page;>30M
https://winyourhailclaim.com/winyourhailclaim;>30M
https://aemunlimitedsolutions.com/social-wifi4;>30M
http://annaliselecher.com/optin;>30M
https://www.udar.fit/homepage;>30M
https://www.udarfitness.com/vsl;>30M
https://www.phxrealestatemeetup.com/meetup;>30M
https://www.tobeinghealthy.com/femp-signup;>30M
https://www.ncmodularsdirect.com/services;>30M
https://www.totegiveaway.com/thank-you21399954;>30M
https://www.lifeisavacay.agency/optin21567224;>30M
https://esperanzarey.com/hero-page;>30M
https://www.instaminati.com/lead-magnet21312925;>30M
https://advanced-med-aesthetics.com/tampa-bay;>30M
https://www.iamcryptonaire.com/join-today;>30M
http://sportysecretsauce.com/optin-21462044;>30M
https://pgcmarketing.com/about_kirt_primeaux;>30M
http://laptopsandlatteja.com/home;>30M
https://poolownersdata.com/top-21-growth-hacks;>30M
http://perfectaffiliatesystem.com/pre-launch;>30M
http://www.homeleadsx.com/home;>30M
http://calihomebuyersecrets.com/san-diego-secrets;>30M
http://how2retirein100days.com/affiliate-bootcamp-optin;>30M
https://bitcoinmillionairemasterclass.com/product-launch-page14;>30M
https://affiliate7stepstofreedom.com/optin;>30M
https://fundyourkickstarter.com/home1;>30M
https://keys2retention.com/employee-retention-checklist;>30M
https://healthyrebelstore.com/swagorder;>30M
http://nextyourcontent.com/;>30M
https://www.influencersparadise.com/inner-circle;>30M
https://nudvita.com/squeeze-page;>30M
https://thrivinginlifessweetspot.com/home-page;>30M
http://myofferlab.com/closed-enrollment24420295;>30M
https://slayyourgiant.biz/vsl-order-form1;>30M
http://golatmarketing.com/services;>30M
https://myphamquynhanh.online/;>30M
http://www.nclexmasterysecrets.com/optin21733913;>30M
http://www.emmanuelramirez.win/optin-2145179421781978;>30M
https://5tradesmoneymachine.com/5tmm-201901a;>30M
http://krazydealsonline.net/baby-carrier-sale-page;>30M
http://www.lovetiktok.com/;>30M
https://janaebagley.com/about-janae;>30M
https://vanessadeburlet.com/optin24260459;>30M
http://www.fridaysareforclosers.com/podcast;>30M
https://wesellyourbeer.com/optin22059219;>30M
https://survey3000.com/now;>30M
https://aviatedgroup.com/welcome-to-aviated;>30M
https://angemiinsiders.com/insiders-page-25072067;>30M
https://ttpnutrition.com/wrestling;>30M
https://www.thex2entrepreneur.com/services23599444;>30M
https://aminoserene.com/hsp-formula;>30M
http://www.wisefirsthome.com/pre-approval-lp;>30M
https://badassblogkit.com/badass-blog-guide;>30M
http://retargeting-secrets.com/;>30M
http://gloriaisawesome.com/glorias-awesome;>30M
https://www.usa-protect.com/home-page22044301;>30M
https://www.joinfas.com/start-today;>30M
https://health-care-connection.com/free-vein-screening;>30M
https://www.migliorperformancenellacorsa.com/lista-di-attesa-libro;>30M
https://5050teamtraining.com/3secrets-gift-1;>30M
https://www.michaelgordeev.com/new-home26435620;>30M
http://cfretargetingsecrets.com/;>30M
https://truedestinymarketing.info/optin22142480;>30M
https://getpaidtomakecalls.com/optin;>30M
http://vsoriginals.com/optin;>30M
https://theendlessquestion.com/lead-magnet;>30M
http://stillingtonproject.com/optin-22034968;>30M
https://gtgnewsletter.com/optin;>30M
https://edifyconference.live/register;>30M
https://www.justaddcolorparty.com/order-25267307;>30M
http://clickmailking.com/optin;>30M
https://fastified.net/fastifiedhomepage25251222;>30M
https://myonlinedanceschool.com/my-online-dance-school;>30M
http://www.adventumfinancial.com/offer-wall21776210;>30M
http://revelspiritsepk.com/epk;>30M
https://digitalisierungskongress.biz/platz-sichern;>30M
https://www.perfect10autocreditapp.com/credit;>30M
http://freeinstagrowmasterclass.com/instagrow-academy-webinar;>30M
https://privatelswebinar.com/webinar22744041;>30M
https://getmyvita.com/introducing-vita;>30M
http://carrfireloan.com/car-fire-options-page;>30M
http://fitfreedomtransformation.com/;>30M
https://ergen-book.com/store-front;>30M
http://mcdanielcallahanvacation.com/go22460135;>30M
https://ownhershipmatters.com/order-form;>30M
https://skincarefunnels.com/optin22497359;>30M
http://projectfugazi.com/go;>30M
http://youreasylifeinsurancequote.com/start;>30M
http://www.mortgagebyacademy.com/60-sec-pre-qual-questionnaire;>30M
https://www.nlp-manual.com/get-it;>30M
https://shipisocapt.com/free-pi650-kit;>30M
http://advancedmicrobladingtraining.com/;>30M
http://advancedvolumelashtraining.com/;>30M
https://socialsellingja.com/holiday-marketing-webinar-registration;>30M
https://gluteguruguides.com/vsl-order-form20605271;>30M
http://www.renovationfunnels.com/home19070425;>30M
http://buddhasbrain.co.uk/optin20206525;>30M
http://connectionsradio.co.uk/;>30M
https://customersnow.co.uk/choose-your-path;>30M
https://dgminibuses.co.uk/;>30M
https://www.energyefficiencyexpert.co.uk/free-nest-special-boiler-deal;>30M
https://fivedeadlysins.co.uk/offer;>30M
http://najlepszekursyangielskiego.co.uk/strona-glowna;>30M
https://nevermissadeal.co.uk/;>30M
https://amourdelile.com.au/orders;>30M
http://backpacktasmania.com.au/optin10206273;>30M
https://digitalmarketerinstitute.com.au/page;>30M
https://eventfunnels.com.au/front-end;>30M
http://growhealthyandyoung.com.au/;>30M
http://nickiglobal.com.au/nick-christensen;>30M
https://ourtradiebusinesssecrets.com.au/optin2czk9kq5;>30M
http://peakperformancemarketing.com.au/home;>30M
http://entrep.club/join;>30M
http://www.lettuceheaven.club/join-the-lettuce-heaven-club;>30M
http://www.stealthprofits.club/auto-webinar-registration24504150;>30M
https://deals.bellee.co/belle-products;>30M
http://laptoplivsstil.dk/;>30M
https://lokalfbfunnels.dk/lokal-fb-funnels-salgsside;>30M
https://doki-h.fr/;>30M
https://minidukan.in/;>30M
http://patscott.io/hero-page18069314;>30M
https://www.superzero.io/start;>30M
https://www.supermanager.io/go;>30M
https://www.superairbnb.io/start-now;>30M
http://webuildit.io/welcome;>30M
https://posterfree.ir/;>30M
https://vc8823.jp/;>30M
https://pengxing.me/;>30M
http://passiveincome.pro/;>30M
http://go.myheadspace.tv/optin11749128;>30M
http://speakertraining.tv/home;>30M
https://www.silvercherry.co.za/cakesmash;>30M
https://reconnectvacation.com/go22554448;>30M
https://zachschuenke.com/hero-page;>30M
http://chiroleadsecrets.com/go;>30M
https://lexcomcoaching.com/hero-page;>30M
http://fbleadhunter.com/;>30M
https://fitnessnerdacademy.com/optin24837337;>30M
http://ryanarmenta.com/homepage22438978;>30M
http://theretirementmovement.com/;>30M
http://lsquickstart.com/optin22662064;>30M
http://www.utpainreliefcenter.com/new-patient-special-a;>30M
http://superhostprofits.click/squeeze-page26545946;>30M
https://fixmydigitalmarketing.com/;>30M
https://www.lifestoneliving.com/dhsoasis;>30M
https://connexionpointjobs.com/step1;>30M
https://jaclynchallreview.com/go-review;>30M
http://www.saltyroguerealestate.com/optin26892482;>30M
https://aluonline.info/sales-page22593594;>30M
http://sitevisitormatch.io/site-visitor-match;>30M
https://www.topinspectiongroup.com/optin22469720;>30M
https://triumphtestprep.com/order;>30M
https://www.dietdisruptors.com/home;>30M
https://fjedmarketing.com/home-page;>30M
https://www.idoepicnetworking.com/application;>30M
https://book-pub.ir/fa;>30M
https://strongchickproject.com/join-28day-2;>30M
https://meetingwithlynne.com/welcome;>30M
http://minneapolistraining.com/;>30M
http://akscloset.org/optin18534324;>30M
https://www.milliondollarmedspa.org/fb-targeting-guide;>30M
https://www.nattrac.org/webinar-registration;>30M
https://heatherscoolpoolschool.org/hero-page19155721;>30M
https://www.cleanenergytimes.org/no-cost-solar-launched-in-texas;>30M
http://www.conversionhackers.org/shopify-training-registration;>30M
http://jimpurdy.org/;>30M
https://www.monaevents.org/optin21144466;>30M
https://collegefundingsecrets.org/college-secrets;>30M
https://hicksforsheriff.org/rh-main1;>30M
http://newpatientoffer.org/glen-carbon;>30M
https://b2bentrepreneur.org/home-page;>30M
https://isaiahsrock.org/two-step-order;>30M
https://orthoresource.org/home;>30M
https://www.lastdayswarrior.com/order-summer-access;>30M
https://abruzzosposi.me/optin21713565;>30M
https://onedecision30days.com/prelaunch;>30M
http://wplegalease.com/;>30M
https://www.chinamagictrip.com/;>30M
https://personalproductivityaccelerator.com/lead-magnet23042892;>30M
http://digitalcompliancealliance.org/;>30M
https://solarfreeinstall.com/blog-post;>30M
https://funnelliftoff.com/home;>30M
http://anusiya.com/;>30M
http://marylandgunpermit.com/;>30M
https://www.voicemailmarketingmachine.com/home-page;>30M
https://eliteplus24.com/startseite;>30M
https://numerologyresults.com/affilate-funnel-1-numerology;>30M
https://sinetgroup-investments.com/home;>30M
http://cheongkwanjang.net/;>30M
http://kgsvietnam.com/;>30M
https://www.qualitygoodssupply.com/register;>30M
https://www.nutrivoro.com/optin26289394;>30M
https://martialartstrialclass.com/squeeze-page;>30M
https://canceludarkickboxing.com/quiz-page;>30M
https://stopblockingmoney.com/two-step-order23414133;>30M
https://justaddcolorfunkit.com/freefunkit;>30M
https://winlaptoplifestylecoaching.com/optin;>30M
https://harmonbrothersbook.com/order-26117994;>30M
http://povertyisdead.com/;>30M
http://ecomvisitormatch.com/a-smarter-pixel;>30M
https://loveliftliberate.com/order;>30M
http://www.thedigitalceos.com/lead-magnet23675330;>30M
https://jyrwellness.net/inicio;>30M
http://funnel-hacks-webinar.com/;>30M
http://7dayfranchisechallenge.com/hero-page;>30M
https://www.thementalhealthmastery.com/home;>30M
https://secretsoftwarediscounts.com/clickfunnels-discount;>30M
https://a2z123realestate.com/optin26206646;>30M
https://killbotfraud.com/kill-bot-fraud;>30M
http://www.healthypatron.com/optin24187555;>30M
https://www.rehab-congress.com/conference-template-0523173262;>30M
http://jmoronta.com/optin-2179828324723531;>30M
https://dothancountdown.com/countdowntochange1;>30M
http://barbusinessacademy.com/;>30M
http://www.kgcvietnam.vn/;>30M
https://carolinaiml.com/negocio;>30M
http://orlandomedicarehelp.com/affordableone;>30M
http://thelgmarketing.com/call;>30M
http://blackwealthonlinesummit.com/;>30M
http://www.doctormarketingsecrets.com/home-page;>30M
https://roguerevenue.com/optin2-0;>30M
https://modernprofitscruise.com/2019;>30M
https://www.vipautotrading.com/optin24851277;>30M
http://hiverclub.com/apply;>30M
https://www.simplifieddropshipping.com/vsl19576895;>30M
https://www.bigdreamchallenge.com/optin26706445;>30M
https://adsthatclose.com/masterclass;>30M
http://www.integramortgageandlending.com/qualifier;>30M
http://ijaraproperties.com/;>30M
http://www.cms-brokers.com/optin26129101;>30M
http://winesdaylakemary.com/liamfitzpatricks;>30M
https://secretstothesevenshotsofgolf.com/optin24241011;>30M
https://swagdisruption.com/optin23947785;>30M
https://cvnetworkincome.com/optin23669807;>30M
https://www.squaredology.com/home;>30M
http://www.myaromatone.com/squeeze-page24200592;>30M
http://okcfoodswap.com/coming-soon;>30M
https://theveinplace-oc.com/spider-vein-treatment-offer-v2;>30M
https://www.sweetbettyruth.com/squeeze-page23879880;>30M
https://www.handyheaterusa.com/myhandy-heater-1;>30M
https://brokeragehacking.com/free-book-the-million-dollar-real-estate-team;>30M
http://www.theimpactfunnelsystem.com/access;>30M
https://joiniceteam.com/reverse-squeeze-page;>30M
https://www.mootish.com/;>30M
https://www.cashfunnelsecrets.com/hero-page;>30M
https://www.platinchaininsider.com/platin-review;>30M
https://alohakiss.co/;>30M
https://greekfestivaloffer.com/order-form24161410;>30M
http://www.gemayegoitz.com/inicio;>30M
https://tarotninjabootcamp.com/squeeze-page-pdf;>30M
https://harmonyhomesalf4sale.com/sales-page16294068;>30M
https://www.hollywoodhookahreservations.com/reservations1;>30M
http://atlashomesok.com/home;>30M
https://www.linkedbusinessinbox.com/linkedin-marketing-company-in-a-box-home;>30M
https://josephlyoung.biz/bridge-page24188053;>30M
https://lindawilleven.com/crowdfunding;>30M
https://industriesoftomorrow.com/special-report;>30M
https://www.amzsinfronteras.com/modulo-1v2;>30M
http://www.ownyourmobilebillboard.com/led-mobile-billboard;>30M
https://realestateempirepro.com/free-webinar-registration;>30M
https://rrgtopdollar.com/home;>30M
https://www.trusteeford.com/welcome;>30M
https://join.americanhuntersassociation.org/home;>30M
https://deercreekfinancing.com/optin-1969935224473719;>30M
https://www.funnelhackerseattle.com/home-page;>30M
http://thehiverclub.com/applynow;>30M
http://thermivaatlanta.net/thermiva;>30M
http://thebestyourightnow.com/;>30M
https://tunesonrepeat.com/;>30M
https://antesempleadohoymillonario.com/enviogratis;>30M
https://www.smarternutritiontribe.com/squeeze-page24353148;>30M
https://endometriosissecrets.com/home-page;>30M
https://drivingwithdebbie.com/home-page;>30M
https://www.superboost.live/conner;>30M
https://phibrowswebinar.com/registration;>30M
https://www.paintreatmentreferrals.com/store-front24018383;>30M
http://www.samasta.io/home1;>30M
http://www.gooddoggyuniversity.com/trainingpage;>30M
https://www.b2box.info/incontriamoci;>30M
https://moneyschoolrei.com/freeevent;>30M
https://gr8energyreferrals.com/form;>30M
http://calamitunity.life/;>30M
https://residualbulldoglifestyle.com/go;>30M
http://www.skilledstaffmonitor.com/beratung24521862;>30M
https://influecemarketingsystem.com/home-page;>30M
https://www.scottsdaleintensive.com/tickets;>30M
https://freesalesfuel.com/free-gift;>30M
https://alwaysinourhair.com/shirt24526701;>30M
http://droppindollars.com/learn-more;>30M
http://funnel.lawyer/;>30M
http://www.uppercutconsultinggroup.com/eliteacademyinfo1;>30M
http://brendazapata.com/iml;>30M
https://sellerleadsuccess.com/report;>30M
http://moneymakingbeacons.com/;>30M
http://hackmlm.com/here-soon;>30M
https://categorykingcouncil.com/coming-soon-1;>30M
https://www.kneeprocedure.com/homepage24929478;>30M
https://www.blackfridayintensive.com/home;>30M
https://www.myndyourbrain.com/optin-26169505;>30M
https://iteachoutreach.com/optin25353992;>30M
https://www.shop2impact.com/smile;>30M
http://www.crazyplushies.com/home;>30M
https://funnelacceleratorcoaching.com/info-v1;>30M
https://learnrephotography.com/go;>30M
https://psychoticfocus.com/squeeze-page25166774;>30M
https://www.harogoniconsulting.com/home-page24730329;>30M
https://www.ppmablackbelt.com/webinar-registration-24816496;>30M
https://www.tattoois.app/home-filtro25518212;>30M
https://www.jonfelty.com/home;>30M
https://www.10xequitysecrets.net/optin25988931;>30M
https://www.dessaigratuit.com/squeeze-page;>30M
https://90dayflipchallenge.com/join-the-90-day-flip-challenge-and-profit;>30M
http://captureaway.com/photographer;>30M
https://massivepassiveincomeclub.com/optin-126106167;>30M
http://10xsuitemastermind.com/reserve;>30M
http://frankkernbook.com/optin24883998;>30M
https://thinkbiggerre.com/about;>30M
http://creativeinfluenze.com/;>30M
https://24-hour-deals.com/gamers-christmas-list;>30M
https://spycbd.com/what-is-x25037859;>30M
https://12daysxmasforpts.com/optin;>30M
https://qbt12daysxmaspromo.com/optin;>30M
https://cbdfounders.com/what-is-x25038576;>30M
https://cbdtalent.com/what-is-x25038499;>30M
https://cbdsultans.com/what-is-x25037916;>30M
https://win12weekscoachingforxmas.com/optin;>30M
https://rhsfit.net/detox-start;>30M
https://gualteramarelomentor.com/hero-page;>30M
https://antoniapeachgel.com/squeeze-page;>30M
https://evadolling.com/hero-page;>30M
https://sieuthidienlanhcu.com/;>30M
https://smartertopicstoday.com/blog-home;>30M
http://www.coachandspeak.com/webinar-register;>30M
https://www.leadninjamasterclass.com/must-watch-tutorial-step;>30M
https://mydistributionsolution.net/squeeze-page25003370;>30M
http://next90experience.com/webinar-replay-room25262957;>30M
https://www.calendarcamgirls.com/cam-calendar;>30M
http://closerpayments.com/main25190756;>30M
http://wpprivacymatters.com/;>30M
https://mystcbd.com/launching-today;>30M
https://ekahiornish.click/landing-page-5l3xc3k4;>30M
http://www.fritzmenshealth.com/optin25045628;>30M
https://www.lifestonevfo.com/v1;>30M
https://tlcflawless.com/product-benefits25105117;>30M
https://movimentoreboot.com/info;>30M
https://hivesecrets.com/hivebiz;>30M
https://www.sillyscrunchies.com/store-front;>30M
https://bestpayingjobshq.com/optin25135715;>30M
http://getredirection.com/;>30M
https://freelawyerchatbox.com/chat;>30M
http://www.adtoonselearning.com/elearning-page021;>30M
http://www.thereidepot.com/test;>30M
https://firsthappytea.com/order-form-regular;>30M
https://www.beachbodynoex.com/fitness;>30M
https://iambosswood.com/subscribe26137708;>30M
http://www.bombe-shop.com/optin25086168;>30M
https://cyndyreidfitness.biz/hero-page24907855;>30M
http://www.wintheheadgame.com/webinar-registration25188940;>30M
https://takeoffandscale.com/;>30M
http://cbdhive.biz/applynow;>30M
https://www.erikhoffmann.net/attention;>30M
https://theperfectfunnelsystem.com/optin-25348958;>30M
https://mcatprepacademy.com/home;>30M
https://mygoldeneducation.com/optin25459950;>30M
https://ohhlalajewelry.com/squeeze-page;>30M
https://ceowhitneym.com/optin25546207;>30M
https://www.kink-o-meter.com/;>30M
https://f45leadenhallmarket.com/optin;>30M
https://socialplacemarketing.com/sales26852174;>30M
http://samphuocthinh.com/;>30M
https://www.shopglobalinnovations.com/welcome;>30M
https://freshfield.info/hero-page;>30M
https://buildyourbrandthebook.com/freebook;>30M
https://www.warriorbookletter.com/now;>30M
https://goalcreationjournal.com/sales-page;>30M
http://aviatedmarketing.com/optin-2207400525304551;>30M
https://www.chrisfreebook.com/order-850368911937379;>30M
https://splashmagick.com/get-started-dream-car24961499;>30M
https://churchmarketingrescue.com/optin-26829775;>30M
https://howardstgallery.com/welcome;>30M
http://ecomlocalmaroc.com/;>30M
https://corporatejailbreakers.com/home;>30M
https://3sprotrading.com/123pattern-free-training;>30M
https://alpha-pickup.com/;>30M
http://premiumclientsgiveaway.com/;>30M
http://www.10ksidehustle.club/evergreen-webinar-registration;>30M
http://onsteveslist.com/on-steve-s-list;>30M
https://bbptpersonaltrainer.com/free-pt-session-a25973313;>30M
https://www.liveonemore.com/apply;>30M
https://oneclosingaway.com/joinchallenge25939213;>30M
https://ofasignup.com/bonus;>30M
https://redcarpetgemmarket.net/insider-secrets1;>30M
http://www.thewellnessbreakthroughpackage.com/webinar-registration-page26088947;>30M
https://www.busymomswellnesstoolkit.com/bmreg;>30M
http://www.betterposturebetterhealth.com/quiz-page;>30M
https://vastlocalclients.com/bridge-page;>30M
https://www.simplydiffusers.online/squeeze-page25656745;>30M
https://wpacademy.click/order-form;>30M
https://www.dominateyourspaces.com/optin25598649;>30M
http://www.fixibd.com/webinar-registration;>30M
https://www.unlimitedlocalpatients.com/patient-referrals25201993;>30M
https://vapleasehelpme.com/optin25714930-z1;>30M
https://growwebsitesales.com/auto-webinar-registration-25972893;>30M
https://secrethealthhack.com/optin25784612;>30M
https://www.appointmentlead.com/event-page25827589;>30M
https://zeven-shop.com/optin25688724;>30M
http://www.morrowquote.com/optin25798416;>30M
https://www.un-starving.com/un-starving-01;>30M
http://getcbdhive.com/trynow;>30M
https://krear-business.com/store-front;>30M
https://hanga.click/optin25882570;>30M
http://www.thebotbootcamp.com/get-notified1;>30M
https://whatisbitcoinbook.com/wib-extra;>30M
https://www.blockbustercourses.com/optin25800793;>30M
https://getcashbackapp.com/life-info-app;>30M
http://fastpainquiz.com/getanswers;>30M
http://www.timothyzellmermentoring.com/homepage;>30M
http://freemeditationresources.com/;>30M
http://callcenterbrokerage.com/about-ccb;>30M
https://challengedetox.com/5days;>30M
https://www.kassidysellstampa.com/optin-2666463126671030;>30M
https://vastlocalreviews.com/bridge-page;>30M
https://stgeorgedancehall.com/classes;>30M
http://cbdfyre.com/optin25972924;>30M
https://maeva-d.com/the-independant-boat;>30M
https://deventerfitenveilig.com/aanmelden-intake;>30M
https://mynesweepers10.com/msv3-10-cart;>30M
https://joingetpaidtotype.com/join-get-paid-to-type;>30M
https://iamlegacyathlete.com/lahome;>30M
https://www.cbdforclinics.com/home;>30M
http://purpleseamarketing.com/;>30M
https://wellbeyondfearless.com/squeeze;>30M
http://www.kevo-university.com/form26146496;>30M
https://www.qualcomconsulting.com/launch-page-126143132;>30M
https://simplyforlifemilton.com/nutrition-coaching-milton;>30M
http://www.polygonpilots.com/klh;>30M
http://www.alwaysbelight.com/optin;>30M
https://sccinterstellar.com/vsl;>30M
http://www.lemonhousescashoffer.com/optin25795205;>30M
https://www.synapsevibe.org/opinion-poll;>30M
https://yourdreamjobtraining.com/dreamjobwebinar;>30M
https://laserspotremover.com/mm;>30M
https://chrissfreedomnotes.com/vsl26271790;>30M
http://callcbdhive.com/retail-starter-kit;>30M
https://aliveat25southeast.com/optin26074129;>30M
http://10xcall.com/book-now;>30M
http://golatclass.com/book-now;>30M
https://3dinfusionexpo-patterson.com/homepage;>30M
https://www.officialpatriothat.com/store-front26411028;>30M
https://www.srtglobalcoaches.com/welcome-page;>30M
http://authreset.com/squeeze-page26271682;>30M
https://cprcontracting.org/optin;>30M
https://www.mealplanningsecrets.com/ultimate-home-book-digital-edition?page_id=26249345&page_key=lcoy1vkj0eiuv2b3&page_hash=89f5101d660&login_redirect=1;>30M
https://glacierjnjworldwide.com/optin26862842;>30M
https://itechservicesllc.biz/optin26489882;>30M
https://karateplainsboro.com/welcome20376868;>30M
http://thewinningmarriageformula.com/;>30M
http://obaatcoaching.com/group;>30M
https://www.prestonsteelcompany.com/home-page;>30M
https://cachecupracing.com/optin;>30M
http://www.medcardguide.com/begin-v1;>30M
http://cbdhivesamples.com/trynow;>30M
https://mynlpi-elite.com/vsl26703290;>30M
http://hivesamples.com/trynow;>30M
https://bham6weekchallenge.com/jointoday;>30M
https://www.performhero.com/optin26706819;>30M
https://thescienceofpotty.com/optin26407040;>30M
http://capitalistcoaching.com/opennow;>30M
https://www.belladonnaclass.com/optin26840143;>30M
http://bigmlmsummit.com/squeeze-page26836057;>30M
http://everydayconversion.com/;>30M
https://riversjohnson.com/intro;>30M
http://floridahousesguide.com/;>30M
https://www.brian14daytrial.com/trial;>30M
https://kiatsiri.com/4ways;>30M
https://teresahardingfasttrack.com/fast-track-home;>30M
https://topmind.click/thank-you-page;>30M
http://hackmlm.club/sales-page27201786;>30M
http://authreset.net/squeeze-page26271682;>30M
