http://www.tribunnews.com/;83
http://www.detik.com/;119
https://coinmarketcap.com/;135
https://www.kompas.com/;211
https://www.thesaurus.com/;225
http://www.haber7.com/;323
https://www.usatoday.com/;359
https://www.liputan6.com/;408
https://www.dictionary.com/;436
https://www.kaskus.co.id/;483
https://www.merdeka.com/;550
https://www.urbandictionary.com/;581
https://www.idntimes.com/;629
https://www.viva.co.id/;643
http://www.grid.id/;715
https://www.dream.co.id/;1084
https://www.kompasiana.com/;1231
https://www.bolasport.com/;1298
https://start.att.net/;1352
https://www.bola.com/;2424
https://www.hindustantimes.com/;2497
https://www.abplive.in/;2560
https://toyokeizai.net/;3055
https://www.mudah.my/;3081
https://www.indiatoday.in/;3627
https://www.gridoto.com/;3947
https://jmty.jp/;5010
https://thenextweb.com/;5077
http://www.afpbb.com/;5305
https://www.giallozafferano.it/;6166
https://www.azcentral.com/;6753
https://www.scoopwhoop.com/;6958
https://www.my-personaltrainer.it/;7453
https://www.livehindustan.com/;7549
https://www.patrika.com/;7552
https://www.gsp.ro/;8168
https://www.kontan.co.id/;8431
https://www.f5haber.com/;9376
https://centurylink.net/;9722
https://www.asianetnews.com/;10722
https://www.myscrapnook.com/myscrapnook/home;12101
https://www.businesstoday.in/;12720
https://www.expertreviews.co.uk/;13050
https://forbesjapan.com/;13444
https://www.metservice.com/national/home;13954
https://home.suddenlink.net/;14359
https://www.webcg.net/;14843
https://www.nikkan-gendai.com/;16102
https://hotcopper.com.au/;16691
https://www.republicworld.com/;20755
http://truyentranh.net/;23603
https://www.thelallantop.com/;24718
https://www.windstream.net/;24803
https://www.hegnar.no/;25618
https://muropaketti.com/;26265
https://www.panorama.it/;28581
https://limia.jp/;28699
https://www.pianetadonna.it/;30227
http://www.girlgames.com/;30395
https://ohbulan.com/;31207
https://www.desmoinesregister.com/;32808
https://www.unica.ro/;33320
https://portal.tds.net/;35571
http://bartamanpatrika.com/;35751
https://www.log.com.tr/;38882
https://www.whichcar.com.au/;42383
https://getnews.jp/;47076
https://wowway.net/;47178
http://www.fotospor.com/;47254
https://www.desimartini.com/;47974
http://booksonline.com.ua/;48477
https://www.dailyo.in/;49136
https://ecards.myfuncards.com/myfuncards/splash.jhtml;49971
https://j-town.net/tokyo/;51299
https://www.popxo.com/;53023
https://www.lohud.com/;53306
https://www.panorama-auto.it/;56839
https://www.cincinnatibell.net/;60197
https://mediacomtoday.com/;62733
http://teluguone.com/;64738
http://boxing-social.com/;67021
https://www.racing.com/;70033
https://www.tcpalm.com/;76467
https://www.eveningtelegraph.co.uk/;86743
https://www.auto-bild.ro/;92431
https://tvtonight.com.au/;94502
https://www.neoldu.com/;102263
https://metromode.se/;104158
https://www.ichowk.in/;113535
https://www.armstrongmywire.com/;118989
https://www.pakwangali.in/;119203
https://www.sundaypost.com/;123727
https://www.metrojobb.se/;124285
http://wordgames.com/en/static/;124575
https://realityportalen.dk/;125158
https://www.elle.ro/;130041
https://smcb.jp/;131655
https://www.thecourier.co.uk/;136658
https://hymy.fi/;139113
http://www.supergames.com/;151059
http://www.destinationweddingmag.tv/playlist.1/favorites/;153658
https://www.statesmanjournal.com/;153681
https://www.eveningexpress.co.uk/;157377
http://www.cookinggames.com/;159018
https://eralehti.fi/;161371
https://www.news-press.com/;177307
https://hay.tv/;177919
https://www.jconline.com/;189797
https://www.mycentraljersey.com/;191245
https://www.dailyrecord.com/;196780
https://nt.se/nyheter/;212001
https://www.guampdn.com/;212426
https://portal.metrocast.net/;212827
https://www.citizen-times.com/;214005
https://www.ydr.com/;215776
https://www.poughkeepsiejournal.com/;219191
https://www.energyvoice.com/;221392
https://www.burlingtonfreepress.com/;225672
https://www.pressandjournal.co.uk/;230315
https://www.pressconnects.com/;240405
http://www.knowonlineadvertising.com/;241874
https://www.hawaiiantel.net/;242895
https://suomenkuvalehti.fi/;250057
https://www.publicopiniononline.com/;267810
https://www.coloradoan.com/;274777
https://www.fimela.com/;281342
https://www.redding.com/;284707
https://www.tradeuniquecars.com.au/;307673
https://www.propertychat.com.au/community/;322806
http://kalakaumudi.com/malayalam/;326122
https://www.caller.com/;326833
https://www.press-citizen.com/;337087
http://www.atlanticbb.net/;356291
https://www.reporternews.com/;382534
https://www.zerotackle.com/;403292
https://www.mansfieldnewsjournal.com/;410022
https://www.hometownlife.com/;431860
https://www.oddnaari.in/;528327
http://broadstripe.net/;542031
https://www.ldnews.com/;543436
https://www.reno.com/;552009
https://www.fq.co.nz/;562035
http://www.leonardo.tv/;564095
https://www.fullyloaded.com.au/;589566
https://www.currentargus.com/;623990
https://www.eveningsun.com/;624596
https://www.tradeplantequipment.com.au/;697203
http://www.vellinakshatram.com/online/;788281
https://skanesport.se/;828312
https://www.lancastereaglegazette.com/;843363
http://nlt.se/;901425
https://www.tradetrucks.com.au/;904016
https://www.theginkin.com/;929903
https://www.tradeaboat.co.nz/;1026984
http://www.cod-aw-wiki.com/;1179838
https://www.farmtrader.co.nz/;1352067
https://www.zerohanger.com/;1400030
http://budidarma.com/;1638769
https://www.thepeoplesfriend.co.uk/;1710975
http://www.movietips.net/;1753475
https://www.scotsmagazine.com/;1788469
https://alibi.fi/;1910882
https://www.ruidosonews.com/;2078657
https://www.blackmountainnews.com/;2356428
http://mysecv.com/;2385356
http://skullgirls-wiki.com/;2424724
https://www.realassetmgt.co.uk/;2444157
https://www.scottishfield.co.uk/;2497712
https://mc-gg.blogspot.com/;2527736
https://www.realassetmgt.com/;2599338
http://www.flipsidepa.com/;2691734
https://monofresh915.com/;2789987
http://cucinaitaliana.info/;3237543
https://dekolehti.fi/;3248112
https://www.no1magazine.co.uk/;3328389
http://kojin-yu-nyu.com/;3562768
http://myepb.net/;4773223
http://jubo.com/;5059906
http://valkyrie-profile.info/;5198790
https://www.rooftopguiden.se/;5449660
http://morrisbroadband.net/;5626502
http://gethotwired.net/;5665140
https://vivalehti.fi/;5668603
http://www.flex888.com/;5767653
https://kotilaakari.fi/;6065555
http://ygsp.ro/;7049537
http://kafo.pl/;7285744
https://www.besteverchristmas.co.uk/;7745974
http://africamissions.org/;8501836
https://www.farmersadvance.com/;8678677
http://awesom-o.com/;8959097
http://hometv2go.com/;9725454
https://www.elsoldesalinas.com/;10073919
http://www.celebrities-pictures.com/;10174507
http://osteria-porcavacca.it/;10302980
http://xenosaga.info/;10405543
https://www.ramintermodal.com/;10654748
http://bioplasticscouncil.org/;10935510
https://www.motorplus-online.com/;11174492
https://www.gridtechno.com/;11184921
https://familj.se/;11961050
http://www.coolfonts.info/;11961384
http://tempra.se/;12623365
http://sauna-zoerbig.de/;12976330
http://myhtcplus.net/;13886579
http://radiohiphop.com/;14031202
http://allfriendz.com/;14067365
http://www.knoxvillebookoflists.com/;15065042
https://www.mynation.com/;17294570
http://zaowu.com/;17571340
http://www.geeknone.com/;17811257
http://www.homebeautyandbeyond.com/;17829693
https://www.democratandchronicle.net/;18944331
http://tech99tricks.com/;21509267
http://udimg.com/;22317674
http://realassetsoftware.com/;24184074
http://www.fashion-design-drawing.com/;26342075
http://refundplease.com/;27973386
https://www.tenki-yoho.com/;>30M
https://plaza.fi/;>30M
https://www.battlecreekenquirer.com/;>30M
https://mybendbroadband.com/;>30M
http://www.dailyfortune.jp/;>30M
http://nwcable.net/;>30M
https://www.coshoctontribune.com/;>30M
https://www.tradefarmmachinery.com.au/;>30M
https://www.fsunews.com/;>30M
https://lokus.se/;>30M
https://www.tradeearthmovers.com.au/;>30M
https://www.nzmcd.co.nz/;>30M
https://rakennusmaailma.fi/;>30M
https://www.ownerdriver.com.au/;>30M
https://www.dealsonwheels.co.nz/;>30M
https://www.busnews.com.au/;>30M
https://aperture.synacor.net/;>30M
https://koululainen.fi/;>30M
http://myfreecalendarmaker.net/;>30M
http://evonygamers.com/;>30M
http://sexylocalbands.com/;>30M
http://st12.jp/;>30M
http://browardcommunitycollege.net/;>30M
https://www.zerotipper.com/;>30M
http://th15.com/;>30M
http://organizedmeeting.com/;>30M
http://advforme.com/;>30M
http://imag-productions.com/;>30M
http://gcta.fr/;>30M
https://www.homestolove.co.nz/;>30M
http://clankor.org/;>30M
http://puzzdan.info/;>30M
http://yakusokunotoki.com/;>30M
https://newgenreading.com/;>30M
http://studentopia.net/;>30M
https://buseni.com/;>30M
http://csnt.jp/;>30M
http://ufcnancy.info/;>30M
http://www.motosgabi.com/default.php;>30M
http://meikangxi.com/;>30M
http://flugilo.net/;>30M
https://cogsandtogs.com/;>30M
http://kim-jong-un.de/;>30M
http://nubspera.com/;>30M
http://skygame.us/;>30M
http://drmoonnd.com/;>30M
https://www.inspiralist.com/;>30M
http://bolero.ro/;>30M
http://tzr50r.info/;>30M
http://seo-jz.com/;>30M
http://pokken.jp/;>30M
https://www.myweekly.co.uk/;>30M
https://www.chillicothegazette.net/;>30M
http://yuppiefinances.com/;>30M
http://ff4psp.jp/;>30M
http://evangelion.wiki/;>30M
http://sportsmoshon.net/;>30M
http://www.bhplus.com.my/;>30M
https://forbesjapan.media/;>30M
http://goldfishka68.com/;>30M
http://www.haxnyqc.com/;>30M
http://www.ruilongfc.com/;>30M
http://www.islandsmag.tv/playlist.1/favorites/;>30M
https://setquest.ru/en/;>30M
http://masmotor.biz/;>30M
https://nyindustrialisering.se/;>30M
http://kamui-server.info/;>30M
http://marketersfunctions.com/;>30M
http://icvstech.com/;>30M
http://talktalkservice.net/talk/;>30M
http://kipparilehtitest.com/;>30M
https://www.dctmedia.co.uk/;>30M
http://kiemtiencanban.com/;>30M
http://aajkallive.com/index/;>30M
http://asiadramatictv.com/;>30M
http://www.aoilifeserver.com/;>30M
https://goteborgssport.se/;>30M
https://www.stockholmssport.se/;>30M
http://www.scottishcaravansandmotorhomes.co.uk/;>30M
http://kaumudiplus.com/;>30M
https://www.seedundee.com/;>30M
https://www.democratandchronicle1.com/;>30M
http://www.blownup24.com/;>30M
http://pesldjsle.stream/;>30M
http://nikolpraided.com/;>30M
http://rareculium.com/;>30M
http://includeschoosing.com/;>30M
http://kfrrpj.biz/;>30M
http://uexrev.biz/;>30M
http://detachedobservers.com/;>30M
http://appliedselection.com/;>30M
http://fastjunebackup.stream/;>30M
http://2018greatestfolder.stream/;>30M
http://bonusstorm.com/;>30M
http://mynewcity11.cricket/;>30M
http://gre4kanova.download/;>30M
http://castlerastled.men/;>30M
http://gateway2school.com/;>30M
http://freedatinguk.online/;>30M
http://qingx.club/;>30M
http://vemale.pro/;>30M
http://nanj-short.net/;>30M
http://independancechatday.stream/;>30M
http://northtrauma.stream/;>30M
https://noracat.info/;>30M
https://www.hangoutlive.co.uk/;>30M
https://www.societyaberdeen.co.uk/;>30M
http://tiamsafari.co.uk/;>30M
https://www.wavefmlive.co.uk/;>30M
https://www.youthsquads.co.uk/;>30M
https://www.realassetmgt.com.au/;>30M
http://realassetmgt.com.br/;>30M
http://leonid.club/;>30M
http://en.tempo.co/;>30M
http://pemilu.tempo.co/;>30M
http://ramadan.tempo.co/;>30M
http://video.tempo.co/;>30M
http://analisis.news.viva.co.id/;>30M
http://bola.viva.co.id/;>30M
http://bisnis.news.viva.co.id/;>30M
http://dunia.news.viva.co.id/;>30M
http://evoo.kontan.co.id/;>30M
https://executive.kontan.co.id/;>30M
http://en.news.viva.co.id/;>30M
https://english.kontan.co.id/;>30M
http://fokus.news.viva.co.id/;>30M
https://fokus.kontan.co.id/;>30M
http://foto.viva.co.id/;>30M
http://foto.ureport.news.viva.co.id/;>30M
http://foto.news.viva.co.id/;>30M
http://forum.viva.co.id/;>30M
https://industri.kontan.co.id/;>30M
https://investasi.kontan.co.id/;>30M
https://internasional.kontan.co.id/;>30M
http://jokowi.tokoh.news.viva.co.id/;>30M
https://kolom.kontan.co.id/;>30M
https://keuangan.kontan.co.id/;>30M
https://lifestyle.kontan.co.id/;>30M
http://life.viva.co.id/;>30M
http://log.viva.co.id/;>30M
http://m.viva.co.id/;>30M
http://m.news.viva.co.id/;>30M
https://m.kaskus.co.id/home;>30M
http://metro.news.viva.co.id/;>30M
http://nasional.news.viva.co.id/;>30M
https://nasional.kontan.co.id/;>30M
http://news.viva.co.id/;>30M
http://otomotif.news.viva.co.id/;>30M
https://peluangusaha.kontan.co.id/;>30M
https://personalfinance.kontan.co.id/;>30M
http://politik.news.viva.co.id/;>30M
http://rss.viva.co.id/;>30M
http://sport.news.viva.co.id/;>30M
http://sorot.news.viva.co.id/;>30M
http://teknologi.news.viva.co.id/;>30M
http://us.otomotif.news.viva.co.id/;>30M
http://us.politik.news.viva.co.id/;>30M
http://us.fokus.news.viva.co.id/;>30M
http://us.metro.news.viva.co.id/;>30M
http://us.ureport.news.viva.co.id/;>30M
http://us.sorot.news.viva.co.id/;>30M
http://us.news.viva.co.id/;>30M
http://us.bisnis.news.viva.co.id/;>30M
http://ureport.news.viva.co.id/;>30M
http://us.m.news.viva.co.id/;>30M
http://us.teknologi.news.viva.co.id/;>30M
http://us.analisis.news.viva.co.id/;>30M
http://us.dunia.news.viva.co.id/;>30M
http://us.nasional.news.viva.co.id/;>30M
http://us.video.news.viva.co.id/;>30M
http://us.foto.news.viva.co.id/;>30M
http://us.en.news.viva.co.id/;>30M
http://video.news.viva.co.id/;>30M
https://aajtak.intoday.in/;>30M
https://abpananda.abplive.in/;>30M
https://abpnews.abplive.in/;>30M
https://abpmajha.abplive.in/;>30M
https://m.businesstoday.in/;>30M
https://m.aajtak.in/;>30M
https://miseparo.pianetadonna.it/;>30M
https://100yen-pc.blog.so-net.ne.jp/;>30M
https://03judo.blog.so-net.ne.jp/;>30M
https://14-c.blog.so-net.ne.jp/;>30M
https://2052nennsei413.blog.so-net.ne.jp/;>30M
https://13punsuimin9.blog.so-net.ne.jp/;>30M
https://20trend-news.blog.so-net.ne.jp/;>30M
https://1275gt.blog.so-net.ne.jp/;>30M
https://1590391masayan.blog.so-net.ne.jp/;>30M
https://3dsllblack.blog.so-net.ne.jp/;>30M
https://630ojisan.blog.so-net.ne.jp/;>30M
https://771384.blog.so-net.ne.jp/;>30M
https://5koh-news.blog.so-net.ne.jp/;>30M
https://6th.blog.so-net.ne.jp/;>30M
https://ablobmlf.blog.so-net.ne.jp/;>30M
https://acertainlight.blog.so-net.ne.jp/;>30M
https://accessvba.blog.so-net.ne.jp/;>30M
https://acocue.blog.so-net.ne.jp/;>30M
https://afiridepon.blog.so-net.ne.jp/;>30M
https://advanceon.blog.so-net.ne.jp/;>30M
https://affiliate7.blog.so-net.ne.jp/;>30M
https://agbag.blog.so-net.ne.jp/;>30M
https://aisareru.blog.so-net.ne.jp/;>30M
https://akb48pon.blog.so-net.ne.jp/;>30M
https://akane-n.blog.so-net.ne.jp/;>30M
https://akaneboshi.blog.so-net.ne.jp/;>30M
https://akirasmile.blog.so-net.ne.jp/;>30M
https://akebonokai.blog.so-net.ne.jp/;>30M
https://alphacubic.blog.so-net.ne.jp/;>30M
https://amanosworld.blog.so-net.ne.jp/;>30M
https://amachan-amachan-nhk.blog.so-net.ne.jp/;>30M
https://andoroidodamasii.blog.so-net.ne.jp/;>30M
https://ankyo.blog.so-net.ne.jp/;>30M
https://anis-book.blog.so-net.ne.jp/;>30M
https://aoi-f.blog.so-net.ne.jp/;>30M
https://antiageingbeauty.blog.so-net.ne.jp/;>30M
https://anti-matter.blog.so-net.ne.jp/;>30M
https://aonorandayo.blog.so-net.ne.jp/;>30M
https://arashipopcornconcert.blog.so-net.ne.jp/;>30M
https://arasipop1.blog.so-net.ne.jp/;>30M
https://asada-mao-fans.blog.so-net.ne.jp/;>30M
https://attdigital.blog.so-net.ne.jp/;>30M
https://auhikaris.blog.so-net.ne.jp/;>30M
https://barenntainnkitto.blog.so-net.ne.jp/;>30M
https://batosupixrare.blog.so-net.ne.jp/;>30M
https://batosupigekiyasuka-d.blog.so-net.ne.jp/;>30M
https://bee8-pet.blog.so-net.ne.jp/;>30M
https://bigblognews33.blog.so-net.ne.jp/;>30M
https://blog.so-net.ne.jp/;>30M
https://bokunoitajikan2014.blog.so-net.ne.jp/;>30M
https://boiled-octopus.blog.so-net.ne.jp/;>30M
https://bounenkaiyokyou.blog.so-net.ne.jp/;>30M
https://bsd.blog.so-net.ne.jp/;>30M
https://bsmile.blog.so-net.ne.jp/;>30M
https://buffalosotozuke.blog.so-net.ne.jp/;>30M
https://c-zenko.blog.so-net.ne.jp/;>30M
https://carnation-nhk.blog.so-net.ne.jp/;>30M
https://chinaart.blog.so-net.ne.jp/;>30M
https://chimata-wadai.blog.so-net.ne.jp/;>30M
https://cinnamon.blog.so-net.ne.jp/;>30M
https://coral4000.blog.so-net.ne.jp/;>30M
https://corns.blog.so-net.ne.jp/;>30M
https://dal-anz.blog.so-net.ne.jp/;>30M
https://ddcbb.blog.so-net.ne.jp/;>30M
https://dayz43looxri.blog.so-net.ne.jp/;>30M
https://davidarchuleta.blog.so-net.ne.jp/;>30M
https://deepblue2011.blog.so-net.ne.jp/;>30M
https://delicious-days.blog.so-net.ne.jp/;>30M
https://debdylan0605.blog.so-net.ne.jp/;>30M
https://df-tact.blog.so-net.ne.jp/;>30M
https://dhcsapuri.blog.so-net.ne.jp/;>30M
https://diarym3.blog.so-net.ne.jp/;>30M
https://do-yodo-yo.blog.so-net.ne.jp/;>30M
https://dougaavjoyuu.blog.so-net.ne.jp/;>30M
https://dorakoba-ba.blog.so-net.ne.jp/;>30M
https://doramax-new.blog.so-net.ne.jp/;>30M
https://doramadaisukireview.blog.so-net.ne.jp/;>30M
https://doublesoftcream.blog.so-net.ne.jp/;>30M
https://dr-strangelove.blog.so-net.ne.jp/;>30M
https://dragonnight.blog.so-net.ne.jp/;>30M
https://dramainfomation.blog.so-net.ne.jp/;>30M
https://e-orange.blog.so-net.ne.jp/;>30M
https://enosan.blog.so-net.ne.jp/;>30M
https://enroute-sok.blog.so-net.ne.jp/;>30M
https://entamesaishin1018.blog.so-net.ne.jp/;>30M
https://esls69ck.blog.so-net.ne.jp/;>30M
https://eroeroav.blog.so-net.ne.jp/;>30M
https://everydaysunshine.blog.so-net.ne.jp/;>30M
https://ewigsinooral.blog.so-net.ne.jp/;>30M
https://faewfg.blog.so-net.ne.jp/;>30M
https://ff11-odin.blog.so-net.ne.jp/;>30M
https://fizolt.blog.so-net.ne.jp/;>30M
https://finky.blog.so-net.ne.jp/;>30M
https://flets-hikari.blog.so-net.ne.jp/;>30M
https://fps.blog.so-net.ne.jp/;>30M
https://friendsdouga.blog.so-net.ne.jp/;>30M
https://fukapyon.blog.so-net.ne.jp/;>30M
https://g55555.blog.so-net.ne.jp/;>30M
https://game-infomations.blog.so-net.ne.jp/;>30M
https://gantetsu.blog.so-net.ne.jp/;>30M
https://game-kouryaku-matome.blog.so-net.ne.jp/;>30M
https://galamon.blog.so-net.ne.jp/;>30M
https://geinou-downshou.blog.so-net.ne.jp/;>30M
https://gendai.ismedia.jp/;>30M
https://gen-guitar.blog.so-net.ne.jp/;>30M
https://gekiyase.blog.so-net.ne.jp/;>30M
https://geinoublog.blog.so-net.ne.jp/;>30M
https://getteryoko.blog.so-net.ne.jp/;>30M
https://getiton.blog.so-net.ne.jp/;>30M
https://gical.blog.so-net.ne.jp/;>30M
https://ghshfb.blog.so-net.ne.jp/;>30M
https://gjgf.blog.so-net.ne.jp/;>30M
https://gilichoco.blog.so-net.ne.jp/;>30M
https://gochiso-san-kanso.blog.so-net.ne.jp/;>30M
https://gookhisao.blog.so-net.ne.jp/;>30M
https://goodslife.blog.so-net.ne.jp/;>30M
https://gundam-op2012.blog.so-net.ne.jp/;>30M
https://griffe.blog.so-net.ne.jp/;>30M
https://growing-tamago.blog.so-net.ne.jp/;>30M
https://gundam-try-age.blog.so-net.ne.jp/;>30M
https://haneken.blog.so-net.ne.jp/;>30M
https://haseokoikoi04.blog.so-net.ne.jp/;>30M
https://healingkantei.blog.so-net.ne.jp/;>30M
https://hayarimonokkaketai.blog.so-net.ne.jp/;>30M
https://hibiki15.blog.so-net.ne.jp/;>30M
https://heya-layout.blog.so-net.ne.jp/;>30M
https://hikari-imadoki-news.blog.so-net.ne.jp/;>30M
https://hikosaka3.blog.so-net.ne.jp/;>30M
https://hinadoll20xx.blog.so-net.ne.jp/;>30M
https://hishintai.blog.so-net.ne.jp/;>30M
https://hiromi-akira.blog.so-net.ne.jp/;>30M
https://historian-saeda.blog.so-net.ne.jp/;>30M
https://hithujibito.blog.so-net.ne.jp/;>30M
https://hitorigotonton.blog.so-net.ne.jp/;>30M
https://hokuten.blog.so-net.ne.jp/;>30M
https://hondainsight2009.blog.so-net.ne.jp/;>30M
https://horrow.blog.so-net.ne.jp/;>30M
https://honnokimochi.blog.so-net.ne.jp/;>30M
https://hottrendword.blog.so-net.ne.jp/;>30M
https://hotel-uchuusen.blog.so-net.ne.jp/;>30M
https://hoyohoyo.blog.so-net.ne.jp/;>30M
https://hyae.blog.so-net.ne.jp/;>30M
https://hujigaya.blog.so-net.ne.jp/;>30M
https://hyde-love.blog.so-net.ne.jp/;>30M
https://iamgoing.blog.so-net.ne.jp/;>30M
https://ichie-inc.blog.so-net.ne.jp/;>30M
https://ichiro-nikki.blog.so-net.ne.jp/;>30M
https://imakore-news.blog.so-net.ne.jp/;>30M
https://inazumairebunn-sekai.blog.so-net.ne.jp/;>30M
https://impactdriver.blog.so-net.ne.jp/;>30M
https://imotoayako.blog.so-net.ne.jp/;>30M
https://indonesia-jaman.blog.so-net.ne.jp/;>30M
https://imooimo.blog.so-net.ne.jp/;>30M
https://intermissionplus.blog.so-net.ne.jp/;>30M
https://iracchina.blog.so-net.ne.jp/;>30M
https://ipintelligence.blog.so-net.ne.jp/;>30M
https://isawthetrend.blog.so-net.ne.jp/;>30M
https://ironanigouna.blog.so-net.ne.jp/;>30M
https://j-park.blog.so-net.ne.jp/;>30M
https://j-mama.blog.so-net.ne.jp/;>30M
https://jazzfish1958.blog.so-net.ne.jp/;>30M
https://jg8gtx.blog.so-net.ne.jp/;>30M
https://jjfhghjfgh.blog.so-net.ne.jp/;>30M
https://jk3azl.blog.so-net.ne.jp/;>30M
https://jouhousendou.blog.so-net.ne.jp/;>30M
https://jp1pze.blog.so-net.ne.jp/;>30M
https://juntoitosi.blog.so-net.ne.jp/;>30M
https://jyounanjima.blog.so-net.ne.jp/;>30M
https://juna-ayuren.blog.so-net.ne.jp/;>30M
https://kara-nicole.blog.so-net.ne.jp/;>30M
https://kantonews.blog.so-net.ne.jp/;>30M
https://kaojpn.blog.so-net.ne.jp/;>30M
https://karintokoba.blog.so-net.ne.jp/;>30M
https://kaz777-sub.blog.so-net.ne.jp/;>30M
https://ken007.blog.so-net.ne.jp/;>30M
https://keme-kena.blog.so-net.ne.jp/;>30M
https://kez.blog.so-net.ne.jp/;>30M
https://kido-azusa.blog.so-net.ne.jp/;>30M
https://kininaru-news24.blog.so-net.ne.jp/;>30M
https://kininarutrend2012.blog.so-net.ne.jp/;>30M
https://kimnamgil.blog.so-net.ne.jp/;>30M
https://kizuchi-tanaka.blog.so-net.ne.jp/;>30M
https://kkogb0y6vt.blog.so-net.ne.jp/;>30M
https://kojarashi.blog.so-net.ne.jp/;>30M
https://konkatsu.blog.so-net.ne.jp/;>30M
https://konotetsu-journal.blog.so-net.ne.jp/;>30M
https://kosupuremeikukouza.blog.so-net.ne.jp/;>30M
https://kota-news.blog.so-net.ne.jp/;>30M
https://korekorenikki.blog.so-net.ne.jp/;>30M
https://koreta.blog.so-net.ne.jp/;>30M
https://kouhaku-sokuhou.blog.so-net.ne.jp/;>30M
https://kotosigoukaku.blog.so-net.ne.jp/;>30M
https://koyu-dayu.blog.so-net.ne.jp/;>30M
https://kumorisora.blog.so-net.ne.jp/;>30M
https://kupakuma.blog.so-net.ne.jp/;>30M
https://kurokkuman.blog.so-net.ne.jp/;>30M
https://kyoumisinsin.blog.so-net.ne.jp/;>30M
https://labelcustom.blog.so-net.ne.jp/;>30M
https://l-love.blog.so-net.ne.jp/;>30M
https://life-simple.blog.so-net.ne.jp/;>30M
https://lhjx.blog.so-net.ne.jp/;>30M
https://lifelong-learning.blog.so-net.ne.jp/;>30M
https://lifework.blog.so-net.ne.jp/;>30M
https://livlyislandvicecity.blog.so-net.ne.jp/;>30M
https://live-a-little.blog.so-net.ne.jp/;>30M
https://longstory.blog.so-net.ne.jp/;>30M
https://loderun.blog.so-net.ne.jp/;>30M
https://luca-garden.blog.so-net.ne.jp/;>30M
https://low-risk.blog.so-net.ne.jp/;>30M
https://ma2fune.blog.so-net.ne.jp/;>30M
https://macoto.blog.so-net.ne.jp/;>30M
https://madonna-dream.blog.so-net.ne.jp/;>30M
https://maboroshi22.blog.so-net.ne.jp/;>30M
https://mainichi-benkyou.blog.so-net.ne.jp/;>30M
https://maoryo0007.blog.so-net.ne.jp/;>30M
https://marumarumorimoridans.blog.so-net.ne.jp/;>30M
https://matchcom-tukaikata.blog.so-net.ne.jp/;>30M
https://matagi-aquarium.blog.so-net.ne.jp/;>30M
https://masuchin.blog.so-net.ne.jp/;>30M
https://masukeraiz.blog.so-net.ne.jp/;>30M
https://matsuirenafan.blog.so-net.ne.jp/;>30M
https://maxell-livesea.blog.so-net.ne.jp/;>30M
https://me-doh.blog.so-net.ne.jp/;>30M
https://mg-x.blog.so-net.ne.jp/;>30M
https://midhiamu.blog.so-net.ne.jp/;>30M
https://minako-chan.blog.so-net.ne.jp/;>30M
https://minas2009.blog.so-net.ne.jp/;>30M
https://mitsu-z.blog.so-net.ne.jp/;>30M
https://miyamomonikkie.blog.so-net.ne.jp/;>30M
https://mobscene100.blog.so-net.ne.jp/;>30M
https://modspants.blog.so-net.ne.jp/;>30M
https://mondo-luke0006.blog.so-net.ne.jp/;>30M
https://moemoesan.blog.so-net.ne.jp/;>30M
https://moroq43s.blog.so-net.ne.jp/;>30M
https://moto30.blog.so-net.ne.jp/;>30M
https://mpthe-craft611.blog.so-net.ne.jp/;>30M
https://mpeylq.blog.so-net.ne.jp/;>30M
https://mtb-gf.blog.so-net.ne.jp/;>30M
https://my-small-treasures.blog.so-net.ne.jp/;>30M
https://nanjing-ribenren.blog.so-net.ne.jp/;>30M
https://nanasitori-torend.blog.so-net.ne.jp/;>30M
https://naoruutu.blog.so-net.ne.jp/;>30M
https://narutononetabare.blog.so-net.ne.jp/;>30M
https://naruto-neta.blog.so-net.ne.jp/;>30M
https://narutoleaks.blog.so-net.ne.jp/;>30M
https://nengaj2014mirda.blog.so-net.ne.jp/;>30M
https://newktest.blog.so-net.ne.jp/;>30M
https://netabare-op.blog.so-net.ne.jp/;>30M
https://netrend.blog.so-net.ne.jp/;>30M
https://newcyou.blog.so-net.ne.jp/;>30M
https://news-hayayomi.blog.so-net.ne.jp/;>30M
https://news-trendc.blog.so-net.ne.jp/;>30M
https://news-monbran.blog.so-net.ne.jp/;>30M
https://newstrendnikki.blog.so-net.ne.jp/;>30M
https://newssouhouex.blog.so-net.ne.jp/;>30M
https://news-trendnews05.blog.so-net.ne.jp/;>30M
https://nhkasadora.blog.so-net.ne.jp/;>30M
https://news-17ban.blog.so-net.ne.jp/;>30M
https://news-topix-today01.blog.so-net.ne.jp/;>30M
https://news-trend-sokuhou.blog.so-net.ne.jp/;>30M
https://newtorendk.blog.so-net.ne.jp/;>30M
https://niiko3.blog.so-net.ne.jp/;>30M
https://niki310.blog.so-net.ne.jp/;>30M
https://nikkisuki.blog.so-net.ne.jp/;>30M
https://nissanad.blog.so-net.ne.jp/;>30M
https://nishikigoi.blog.so-net.ne.jp/;>30M
https://nobs98.blog.so-net.ne.jp/;>30M
https://nnokai.blog.so-net.ne.jp/;>30M
https://nohoon-is-good.blog.so-net.ne.jp/;>30M
https://nyoron38.blog.so-net.ne.jp/;>30M
https://nyalrathotep01.blog.so-net.ne.jp/;>30M
https://ochaken.blog.so-net.ne.jp/;>30M
https://occultamerica.blog.so-net.ne.jp/;>30M
https://ofukuronagaihi.blog.so-net.ne.jp/;>30M
https://ohmyhottestnews.blog.so-net.ne.jp/;>30M
https://ohbayashi.blog.so-net.ne.jp/;>30M
https://okane-arekore.blog.so-net.ne.jp/;>30M
https://okosaboten.blog.so-net.ne.jp/;>30M
https://omihachiman.blog.so-net.ne.jp/;>30M
https://onepiece2013netabare.blog.so-net.ne.jp/;>30M
https://one-peace-firumzzz.blog.so-net.ne.jp/;>30M
https://papercascade206.blog.so-net.ne.jp/;>30M
https://pcruisefans.blog.so-net.ne.jp/;>30M
https://pecodiary1.blog.so-net.ne.jp/;>30M
https://pcgames.blog.so-net.ne.jp/;>30M
https://perseus.blog.so-net.ne.jp/;>30M
https://pi-tore.blog.so-net.ne.jp/;>30M
https://photolog.blog.so-net.ne.jp/;>30M
https://piyoblog.blog.so-net.ne.jp/;>30M
https://pokemontoretta.blog.so-net.ne.jp/;>30M
https://poke-ikuseinikki.blog.so-net.ne.jp/;>30M
https://pnnta13.blog.so-net.ne.jp/;>30M
https://pomponette.blog.so-net.ne.jp/;>30M
https://pomura-game.blog.so-net.ne.jp/;>30M
https://priceless-getsu9.blog.so-net.ne.jp/;>30M
https://prism-stone.blog.so-net.ne.jp/;>30M
https://prog.blog.so-net.ne.jp/;>30M
https://qcktbjpt.blog.so-net.ne.jp/;>30M
https://puzzdora.blog.so-net.ne.jp/;>30M
https://raintalk.blog.so-net.ne.jp/;>30M
https://rakuyoyaku.blog.so-net.ne.jp/;>30M
https://raul78.blog.so-net.ne.jp/;>30M
https://redastle1.blog.so-net.ne.jp/;>30M
https://robomedia2006.blog.so-net.ne.jp/;>30M
https://robin-trend-002.blog.so-net.ne.jp/;>30M
https://rolling-stones-t.blog.so-net.ne.jp/;>30M
https://rokuon.blog.so-net.ne.jp/;>30M
https://ryuchan7777.blog.so-net.ne.jp/;>30M
https://sabame.blog.so-net.ne.jp/;>30M
https://sabotage.blog.so-net.ne.jp/;>30M
https://sakae-nisiki.blog.so-net.ne.jp/;>30M
https://saikoligical.blog.so-net.ne.jp/;>30M
https://saihugrom.blog.so-net.ne.jp/;>30M
https://saisintorend-news.blog.so-net.ne.jp/;>30M
https://saigai-sinsai.blog.so-net.ne.jp/;>30M
https://sakray06.blog.so-net.ne.jp/;>30M
https://sakure.blog.so-net.ne.jp/;>30M
https://sanewo.blog.so-net.ne.jp/;>30M
https://satosisannookagedesu.blog.so-net.ne.jp/;>30M
https://scalpdosusume.blog.so-net.ne.jp/;>30M
https://sawatarinaoki.blog.so-net.ne.jp/;>30M
https://saylean.blog.so-net.ne.jp/;>30M
https://sdc.blog.so-net.ne.jp/;>30M
https://schutsengel.blog.so-net.ne.jp/;>30M
https://scruffs.blog.so-net.ne.jp/;>30M
https://security-t.blog.so-net.ne.jp/;>30M
https://sedori-perfect.blog.so-net.ne.jp/;>30M
https://seisirou.blog.so-net.ne.jp/;>30M
https://seiria.blog.so-net.ne.jp/;>30M
https://sepeda.blog.so-net.ne.jp/;>30M
https://seraverm.blog.so-net.ne.jp/;>30M
https://shamal.blog.so-net.ne.jp/;>30M
https://shichan2008.blog.so-net.ne.jp/;>30M
https://shake04.blog.so-net.ne.jp/;>30M
https://shinagawa-lunch.blog.so-net.ne.jp/;>30M
https://shin-nagoya.blog.so-net.ne.jp/;>30M
https://shimo11.blog.so-net.ne.jp/;>30M
https://shira.blog.so-net.ne.jp/;>30M
https://shirakawafarm-resipi.blog.so-net.ne.jp/;>30M
https://shocker-rider.blog.so-net.ne.jp/;>30M
https://shokoratte.blog.so-net.ne.jp/;>30M
https://shublog.blog.so-net.ne.jp/;>30M
https://sinrei.blog.so-net.ne.jp/;>30M
https://sippeihoken3iryou.blog.so-net.ne.jp/;>30M
https://sinkoba.blog.so-net.ne.jp/;>30M
https://simple-nero.blog.so-net.ne.jp/;>30M
https://skinship.blog.so-net.ne.jp/;>30M
https://sky-news.blog.so-net.ne.jp/;>30M
https://smart-phone-case77.blog.so-net.ne.jp/;>30M
https://slowlife-sk9.blog.so-net.ne.jp/;>30M
https://smile-hoiku.blog.so-net.ne.jp/;>30M
https://snsdandkgirls.blog.so-net.ne.jp/;>30M
https://soap-cell.blog.so-net.ne.jp/;>30M
https://soide55.blog.so-net.ne.jp/;>30M
https://sog.blog.so-net.ne.jp/;>30M
https://sokkokaiketsu.blog.so-net.ne.jp/;>30M
https://sonyandvaiofan.blog.so-net.ne.jp/;>30M
https://sokuho-trendnews.blog.so-net.ne.jp/;>30M
https://sonylike.blog.so-net.ne.jp/;>30M
https://sony-nabi.blog.so-net.ne.jp/;>30M
https://sony-type-r.blog.so-net.ne.jp/;>30M
https://sonomannma-higasi-e.blog.so-net.ne.jp/;>30M
https://songrecords-news.blog.so-net.ne.jp/;>30M
https://soundrabbit.blog.so-net.ne.jp/;>30M
https://souroutaisakuguzu.blog.so-net.ne.jp/;>30M
https://sou-sou.blog.so-net.ne.jp/;>30M
https://specklegram.blog.so-net.ne.jp/;>30M
https://soyokaze-so-net.blog.so-net.ne.jp/;>30M
https://soyjoy-trend.blog.so-net.ne.jp/;>30M
https://ss501-khj.blog.so-net.ne.jp/;>30M
https://star77-77.blog.so-net.ne.jp/;>30M
https://story-cast.blog.so-net.ne.jp/;>30M
https://sumaho-tablet.blog.so-net.ne.jp/;>30M
https://supin.blog.so-net.ne.jp/;>30M
https://sunny-side-michy.blog.so-net.ne.jp/;>30M
https://superjunior.blog.so-net.ne.jp/;>30M
https://suso.blog.so-net.ne.jp/;>30M
https://tabibito-rascal.blog.so-net.ne.jp/;>30M
https://taikonotatuzinwiigou.blog.so-net.ne.jp/;>30M
https://take-three.blog.so-net.ne.jp/;>30M
https://take-my-hand.blog.so-net.ne.jp/;>30M
https://takuchi-de-saien.blog.so-net.ne.jp/;>30M
https://takkunn-s.blog.so-net.ne.jp/;>30M
https://takenoko-ent.blog.so-net.ne.jp/;>30M
https://taroo.blog.so-net.ne.jp/;>30M
https://tanakamasahiro.blog.so-net.ne.jp/;>30M
https://tape-load.blog.so-net.ne.jp/;>30M
https://ten-soba.blog.so-net.ne.jp/;>30M
https://terrace-house.blog.so-net.ne.jp/;>30M
https://terraria.blog.so-net.ne.jp/;>30M
https://titininaru-storyneta.blog.so-net.ne.jp/;>30M
https://tokiwanotubuyaki.blog.so-net.ne.jp/;>30M
https://tokiwa.blog.so-net.ne.jp/;>30M
https://tokutenmemo.blog.so-net.ne.jp/;>30M
https://tomi89.blog.so-net.ne.jp/;>30M
https://top-never.blog.so-net.ne.jp/;>30M
https://tondemonai.blog.so-net.ne.jp/;>30M
https://torentonove.blog.so-net.ne.jp/;>30M
https://totoron3.blog.so-net.ne.jp/;>30M
https://transbook-t100ta.blog.so-net.ne.jp/;>30M
https://trf50syw1.blog.so-net.ne.jp/;>30M
https://trend-entame.blog.so-net.ne.jp/;>30M
https://trend-punch.blog.so-net.ne.jp/;>30M
https://trendnews-plus.blog.so-net.ne.jp/;>30M
https://trend-sakidorikun.blog.so-net.ne.jp/;>30M
https://trend-now123.blog.so-net.ne.jp/;>30M
https://trend-majin.blog.so-net.ne.jp/;>30M
https://trech-news.blog.so-net.ne.jp/;>30M
https://trendwoman.blog.so-net.ne.jp/;>30M
https://trendy-hotnews.blog.so-net.ne.jp/;>30M
https://trends2013new.blog.so-net.ne.jp/;>30M
https://trend-news-sports2.blog.so-net.ne.jp/;>30M
https://trend1research.blog.so-net.ne.jp/;>30M
https://trend135.blog.so-net.ne.jp/;>30M
https://trend-netacho.blog.so-net.ne.jp/;>30M
https://trendnews-neta.blog.so-net.ne.jp/;>30M
https://trybaito.blog.so-net.ne.jp/;>30M
https://tsuru-nakamura.blog.so-net.ne.jp/;>30M
https://turbo381.blog.so-net.ne.jp/;>30M
https://tukiyomi88.blog.so-net.ne.jp/;>30M
https://tunoshima-eiku.blog.so-net.ne.jp/;>30M
https://tv-trends-tv.blog.so-net.ne.jp/;>30M
https://tv-nichan-apple-news.blog.so-net.ne.jp/;>30M
https://tyaipu.blog.so-net.ne.jp/;>30M
https://tyuukogaltuki.blog.so-net.ne.jp/;>30M
https://twinkle-v.blog.so-net.ne.jp/;>30M
https://tv-news-2013.blog.so-net.ne.jp/;>30M
https://u-knight.blog.so-net.ne.jp/;>30M
https://ucdfjj.blog.so-net.ne.jp/;>30M
https://ueda-m.blog.so-net.ne.jp/;>30M
https://ukkari-news.blog.so-net.ne.jp/;>30M
https://unmedicine.blog.so-net.ne.jp/;>30M
https://usapin.blog.so-net.ne.jp/;>30M
https://usaryu.blog.so-net.ne.jp/;>30M
https://valentine-day.blog.so-net.ne.jp/;>30M
https://vezelhohoka.blog.so-net.ne.jp/;>30M
https://vezelhondaskiasa.blog.so-net.ne.jp/;>30M
https://vert-yama.blog.so-net.ne.jp/;>30M
https://vuitton-news.blog.so-net.ne.jp/;>30M
https://wadai.blog.so-net.ne.jp/;>30M
https://wadai-news7.blog.so-net.ne.jp/;>30M
https://waypoint-wine.blog.so-net.ne.jp/;>30M
https://wataruru.blog.so-net.ne.jp/;>30M
https://web.gekisaka.jp/;>30M
https://whitetrendnews.blog.so-net.ne.jp/;>30M
https://xn---03-qi4bzcue9fug.blog.so-net.ne.jp/;>30M
https://xn--kckwesd8a.blog.so-net.ne.jp/;>30M
https://xn--uckyb2c6bm0cwd.blog.so-net.ne.jp/;>30M
https://y-aki.blog.so-net.ne.jp/;>30M
https://yahoo-shopping.blog.so-net.ne.jp/;>30M
https://yahooauctions-info3.blog.so-net.ne.jp/;>30M
https://yamakotoba.blog.so-net.ne.jp/;>30M
https://yamaluan.blog.so-net.ne.jp/;>30M
https://yasuni.blog.so-net.ne.jp/;>30M
https://yangt3.blog.so-net.ne.jp/;>30M
https://ykkcc786.blog.so-net.ne.jp/;>30M
https://yebkqd.blog.so-net.ne.jp/;>30M
https://yatsugatake999.blog.so-net.ne.jp/;>30M
https://yoghurt-higu-liv.blog.so-net.ne.jp/;>30M
https://yokoharumi.blog.so-net.ne.jp/;>30M
https://yosi-12r.blog.so-net.ne.jp/;>30M
https://you-you-you2013.blog.so-net.ne.jp/;>30M
https://yoshikirisalove.blog.so-net.ne.jp/;>30M
https://youjioriginal.blog.so-net.ne.jp/;>30M
https://you587b.blog.so-net.ne.jp/;>30M
https://yowamushierosu.blog.so-net.ne.jp/;>30M
https://yuroom.blog.so-net.ne.jp/;>30M
https://yukeyukeosawariland.blog.so-net.ne.jp/;>30M
https://z80.blog.so-net.ne.jp/;>30M
https://ziu8mmc.blog.so-net.ne.jp/;>30M
http://www2.nst.com.my/;>30M
http://www2.bharian.com.my/;>30M
http://www2.hmetro.com.my/;>30M
https://forum.hegnar.no/;>30M
https://bola.press/;>30M
https://baby.unica.ro/;>30M
https://retete.unica.ro/;>30M
http://www6.gsp.ro/;>30M
http://www1.gsp.ro/;>30M
http://akofis.com.tr/;>30M
http://vskills.tv/;>30M
http://augfamous2018.stream/;>30M
http://daymug.club/;>30M
http://nmdr2ieh.com/;>30M
http://jsprofitableaug.info/;>30M
http://daillydigs.com/;>30M
http://www.aplusfinaid.org/;>30M
http://gamekkkweb.com/;>30M
http://donalddakzbabkami.site/;>30M
https://www.packersnews.biz/;>30M
http://seruamoleterieore.com/;>30M
http://09buttongreat.info/;>30M
http://master-winnergame.info/;>30M
http://dontworrymate.ru/;>30M
http://www.excesscorrelation.com/;>30M
http://livingtorque.info/;>30M
https://www.womensweeklyfood.com.au/;>30M
http://distileryfog.info/;>30M
http://diabeteswarn.info/;>30M
http://castama.club/;>30M
http://mafiacity-wiki.info/;>30M
http://doramaw.com/;>30M
http://skurababa.online/;>30M
http://ceropkalda.online/;>30M
http://fopakoma.online/;>30M
http://achoria.info/;>30M
http://indobig.ru/;>30M
http://derumaloka.club/;>30M
http://annasolnce.club/;>30M
http://sarofanka.club/;>30M
http://goretapok.club/;>30M
http://mariklusthiy.club/;>30M
http://www.desitellybox.me/;>30M
http://datecreative77.com/;>30M
http://denbigon.info/;>30M
http://big-big-box.ru/;>30M
http://butunise.info/;>30M
http://ageropama.club/;>30M
http://serumakola.club/;>30M
http://zemakolapka.club/;>30M
http://frender.club/;>30M
http://cloudtree.club/;>30M
http://olympstory.site/;>30M
http://artculpt.info/;>30M
https://beritabola.life/;>30M
http://muratoperka.club/;>30M
http://ondemeendvisas.info/;>30M
http://herum.info/;>30M
http://saleforceteam.com/;>30M
http://kaserunka.club/;>30M
http://37matter.com/;>30M
http://copyshare88.com/;>30M
http://odecie.info/;>30M
http://intelligencejapan.club/;>30M
http://coinmarketearth.com/;>30M
https://www.democratandchronicle3.com/;>30M
https://setquest3.com/en/;>30M
https://setquest1.com/en/;>30M
https://setquest2.com/en/;>30M
http://47ppo.com/;>30M
http://bachok.club/;>30M
http://nekrashena.club/;>30M
http://sleepgalore.com/;>30M
http://tusc35.com/;>30M
http://ekka25.com/;>30M
http://bhakthione.com/;>30M
http://matrabet104.com/;>30M
https://saucyselections.netlify.com/;>30M
https://setquest5.com/en/;>30M
https://setquest6.com/en/;>30M
http://canadcasin.club/;>30M
http://lookfry.club/;>30M
http://sekomapolden.club/;>30M
http://worldpros.club/;>30M
http://xeropokonda.club/;>30M
http://whereismoney.club/;>30M
http://luckymoment.site/;>30M
http://pastapasta.site/;>30M
http://dfsnmd.pro/;>30M
http://deppo.world/;>30M
http://girlswalkgames.com/;>30M
http://bifuhgh.pro/;>30M
