http://hindimoviesonlines.net/;14860
https://www.av01.tv/;19952
http://myhotzpic.com/;29639
http://extraxporn.com/;37992
http://www.hotgirlclub.com/;47125
http://movienight.ws/;52369
http://wetred.org/;56966
http://www.overwatchhentaidb.com/;58745
http://embedcr.com/;68823
http://lavdan.ir/;69710
https://www.gommadiretto.it/;78501
http://w2.blackcloveranime.net/;103267
http://cricket-tv.me/;128116
https://www.av4u.info/forum.php;139201
http://javgod.net/;142200
http://yts.guru/;151172
https://mangaindo.web.id/;157287
http://teenmodelshome.com/;163423
http://topyoungkitties.com/;178669
http://personalfinancist.com/;191212
http://probashirkhobor.com/;191700
http://firstmask.com/;197104
https://celebsnudeindex.com/;198670
https://nsongs.com/;200511
https://trendingpatrol.com/;211882
http://vatandownload.com/;213391
http://gay69.stream/;221368
http://cosmonovelas.net/;223687
https://topchristianmovies.com/;238222
http://sexchan.info/;240947
http://www.live-stream.tv/;248235
http://www.luvcelebs.com/;262650
http://scmplayer.co/;266008
http://pornyeah.com/;306148
http://xxxpremiumpass.com/;307835
http://virginsforum.com/;310155
http://www.pornbaze.com/;343529
http://gbporno.com/;349362
http://candydoll.se/;361173
http://lesbianpornhere.com/;401382
http://uptruyen.com/manga;413424
http://leech.ae/;415254
http://www.i3za.com/;422385
http://75news.xyz/;423004
http://www.gaspricewatch.com/;440907
http://nicking.co.ua/;446406
http://www.fazerdownloads.com/;492923
http://www.filmesonlinedublado.me/;492945
http://linksdovelho.com/;493209
http://www.seriesonline.me/;493742
http://www.gum-gum-streaming.tv/;515127
http://torrent-portal.com/;549832
http://www.fairytailhentaidb.com/;561594
http://innocentsgirls.com/;563315
http://underlolitas.com/;568651
http://nsfwtotal.com/;583998
http://pinkcastle.net/;586618
http://analgate.com/;609810
http://seelolita.com/;612301
http://pussy-forum.com/;628409
http://cyber-lolita.net/;648303
http://mp3cube.net/;665693
http://www.inciagario.net/;677443
http://www.mobilephonedir.com/;714454
http://omgyoutube.com/;742251
http://dubladotorrent.com/;743896
http://virginyoung.com/;825056
http://ilovesexxx.net/;904301
http://nonude.se/;905284
http://eroyoung.com/;917899
http://sockshare.watch/;928455
http://www.cineonline.me/;988693
http://youngukraineporn.com/;1041671
http://bleachhentaidb.com/;1069234
http://dreamingofdreams.com/;1089298
http://nepjuksonnp.blogspot.com/;1099627
http://videobokep4mp.biz/;1099883
http://cinemasauce.net/;1142653
http://www-young.com/;1286088
http://kyawgyi1.blogspot.com/;1337947
http://lolitasextop.com/;1341697
http://teenztop.com/;1342553
http://3dbdsmporn.org/;1357966
http://pbangels.com/;1388052
http://freetvall.net/;1416493
http://tlgrmchannel.com/;1474514
http://lolihub.se/;1477357
https://streamingma.com/;1493133
http://hiddenyoungtop.com/;1540622
http://teenietop.com/;1550449
http://2-mumu.blogspot.com/;1589206
http://wineglasspainting.us/;1607421
http://pse-tools.info/;1608881
http://nirmansanchar.com/;1632401
http://sakoyematlab.rozblog.com/;1647056
http://adult-dvd-stores-online.com/;1678800
http://youpornjapan.com/;1712263
http://filmandroid.ucoz.ro/;1714955
http://khine4.blogspot.com/;1771682
http://topless-lolita.com/;1799203
http://lolita-sites.com/;1904938
http://vintagepornvideos.org/;1905574
http://beastialitypornmovie.com/;2020776
http://hotnessmeter.com/;2020787
http://dreams.ninja/;2037049
http://mgmg-62.blogspot.com/;2099520
http://girls18xnxx.com/;2175629
http://myanmarnewspu.blogspot.com/;2233668
http://sex-avenue.com/;2295276
http://3dbdsmporno.com/;2375605
http://newzworlds.com/;2416163
http://kostromapost.ru/;2461655
http://passwords-top.com/;2561850
http://pakistanikahani.blogspot.com/;2777730
http://huntersfiles.blogspot.com/;2798843
http://teenporn-xnxx.com/;2840427
http://beast-top.com/;2843553
http://ltd-server.ru/;2976602
http://www.androidtechnicia.net/;3087995
http://glambabesblog.com/;3207378
http://parta4ok.ru/;3255495
http://sexmasti.info/m/;3312042
http://harooz.rozblog.com/;3333965
http://cloudminers.club/;3351051
http://sushidom.ru/;3428312
http://4free-ebooks.com/;3466825
http://online-filmi.ru/;3523148
http://www.gist365.com/;3535391
http://mrf.by/;3616246
http://teens-top.com/;3652954
http://porn-tube.se/;3921941
http://ukrainehotties.com/;4062208
http://sexteenxnxx.com/;4436347
http://dreamsdreaming.com/;4499828
http://www.latestsonglyrics.com/;4573064
https://www.tamilcollection.com/;4629975
http://sex-street.com/;4641244
http://totalsportek-streams.blogspot.com/;4668239
http://www.situspanda.com/;4698686
http://teenporndump.net/;4875955
http://dzfb.us/;4923206
http://www.superdj.club/;4961372
http://www.zoobangers.com/;5026228
http://www.foodsmarket.net/;5112838
http://hotteenasses.net/;5165825
http://adult-video-stores-online.com/;5305599
http://krupkodance.ru/;5344272
http://video-prikoli.com/;5447844
http://lannson.blogspot.com/;5500308
http://www.720p.ro/;5520903
http://hotteenxnxx.com/;5757307
http://desene-noi.ucoz.ro/;5765596
http://sweetgirls-xnxx.com/;5844649
http://rhll.su/;5862273
http://masuktogel.com/;5864062
http://lelemusika.com/;5960489
http://ingis-chr.ru/;5969594
http://nm-atlanta.pw/;6033238
http://zoomagenglish.com/;6265547
http://www.panzerkaput.ru/;6630363
http://yatazone.blogspot.com/;6741986
http://guide-soft.ru/;6800615
http://20ftdeep.com/;6866577
http://novogodnie-elki.info/;6869442
http://zxdz.us/;6915763
https://mubali.net/;6940288
http://new-year.pp.ua/;7093821
http://backtobrainlearningsolutions.com/;7125043
http://porn-videos.se/;7312376
http://dhakajournal.com/;7364235
http://myanmarmodelgallery.blogspot.com/;7397700
http://www.eurasia-invest.com/;7526269
http://novostroybratsk.com/;7609841
http://i-vlad.ru/;7613112
http://809800.ru/;7656147
http://flexiteens.net/;7692287
http://www.bulgaranph.info/;7703123
http://virgingirlsbbs.com/;7849108
http://www.portharcourtcityblog.com/;7872481
http://findplows.com/;7930043
http://yere1.ru/;8108857
http://www.inews.tj/;8143983
http://usalinks.us/;8190243
http://lapyay.blogspot.com/;8622942
http://musicmir.kz/;8695092
http://youngxnxx.com/;8882299
http://www.sportwinda.ru/;8914545
http://cr3ative-zone.ucoz.ro/;9204334
http://mountain.lv/;9309523
http://ing-cs.ru/;9537310
http://swadeshkantha.com/;9610181
http://valuefind.us/;9736169
http://www.reikilove.ru/;9893512
http://azpress.info/;10006543
http://www.naijagetmouth.info/;10067175
http://xn--b1aahnblk2byb7a5ab.xn--p1ai/;10102113
http://sport-uzivo1.cf/;10439347
http://cs-exp.ru/;10688517
http://acse.us/;10759471
http://listweb.eu/;11009177
http://myanmar24hpost.blogspot.com/;11055205
http://www.ratemyrack.org/;11067242
http://teenbitchcams.com/;11098596
http://homedesignexterior.com/;11121175
http://www.hardez.ru/;11186181
http://edozieemmanuelhills.blogspot.com/;11203882
http://www.artemik2011.ru/;11480557
http://europadesnagov.ucoz.ro/;11619886
http://surdoplus.ru/;11620388
https://latestnewsdaily17.blogspot.com/;11626356
http://galerie-liova.com/;11859030
http://nepaliactivity.blogspot.com/;11941145
http://www.artemke.ru/;12366163
http://dlyanumizmata.ru/;12707683
http://srailovpartners.com/;12743455
http://godsaveshoes.com/;12954935
http://wajahilmu.blogspot.com/;13216129
http://my18xnxx.com/;13247747
http://shunet.ru/;13308017
http://seowebs.eu/;13324155
http://www.aeart.ru/;13721606
http://krylatskoe.org/;13748116
http://onovosibe.ru/;14276958
https://sauna-finskaya.ru/;14493547
http://shopsales.site/;14575479
http://samarskie-shkolniki.ru/;14910587
http://liveteenxnxx.com/;15146654
http://model-mm.blogspot.com/;15233541
http://airliner-models.ru/;15313057
http://playplaza.com.ua/;15329964
http://xxxxvvvvv9.blogspot.com/;15603643
http://irtext.ir/;15659794
http://irkday.ru/;15742767
http://soapsofinfamy.com/;15827193
http://khine1.blogspot.com/;16339642
http://gregarts.com/;16634580
http://yl-interiors.ru/;16773225
http://trudogolik.net/;16928833
http://stebani.ru/;16929704
http://xn----8sbabb5cede1c4a3h.xn--p1ai/;17009671
http://stinebooks.ru/;17075827
http://cfmyhotel.com/;17154627
http://wetgirlsxnxx.com/;17297215
https://freemyanmarinternet.blogspot.com/;17356956
http://www.frezer-don.ru/;17404457
http://bella-esthetique.ro/;17968942
http://www.bet-home.ro/;18452466
http://ardsp.ru/;18743482
http://brainon.ru/;18833233
http://exgfxnxx.com/;19087301
http://9teenxnxx.com/;19114350
http://teenager-xnxx.com/;19418350
http://xn--80aejozlr.xn--p1ai/;19449138
http://flixsauce.com/;19793483
http://mektep1.kz/;19798303
http://www.artasicalatorii.ucoz.ro/;19935014
https://myanmar-now-news.blogspot.com/;20034194
http://parentinginshort.com/;22191737
http://www.mashaproducts.com/;22298444
http://ribovodvniir.ru/;22637163
http://www.belstar.org/;23233180
http://torrentigr.net/;23342232
http://evanewz.com/;23745496
http://kashira-kovka.ru/;23945307
http://vocnesadnicesavic.com/;23979930
http://trans-export.ru/;24321365
http://rdv.es/;25319094
http://www.vip-prognozist.ru/;25529825
http://xn-----7kcr0aqdl2b4c.xn--p1ai/;26639331
http://tehnoshops.ru/;27750088
http://www.sgmedia.ru/;27941263
http://moi-detsadik.ru/;28255476
http://krapivada.ru/;28274412
http://studiofotograf.ru/;28441059
http://ezosvet.ru/;28538037
http://naopel.ru/;28544983
http://dobru-nn.ru/;28765227
http://iv-santexnika.ru/;28778578
http://www.webpartner.in.ua/;29026035
http://www.ctokkm.su/;29033430
http://phenomen.pro/;29094603
http://weeklys.ru/;29303825
http://trendtown.ru/;29831725
http://xn--80aerlgm.xn--p1ai/;30545196
http://stasex.ru/;30619970
http://augrupp.ru/;30813020
http://www.ekipage-kzn.ru/;30828423
http://www.land-minecraft.ru/;31068473
http://www.voymedia.ru/;31158947
http://www.avtomir3.ru/;31218921
http://www.amateurarchiver.com/;>30M
http://www.pornstarshd.net/;>30M
http://www.onepiecehentaidb.com/;>30M
http://0517lm.com/;>30M
http://javsay.com/;>30M
http://www.monsterbox.in/;>30M
http://www.xxxvideo3x.com/;>30M
http://fof.lv/;>30M
http://muzlife.net/;>30M
http://dumpxxx.net/;>30M
http://goteenporn.com/;>30M
http://familyfucked.com/;>30M
http://teenporncollections.com/;>30M
http://youngs-photos.com/;>30M
http://crazyyoungdreams.com/;>30M
http://youngcollections.com/;>30M
http://www.3arabfiles.com/;>30M
http://ps-c.ru/;>30M
http://fucks-girls.com/;>30M
http://filmline.in.ua/;>30M
http://www.desixxxpics.com/;>30M
http://todopornogratis.org/;>30M
http://sirena-k.ru/;>30M
http://supermastif.ru/;>30M
http://xn--89-1lcmenni.xn--p1ai/;>30M
http://komp174.ru/;>30M
http://www.chowdersplace.com/;>30M
http://teleremont68.ru/;>30M
http://www.elpresidente.eu/;>30M
http://www.mebellip48.org/;>30M
http://elizavetochka.ru/;>30M
http://wow-f.ru/;>30M
http://heavenlybodies.com.au/;>30M
http://webrt.ru/;>30M
https://gauravshinde.com/;>30M
http://hiddendreaming.com/;>30M
http://clubvint.ru/;>30M
http://cs-game-world.ru/;>30M
http://startrain.ru/;>30M
http://blogqpot.com/;>30M
http://viralz.tv/;>30M
http://www.all-stars.ro/;>30M
http://russianlaw.us/;>30M
http://nudes-girl.com/;>30M
http://rechargebazaar.net/;>30M
http://bruinedwerg2012.com/;>30M
http://xn----9sbboabseshrh3ays4eth.xn--p1ai/;>30M
http://narodnyivrach.com/;>30M
http://flexworker.se/;>30M
http://adelanto.ru/;>30M
http://www.kvartiracentr.ru/;>30M
http://dressirovka-tula.ru/;>30M
http://viptrener.com/;>30M
http://profremont-omsk.ru/;>30M
http://cosmovision.ru/;>30M
http://xn----7sbhmuvhbwfl5c.xn--p1ai/;>30M
http://kinogroup.ru/;>30M
http://xn--80aknf1a2g.xn--p1ai/;>30M
http://hucknall.info/;>30M
http://www.vercomicsporno.net/;>30M
http://weygold.us/;>30M
http://offtheshelf.us/;>30M
http://highdesertcustoms.us/;>30M
http://www.tfoms48.ru/;>30M
http://csgo-club.ru/;>30M
http://diyzee.com/;>30M
https://vfenstreaming.com/;>30M
http://pochvoobrabotka.ru/;>30M
http://www.kastigo.ro/;>30M
http://beam.ro/;>30M
http://yamalart.ru/;>30M
http://lolita-paradise.com/;>30M
http://atelier-helen.ru/;>30M
http://bizon-trade.ru/;>30M
http://lifezarabotok.ru/;>30M
http://xn--55-6kcik2cnej2a.xn--p1ai/;>30M
http://kid-lit.ru/;>30M
http://interninformt.ru/;>30M
http://theapteka.ru/;>30M
http://whenismytrain.com/;>30M
http://www.wselennaya.ru/;>30M
http://xn--h1adkbar.xn--p1ai/;>30M
http://www.xn--72-6kcptid7ahbl6a.xn--p1ai/;>30M
http://streamx.us/;>30M
http://www.pivosuper.ru/;>30M
http://www.comicxxx.org/;>30M
http://pghexp.org/;>30M
http://thintech.ru/;>30M
https://webranking.us/;>30M
http://www.dota2hentai.com/;>30M
http://netjournal.fr/;>30M
http://iloveamateurporno.com/;>30M
http://freebet.su/;>30M
http://filmso.ru/;>30M
http://remgrup.ro/;>30M
http://www.bunnystudio.ro/;>30M
http://zjlzd.com/;>30M
http://taijibh.com/;>30M
http://mama100.ru/;>30M
http://www.f1-online.ru/;>30M
http://protofan-design.ru/;>30M
http://agrostov.ru/;>30M
http://latin-lolita.com/;>30M
http://prague4you.com/;>30M
http://imuzica.ro/;>30M
http://www.gospellite.com/;>30M
http://www.imagenesdecumpleanosgratis.com/;>30M
http://theorks.ru/;>30M
https://pechemhleb.ru/;>30M
http://bukkake.se/;>30M
http://firstconsultuk.com/;>30M
http://www.redtiger.ru/;>30M
http://play-minecraft.ru/;>30M
http://nats-idea.ru/;>30M
http://baixarebook.com/;>30M
http://amateurbating.com/;>30M
http://k123.tv/;>30M
http://my19xnxx.com/;>30M
http://18pussyxnxx.com/;>30M
http://ua.at.ua/;>30M
http://linked.ge/;>30M
http://slt.by/;>30M
http://animal-sex.se/;>30M
http://mss.lv/;>30M
http://kinogo3.net/;>30M
http://amateurteen-porn.com/;>30M
http://babe18xnxx.com/;>30M
http://ciliatilia.com/;>30M
http://decorationlove.com/;>30M
http://kipriotka.com/;>30M
http://real-news.club/;>30M
http://24young.com/;>30M
http://torrentslegendados.com/;>30M
http://makeupkit.xyz/;>30M
http://xn--80ahclcjlkgyris6jxb.xn--p1ai/;>30M
http://xn--80adi9aalm.xn--p1ai/;>30M
http://realty-analyst.ru/;>30M
http://practika-exporta.ru/;>30M
http://www.xn----7sbijjitb0a3bca8je9b.xn--p1ai/;>30M
http://xn----ttbaeld5ac4b.xn--p1ai/;>30M
http://stydiya-feya.ru/;>30M
http://www.lokonclub.ru/;>30M
http://cakermaker.ru/;>30M
http://nodes61.ru/;>30M
http://xn--88-6kch3bu9a.xn--p1ai/;>30M
http://www.durnitichitra.com/;>30M
http://www.vocnesadnicesavic.net/;>30M
http://anna-nikolaevna-smirnova.ru/;>30M
http://nudefreexxx.com/;>30M
http://www.sun-tg.co.ua/;>30M
http://krossfuck.com/;>30M
http://thaiseriesguide.blogspot.com/;>30M
http://aadultlist.com/;>30M
http://jiaobar.com/;>30M
http://lolitas-camp.com/;>30M
http://top100lolita.com/;>30M
http://www.sweet-virgins.com/;>30M
http://sex-more.com/;>30M
http://zoo-traffic.com/;>30M
http://top-virgins.com/;>30M
http://password-sites.com/;>30M
http://littleteenz.com/;>30M
https://goinporn.com/;>30M
http://adult-video-outlet.com/;>30M
http://www.dailybuzzph.com/;>30M
http://suchinewz.blogspot.com/;>30M
http://mm-90.blogspot.com/;>30M
http://pekalongan-cits.blogspot.com/;>30M
http://desene4k.ucoz.net/;>30M
http://pannthadinzone.blogspot.com/;>30M
http://tv-sport-pro.ru/;>30M
http://thainewsglobal.blogspot.com/;>30M
http://pakistansuperleague.live/;>30M
http://pyomadi.blogspot.com/;>30M
http://kinomiks.tv/;>30M
https://everydaypornxxx.com/;>30M
http://myanmarpyitharyng.blogspot.com/;>30M
http://mgmg70.blogspot.com/;>30M
http://myanmar6-6.blogspot.com/;>30M
http://maymayentrata.com/;>30M
http://www.trotuar-noginsk.ru/;>30M
http://mgmmg67.blogspot.com/;>30M
http://azino7.ru/;>30M
http://pineapple.kz/;>30M
http://planrule.us/;>30M
http://porn-movies.se/;>30M
http://kyawgyi2.blogspot.com/;>30M
http://mylazyeditor.blogspot.com/;>30M
http://www.freecashpotlottery.co.uk/;>30M
https://safelkmeong.blogspot.com/;>30M
http://www.kittysbeast.com/;>30M
http://av01.media/;>30M
http://forbiddenforum.com/;>30M
http://privateyoungforum.com/;>30M
http://hiddenyoung.com/;>30M
http://pussy-torrent.com/;>30M
http://kittiesforum.com/;>30M
http://virginyoungforum.com/;>30M
http://zoo-list.com/;>30M
http://animal-top.com/;>30M
http://beastytop.com/;>30M
http://buizness-idei.ru/;>30M
http://18feetpics.com/;>30M
http://art-modeling-studios.se/;>30M
http://devcreation.ru/;>30M
http://firmware-zombie.blogspot.com/;>30M
http://xn----7sbaab2amjnlagwj5b3a3t.xn--p1ai/;>30M
http://la2revolution.info/;>30M
http://gameanime.ru/;>30M
http://dnp-majami.ru/;>30M
http://kizzaro.ru/;>30M
http://ebaybid.net/;>30M
http://vipkristall.ru/;>30M
http://www.pochini-bibiku.ru/;>30M
http://kornelius-art.ru/;>30M
http://hahabank.ru/;>30M
http://www.andresbonifacio.info/;>30M
http://orunova.ru/;>30M
http://xn--36-mlcqjqcncjl.xn--p1ai/;>30M
http://xn--f1adui.xn--p1ai/;>30M
http://www.hablamosesp.ru/;>30M
http://halyavalive.ru/;>30M
http://minefever.ru/;>30M
http://greenhillhouse.ru/;>30M
http://razvitiaklever.ru/;>30M
http://egorovaliliya.ru/;>30M
http://sinteznot.ru/;>30M
http://vitanovam.ru/;>30M
http://www.xsilantye.online/;>30M
http://www.ivolga-2.ru/;>30M
http://arieldoglover.se/;>30M
http://www.gornica-sochi.ru/;>30M
http://zonasports.es/;>30M
http://www.arphotovideo.net/;>30M
http://diaani.solutions/;>30M
http://www.profaktor.info/;>30M
http://www.jquintinita.design/;>30M
http://gidrofiltr.com/;>30M
http://3dmech.net/;>30M
http://halychany-nvk.net/;>30M
http://abrisstroypro.com/;>30M
https://blockchainlifestyle.net/;>30M
http://stocktocoin.com/;>30M
https://techreviewsng.com/;>30M
https://www.hdvtorrent.ml/;>30M
https://deho.life/;>30M
http://news2up.ir/;>30M
http://autocarnews.online/;>30M
http://bioskop21.ucoz.ro/;>30M
http://guldenfaucet.nl/;>30M
http://xxxxsite.com/;>30M
http://mttkcomp.ru/;>30M
http://ukrdim.info/;>30M
http://www.mhahentai.com/;>30M
http://www.musico.kz/;>30M
http://romedia.ucoz.ro/;>30M
http://zonasports.ch/;>30M
http://anekdotiki16.ru/;>30M
http://maxine-model.se/;>30M
http://poledance.tomsk.ru/;>30M
http://kinogold.website/;>30M
http://tvpromos.info/;>30M
http://xn--av-4r6d.com/;>30M
http://xn--av-lq8e.com/;>30M
https://xn--av-uv2co19w.com/;>30M
http://flixtv.online/;>30M
https://songspk.center/;>30M
http://cxhvog.biz/;>30M
http://okkgne.biz/;>30M
http://tiz-cycling.live/;>30M
http://bavgei.ru/;>30M
http://avtotrans-gruz.ru/;>30M
http://bolinet31.ru/;>30M
http://blogmnenie.ru/;>30M
http://coffee-paulig.ru/;>30M
http://cryptcoinjob.ru/;>30M
http://www.darikrima67.ru/;>30M
http://www.fozil-studio.ru/;>30M
http://haker24.ru/;>30M
http://hirvosti.ru/;>30M
http://kettybrows.ru/;>30M
http://www.kinotatam.ru/;>30M
http://www.konservm05.ru/;>30M
http://m-fortuna.ru/;>30M
http://maksliner.ru/;>30M
http://migrosauto.ru/;>30M
http://metridan.ru/;>30M
http://merlettspb.ru/;>30M
http://paradiseroom.ru/;>30M
http://rickyworld.ru/;>30M
http://soft-nastroyka.ru/;>30M
http://tyanyamuseum.ru/;>30M
http://www.tvservic.ru/;>30M
http://www.vanessa-stil.ru/;>30M
http://websampro.ru/;>30M
http://wot101.ru/;>30M
http://ww36.ru/;>30M
http://nortgas.ru/;>30M
http://jfh886.com/;>30M
http://bluedols.com/;>30M
http://www.islamischetraumdeutung.com/;>30M
http://www.alanateyrin.ru/;>30M
http://appleserf.ru/;>30M
http://aviachechnya.ru/;>30M
http://azzzzzaa09.ru/;>30M
http://blackflorida.ru/;>30M
http://chitamebelservice.ru/;>30M
http://collegerct.ru/;>30M
http://www.cori-design.ru/;>30M
http://dady-stepa.ru/;>30M
http://detskiimagaz.ru/;>30M
http://det-sad-ulybka6.ru/;>30M
http://elitnt.ru/;>30M
http://go-gta.ru/;>30M
http://www.infodenisblinov.ru/;>30M
http://jsty.ru/;>30M
http://ketrin79.ru/;>30M
http://konditer2013.ru/;>30M
http://kspezcor.ru/;>30M
http://www.kursovick95.ru/;>30M
http://mboy87.ru/;>30M
http://mebelplus-chita.ru/;>30M
http://melnikovfamily.ru/;>30M
http://motomehan.ru/;>30M
http://money2up.ru/;>30M
http://nipl61.ru/;>30M
http://www.partizanow.ru/;>30M
http://power-31.ru/;>30M
http://www.pskovskie-bardy.ru/;>30M
http://sad19-derbent.ru/;>30M
http://sdyemashova.ru/;>30M
http://sevtransfer.ru/;>30M
http://servistlf.ru/;>30M
http://size18.ru/;>30M
http://sovet-yarovoe.ru/;>30M
http://spastifundament.ru/;>30M
http://stroiinvestinza.ru/;>30M
http://teacherdil.ru/;>30M
http://www.trak-mach.ru/;>30M
http://www.valentinabelikova.ru/;>30M
http://vospsedugina.ru/;>30M
http://vulcan14086.ru/;>30M
http://xhbnews.ru/;>30M
http://www.yugstroyeco.ru/;>30M
http://www.traffdetect.co.uk/;>30M
http://saafy.us/;>30M
http://todaystory.us/;>30M
http://kinomaxhd.su/;>30M
http://www.octopus3ddesign.be/;>30M
http://mayakminska.by/;>30M
http://yougame.by/;>30M
http://radio-srbija.square7.ch/;>30M
http://kamhookahs.club/;>30M
http://zimee.club/;>30M
http://mobilpiben.dk/;>30M
http://danistirgroup.eu/;>30M
https://www.creatorcore.ga/;>30M
http://geomovies.ga/;>30M
http://wadia.ga/;>30M
http://www.xboyfoundation.ga/;>30M
http://lexi.ge/;>30M
http://worldgoal.pvt.ge/;>30M
http://lauramartinmusic.ie/;>30M
http://catcom.kz/;>30M
http://huntersoft.kz/;>30M
http://www.lookid.kz/;>30M
http://www.vitalitate.lv/;>30M
http://darklite.ml/;>30M
http://mevkhnu.ml/;>30M
https://papiezaki.pl/;>30M
http://hatchup.pro/;>30M
http://mupic.pro/;>30M
http://www.nicholasbezgin.pro/;>30M
http://4games.ucoz.ro/;>30M
http://angelasimileaa.ucoz.ro/;>30M
http://apicultura.ucoz.ro/;>30M
http://asigurarioravita.ro/;>30M
http://boilere.ucoz.ro/;>30M
http://cinemagia.ucoz.ro/;>30M
http://cinemaxx.ucoz.ro/;>30M
http://www.cronicadeturnu.ro/;>30M
http://efilmeonline.ucoz.ro/;>30M
http://filmeonline.ucoz.ro/;>30M
http://filmeonlinetari.ucoz.ro/;>30M
http://finisaje.ucoz.ro/;>30M
http://film-romania.ucoz.ro/;>30M
http://filmboom.ucoz.ro/;>30M
http://floodofgames.ucoz.ro/;>30M
http://new-games.ucoz.ro/;>30M
http://negative.ucoz.ro/;>30M
http://radio-romantik.ucoz.ro/;>30M
http://seriale-online.ucoz.ro/;>30M
http://succesbio.ucoz.ro/;>30M
http://villasabina.ucoz.ro/;>30M
http://vivasan.tj/;>30M
https://www.lamborghini-usa.tk/;>30M
http://piratka.tv/;>30M
http://www.agro-moto.com.ua/;>30M
http://aleks-art.com.ua/;>30M
http://ekola.com.ua/;>30M
http://holiday.mk.ua/;>30M
http://www.pcwork.ks.ua/;>30M
http://vulcan-casino777.ru/;>30M
http://nk-rosneft.ru/;>30M
http://r6hsolptreas.org/;>30M
http://newforum24.site/forum/;>30M
http://leroymerlin-vegas.ru/;>30M
http://wetrej.life/;>30M
https://www.songspk.run/;>30M
http://eidomsoft.com/;>30M
http://lostfilm.media/;>30M
http://highquality.ooo/;>30M
http://aiscue.com/;>30M
http://meeteasygirl-b.com/;>30M
http://boijitogel.com/;>30M
http://esdeporte.me/;>30M
http://keplokan.com/;>30M
http://kuaim860.com/;>30M
