https://admachine.co/;442680
http://www.nrs-group.com/;640442
http://kote.ws/;682860
http://www.moneymakerdiscussion.com/;831855
http://cpabaton.ru/;1200529
https://cpamafia.pro/;1925736
https://jpush.github.io/;2014087
https://irishwebmasterforum.com/;2029570
https://mirtraffica.ru/;2961447
http://madcpa.ru/;3672676
https://www.rankarchive.com/;11234341
http://iwf.ie/;12202739
http://kreen.ru/;24852403
http://webizberg.com/;28221962
http://zeddy.ru/;>30M
https://affpub.com/;>30M
https://richpush.co/;>30M
https://www.anstrex.com/;>30M
http://richpush.com/;>30M
https://biks.biz/;>30M
http://ebky.com/;>30M
https://cpa.rip/;>30M
https://bidreamer.com/;>30M
https://richpartners.co/;>30M
