https://www.vidics.to/;46660
http://windows3.blogfa.com/;806133
http://101magicseeds.com/;1794461
http://iberaula.es/;1950662
http://lolayoung.com/;2257656
http://2sms.ir/;2661756
https://atwoodindustries.net/;2913088
http://xlnet.ru/;4074481
http://dragotadic.net/;4372319
http://electriccookerconnection.co.uk/;4973346
http://gtp.de/;4996289
http://together-work.biz/;5272744
http://sonfte.com/home.shtml;5511241
http://fittingagascooker.co.uk/;5580620
http://gascookerinstaller.co.uk/;5592557
http://mcllo.com/;5983987
http://encc-dz.com/;5985669
http://bombaypalacemn.com/;6070576
http://www.palazzogianfigliazzi.it/;6473023
http://hoversgroup.com/;6594172
http://cookerconnection.co.uk/;6873751
http://cs-promo.ru/;7461710
http://oslc.on.ca/;7556901
http://halkidikinet.gr/;7739039
http://habitattechnologygroup.org/;7754362
http://bigxvideos.com/;7886716
http://www.cgiafrica.net/;8083675
http://adbkanvas.com/;8106136
http://ibercursos.com/;8107384
http://modelfactory43.com/;8230840
http://www.meetmeatthewall.org/;8263372
https://www.moog-dortmund.de/;8385875
http://uselogicpower.ru/;8503893
http://gplanet.tech/;9044415
http://loki-the-mischievous.com/;9100827
http://www.affilicon.com/;9493604
http://honest-detective.com/;9563297
http://communiquem.com/maintenance/;9571601
https://kosferibotlari.com/;9894590
http://motoenzo.com/;10217251
https://spencergranite.com/;10532208
http://feinwerktechnik-web.de/;10732535
https://boxjoanninha.com.br/;10959865
http://schoolprop.com/;10995482
http://gplanet-tech.com/;11009910
http://convector.com.mx/;11052115
https://nakrutka.shop/;11184732
http://ninedots.es/;11213823
http://payoptionng.com/;11328745
http://erredueonline.it/;11581706
http://barkodsoft.com/;11667367
http://www.thehippyco.com/;11672788
https://rsfera.ru/;11992047
http://freshstarthousing.com/;12376847
http://htb.de/;12534377
http://faller-friseurmobil.de/;12948205
http://sauna-zoerbig.de/;12976330
http://prfast.com/;12986660
http://hcomputation.org/;13113677
http://cryptex.com/;13486958
http://lifesupportinternational.org/;13514385
http://kenbehrens.com/;13664647
http://apervi.com/;13927370
http://prfasteners.com/;13964437
http://www.toccoalumber.com/;14017450
https://www.figjamheadshots.com/;14033674
http://www.aktivforvaltning.com/;14307693
http://mirarossa.org/;14520745
http://ulasovetz.com/;14681662
http://hajinlian.net/;14702120
http://sirdo.com.mx/;14824177
http://fittingelectriccooker.co.uk/;14883664
http://gas-cooker-install.co.uk/;14920269
http://www.harmonystreet.biz/;14959672
http://www.worldcapitalbrokerage.com/;15035098
http://android-soft.ir/;15243159
https://www.gallery24.biz/;15345463
http://kingpoolandspa.com/;15480010
http://ultor.org/;15686649
http://sparklebiz.com/;15816034
http://radercollision.com/;15908899
http://scietech.org/;15989132
http://eurodeltaczech.cz/;16074593
http://acesmagic.com.au/;16912775
http://kgamer.mihanblog.com/;16968485
http://journeyofself-discovery.net/;16996787
http://theicewolf.com/;17005656
http://english-training.org/;17136058
http://elyazami.com/;17209702
http://paulwmarks.com/;17339597
http://unavoce-ga.org/;17381594
http://oakmontwater.com/;17469149
https://www.alexedo.com/;17531602
http://royalnailsnspa.com/;17580030
http://termo-instalatii.ro/;17669113
http://whiteplanes.de/;17883748
http://gascookerconnection.co.uk/;18147100
http://qslhamradio.com/;18210050
http://amecmx.org/;18360137
http://newcastleinvestments.com/;18500423
http://www.oberate.com/;18534160
http://zazaborom42.ru/;19176594
https://www.nwsands.com/;19263537
http://www.readytoenjoyparadise.com/;19311803
http://ecoleng.org/;19721929
http://wrappi.ru/;19746351
http://miamicounty4hfair.com/;19878718
http://electriccookerinstallation.co.uk/;20565608
http://www.lccnorthwestbc.com/;20683092
http://neutronperpa.com/;20825714
http://pinnaclebeads.com/;21169848
http://bigredrawkitriot.com/;22399865
http://tjbys.net/;22528690
http://bvchoralsociety.org/;22756997
http://nepalkcing.com/;23031052
http://otorrinolaringologia.mx/;23785367
http://www.sunshineclub.net/;24337018
https://redoneradio.com/;24455895
http://artwebsites.net/;24526787
http://access2internet.com/;24797525
http://silkplaster29.ru/;25126887
http://www.my58.ru/;25880378
http://divinediscovery.com/;25905463
http://no-mercy.me/;26631194
http://drpc.ph/;26880826
http://www.tbsparts.com/;27315933
http://xn--e1aaibhcdd.xn--p1ai/;28364192
http://dkfishbd.com/;28492174
http://4seson.ru/;28579789
http://purplestea.ru/;30511355
http://cariampromo.net/;30581061
http://tjbys.com.cn/;>30M
http://www.standard-wire.com/index.html;>30M
http://narutorpgonline.com/;>30M
http://campbellhousebnb.com/;>30M
http://fredsugar.com/;>30M
http://sspv.net/;>30M
http://www.edindeals.com/;>30M
http://calumee.de/;>30M
http://pesok.su/;>30M
https://freeslotsus.com/;>30M
http://ascian.me/;>30M
http://audiohackday.org/;>30M
https://013572.com/;>30M
http://pianoprint.com/;>30M
http://www.phillipshardwaremv.com/;>30M
http://andydakin.com/;>30M
http://digitalmarketingsc.com/;>30M
http://lambremoskva.ru/;>30M
https://bummyla.com/;>30M
http://zahnriemengetriebe.de/;>30M
http://goodwoodrental.com/;>30M
http://sdhxsj168.com/;>30M
http://teltecawinery.com/;>30M
http://www.escaperoomproducts.com/;>30M
http://app-id.us/;>30M
http://off-road24.ru/;>30M
http://oppositionparty.net/;>30M
https://spesfertilitycareservices.com/;>30M
http://logixhub.com/;>30M
http://kbbcncmachining.com/;>30M
http://glycanbio.com/;>30M
https://2218970.ru/;>30M
http://hkgroupbd.com/;>30M
http://sparrowlinemedia.com/;>30M
http://kalaus.info/;>30M
http://stevegilchrist.org/;>30M
http://hopeslanding.com/;>30M
http://acropa.com/;>30M
http://xjjtv.com/;>30M
http://awagener.com/;>30M
http://nathanielmallet.com/;>30M
http://adbkanvas.in/;>30M
http://mdens.com/;>30M
http://truebger.eu/;>30M
http://aadance.com.au/;>30M
http://www.gorumcontracting.com/;>30M
http://funerariahosanna.com/;>30M
http://truebger.de/;>30M
http://granetdesign.cz/;>30M
http://starshipskennel.net/;>30M
http://prowess.pl/;>30M
http://www.4008787878.mobi/;>30M
http://www.forsuc.com/;>30M
http://155paris.com/;>30M
http://niomac.com/;>30M
http://arjen.me/;>30M
http://toutpourmestravaux.com/;>30M
http://greenbdtours.com/;>30M
http://umutcelik.org/;>30M
http://lermer.net/;>30M
https://coaching-kaiser.de/;>30M
http://alteredsites.net/;>30M
http://jrivascomercial.com/;>30M
http://enrem.pl/;>30M
https://trochoisex.com/;>30M
https://rodosferibotlari.com/;>30M
http://videoadservice.com/;>30M
https://rosenberger-heimdecor.de/;>30M
http://vitruviangarciniacambogia.com/;>30M
http://kyhope.com/;>30M
https://www.adrianpicardi.com/;>30M
http://afriendfor.me/;>30M
http://cannamedico.com/;>30M
https://viagrac.com/;>30M
http://matlinpd.com/;>30M
http://famatech.ch/;>30M
http://stobo.ca/;>30M
http://amabila.eu/;>30M
http://littlebox.ca/;>30M
https://www.domesticorder.com/;>30M
http://www.joinwcb.com/;>30M
http://universalachievers.com/;>30M
http://ferienwohnung-ziewers.de/;>30M
http://vevegroup.com/;>30M
http://ihracatfazlasi.net/;>30M
http://hopkinsadvisory.com/;>30M
http://shanley.com.au/;>30M
http://www.wcbjoin.com/;>30M
http://medecplus.com/;>30M
http://www.xiaoyao.mobi/;>30M
http://artmedium.me/;>30M
http://sistemadigifact.com/;>30M
http://thefrenchhouse.info/;>30M
https://helpchildrenofafrica.org/;>30M
http://tnfga.org/;>30M
http://tjbys.cn/;>30M
http://nelari.us/;>30M
http://sapientrecords.com/;>30M
http://57things.com/;>30M
http://jrmmedia.com/;>30M
http://epicitsoft.com/;>30M
http://xternalfixator.net/;>30M
http://sayedkhader.com/;>30M
http://homebizhelp.org/;>30M
http://misnergroup.com/;>30M
http://ihracfazlasi.org/;>30M
http://www.aptusworldwide.com/;>30M
http://051530.com/;>30M
http://technosota.ru/;>30M
http://deweck-architecte.ch/;>30M
http://xn--eckpu2gc2q1a.com/;>30M
http://canadalightworkers.com/;>30M
http://fotomarathon.gr/;>30M
http://legionofsteelonline.com/;>30M
http://sunshinecoastkitchenresurfacing.com.au/;>30M
http://www.darkforestfilms33.com/;>30M
http://simranaimagery.com/;>30M
http://www.aimphoto.com/;>30M
http://kjerstin.me/;>30M
https://morrischem.com/;>30M
http://www.westfrieskapitaal.com/;>30M
http://xn-----6kcbbaw2ac2apoj.xn--p1ai/;>30M
http://n0m0re.com/;>30M
http://edvanced.de/;>30M
http://2carrscreative.com/;>30M
http://lvinspect.com/;>30M
http://taketheleadma.com/;>30M
http://annasalatto.com/;>30M
http://bettiegail.com/;>30M
http://wattsline.org/;>30M
http://digitalmarketingllc.com/;>30M
http://recruit-uk.com/;>30M
http://cybersecurityca.com/;>30M
http://dentalcreators.com/;>30M
http://www.ritacanning.com/;>30M
http://shalachmanot.com/;>30M
http://assistance-croatia.com/;>30M
http://barmika.com/;>30M
http://protonmedia.pl/;>30M
http://ambrosiuspatent.com/;>30M
https://upflic.com/;>30M
http://auditsova.ru/;>30M
http://henkvangent.nl/;>30M
http://virtuality-file.com/;>30M
http://carolbriskin.com/;>30M
http://jeowebmasterservices.com/;>30M
http://themightyhimalayas.com/;>30M
http://fragen-kost-nix.de/;>30M
http://phil-in.com/;>30M
http://benchine.ma/;>30M
https://www.ayantour.com/;>30M
http://www.i4bvi.com/;>30M
http://comeham.com/;>30M
http://econotransmission.com/;>30M
https://waldencameron.com/;>30M
http://openzone.org/;>30M
http://layonferreira.com/;>30M
http://xn--hdks531w3dwjkwo5q.com/;>30M
http://www.whesco.com/index.html;>30M
http://claygroves.com/;>30M
http://shengshang.mobi/;>30M
http://iwtf-ng.org/;>30M
http://kreye.biz/;>30M
http://fedorshop.ru/;>30M
http://az6.ru/;>30M
http://dickandgrace.info/;>30M
http://chequea.me/;>30M
http://gxxyy.cn/index.html;>30M
https://itmgt.ru/;>30M
http://topnotchsiding.com/;>30M
http://greatwallboothwyn.com/;>30M
http://andreaswachowski.com/;>30M
http://spantrust.org/;>30M
http://avivacher.ru/;>30M
http://amabila.de/;>30M
http://weldfast.com/;>30M
http://edwardson.ru/;>30M
http://townsendclaim.com/;>30M
http://barrigacrescente.com/;>30M
http://alinxl.com/;>30M
http://kolibri-design.de/;>30M
http://woodvenue.org/;>30M
http://www.musicteacherassistant.com/;>30M
http://cemetinc.com/;>30M
https://amirulhafiz.com/;>30M
http://fenner-com.ch/;>30M
http://guardianaction.com/;>30M
http://andrewlev.de/;>30M
http://saritagroup.org/;>30M
http://flooringit.ca/;>30M
http://tjedu.com.cn/;>30M
https://rabotaori24.ru/;>30M
http://www.mmarq.cl/inicio.html;>30M
http://winproekt.ru/;>30M
http://akilfoundation.com/;>30M
http://highcpms.com/;>30M
http://gitelacedouard.com/;>30M
http://liliputh.com/;>30M
http://santyno.com/;>30M
http://divershammerhead.com/;>30M
http://gretchentrees.com/;>30M
http://royalmodesty.com/;>30M
https://www.sa3ka.com/vb/;>30M
http://dreschon.de/;>30M
http://fmacelektrik.com/;>30M
http://cavla.nl/;>30M
http://riceco.us/;>30M
https://www.glynmarais.co.za/;>30M
http://goldcoastkitchenresurfacing.com.au/;>30M
http://xilige.cc/;>30M
http://zemljak.si/;>30M
http://raj.hu/;>30M
http://kara-sevda.net/;>30M
http://nanodeep.net/;>30M
http://beefmaxx.com/;>30M
http://bogglebang.com/;>30M
http://e-marketing-tech.com/;>30M
http://fourseasonsrussia.com/;>30M
http://hecbbank.com/;>30M
http://kumaye.com/;>30M
http://lahoist.com/;>30M
http://mugenvr.com/;>30M
http://possumpatchfarms.com/;>30M
http://rompharma.com/;>30M
http://rsmcicendo.com/;>30M
http://triadbarterexchange.com/;>30M
http://piedmontchristianacademy.org/;>30M
http://semisericordia.org/;>30M
http://anthonyrudny.com/;>30M
http://estebandegyves.com/;>30M
http://www.inglesafinado.com/;>30M
http://kuotinyen.com/;>30M
http://northcarolinabarterexchange.com/;>30M
https://www.ougus.com/;>30M
http://orthodoxbahais.com/;>30M
http://rotorcraftmusic.com/;>30M
http://agv24.ru/;>30M
http://bko2015.top/;>30M
http://e719.top/;>30M
http://js234.top/;>30M
https://b3.network/;>30M
http://321o.vip/;>30M
http://huisha.wang/;>30M
http://title.exchange/;>30M
http://haomai360.cn/;>30M
http://casaamurg.ro/;>30M
http://electriccookerinstall.co.uk/;>30M
http://gas-cooker-installation.co.uk/;>30M
http://gascookerfitters.co.uk/;>30M
http://disconnectinggascooker.co.uk/;>30M
http://cookerinstall.co.uk/;>30M
http://disconnectgascooker.co.uk/;>30M
http://sukumaradio.com/;>30M
http://anvilofbattle.com/;>30M
http://biancorosada.com/;>30M
http://kanaltemizleyici.com/;>30M
https://instagrams.support/;>30M
http://www.ask-fred-paris.com/;>30M
http://rafaa.org/;>30M
http://www.sexbd.cn/;>30M
https://malvisonar.com/;>30M
https://www.thumlapse.com/;>30M
http://anditsjustanotherday.com/;>30M
http://xn----itbvhbbmfgfc2a.xn--p1ai/;>30M
http://karaoke-mobile.ru/;>30M
http://russiancasino.pro/;>30M
http://siagep.com/;>30M
http://zenyokai.com/;>30M
http://kisaras-playground.com/;>30M
http://www.weishanchou.xyz/;>30M
http://xn--b1aachcpd0eb.xn--p1ai/;>30M
http://lsclaws.com/Account%20Suspended.html;>30M
http://geckogolden.com/;>30M
http://flavourful.ru/;>30M
http://playdrumsmith.com/;>30M
https://vian-city.ru/;>30M
http://swishaccess.com/;>30M
http://vulkan777.website/;>30M
http://3733sy.com/;>30M
http://nailartexpressbd.com/;>30M
http://lawrencejiang.com/;>30M
http://giacomocusinato.com/;>30M
http://softwaretinkerers.com/;>30M
http://xn-----6kcbgmmdurogwm4aded6ap4v.xn--p1ai/;>30M
https://52kav.vip/;>30M
http://daaazi.com/;>30M
http://chapiteau.co.uk/;>30M
http://samansm.com/;>30M
http://elena-vaganova.ru/;>30M
http://m-eks.ru/;>30M
http://bcmeubles.com/;>30M
http://aranhafightbro.com/;>30M
http://keratinshampoo.online/;>30M
http://hearttone.org/;>30M
http://dcrcenter.net/;>30M
http://moviesky.me/;>30M
http://ichatapp.online/;>30M
http://sacramentoclerkresumes.com/;>30M
http://imedic-dz.com/;>30M
http://gomel.online/;>30M
http://www.lolii.cc/;>30M
http://rgmmaritime.com/;>30M
http://www.lize99.net/;>30M
http://speakersforall.com/;>30M
http://royalholloway.stream/;>30M
http://coyotehydroponics.com/;>30M
http://varalmuhendislik.com/;>30M
http://solvencyco.com/;>30M
http://attic-games-studio.com/;>30M
http://qidna-y.com/;>30M
http://coffeeequipment.info/;>30M
https://www.programmingfightclub.com/;>30M
http://rafrennie.net/;>30M
http://brn-insaat.com/;>30M
http://matchcheck.link/;>30M
http://granmakpassos.com.br/;>30M
http://find-infinity.com/;>30M
https://profhome.co.uk/;>30M
http://modelfactory43.pt/;>30M
http://babat-web.net/;>30M
http://albsanat.com/;>30M
http://bartbyte.com/;>30M
http://nationalfinancialonline.com/;>30M
http://takipcibonus.com/;>30M
http://bluminpostech.com/;>30M
http://www.1i3.cc/;>30M
http://www.luigimazzucchi.com/;>30M
http://ialarabianlogist.com/;>30M
http://www.seqsa.net/;>30M
https://wherz.info/;>30M
http://gezheyun.com/;>30M
http://trilhadalucratividade.com/;>30M
http://oldnew-pw.com/;>30M
http://nhs-webdesign.de/;>30M
http://www.jiriad.com/;>30M
http://molotovagency.com/;>30M
http://www.riotaxi58.ru/;>30M
http://alhajribookshop.com.sa/;>30M
http://instagramactivationn.com/;>30M
http://0chan.party/;>30M
https://lifestyleshield.net/;>30M
http://google-gift.info/;>30M
http://lb88819.com/;>30M
https://2fast.team/;>30M
http://oopsio.party/login.html;>30M
http://fc3d38.com/;>30M
http://brujosyritualespoderosos.com/;>30M
http://stockyfi.com/;>30M
http://stockyfi.net/;>30M
http://brionis.online/;>30M
http://moddwin.com/;>30M
https://my-auvik.com/index.html;>30M
http://www.wcb1958.com/;>30M
http://younx.nl/;>30M
http://poderososamarresyconjuros.com/;>30M
https://trialgr.info/;>30M
http://mridulsharma.com/;>30M
http://elo.deals/;>30M
http://amarresyritualesdelamor.com/;>30M
http://yinhedigital.com/;>30M
http://boletorum.com/;>30M
http://lb66682.com/;>30M
http://ademtutuneken.com/;>30M
http://www.revivesalonanddayspa.com/;>30M
http://ihracattanayakkabi.com/;>30M
https://galeriasytopes.com/;>30M
http://firsatavmtoptanci.com/;>30M
http://18loli.com/;>30M
http://artkus.ru/;>30M
http://fabitur.ru/;>30M
https://modulclient.ru/;>30M
http://markafirsatim.online/;>30M
http://ihracfazlasi.online/;>30M
http://ihracatfazlasi.online/;>30M
http://ihracatdukkani.site/;>30M
http://qcc158.vip/;>30M
http://aqua-skill.ru/;>30M
http://cbpdipconsignmentscan.com/;>30M
http://harempastearabia.site/;>30M
http://ihracatzamani.site/;>30M
http://haremsultanpaste.club/;>30M
http://haremsultanpaste.site/main/;>30M
http://arabicbigbang.site/;>30M
http://arabicsultanmajun.site/;>30M
http://arabicfireman.site/;>30M
http://varanga-antifungal.ru/;>30M
http://netrobototomasyon.com/;>30M
http://www.aigch.com/;>30M
http://tabeebadvisor.com/;>30M
http://evorust.store/;>30M
http://dmioptions.com/;>30M
http://www.thehiddentimbers.com/;>30M
http://taleemadvisor.com/;>30M
http://uralplant.com/;>30M
http://dentalassistingtn.com/;>30M
http://synova-group.com/;>30M
http://profplusarabia.site/;>30M
http://profpluspaste.site/anasayfa.html;>30M
http://profpluspaste.club/;>30M
http://spetsme.com/;>30M
http://kirkyilhatrimizolsun.site/;>30M
http://kahveanketi.site/;>30M
http://cayanketi.site/;>30M
http://bigbangarabia.club/;>30M
http://birfincankahve.site/;>30M
http://kahveninhatirina.site/;>30M
http://bigbanglebanon.site/bigbang.html;>30M
http://birfincankahve.club/;>30M
http://arabicbigbigbang.site/;>30M
https://thegoodguysmsia.com/index.html;>30M
http://langolodelgustobistro.com/;>30M
http://redbubble.promo/;>30M
http://dragqueenshows.com/;>30M
https://www.help-instagrram.com/;>30M
https://cigilrp.ru/;>30M
http://relightcandles.ru/;>30M
http://angelinekanagasooriam.co.uk/;>30M
http://bocadillo-norfolk.co.uk/;>30M
http://bucksfrogs-supportgroup.co.uk/;>30M
http://crosbie-therapy.co.uk/;>30M
https://djrichardmoon.co.uk/;>30M
http://enorbit.co.uk/;>30M
http://funlife.co.uk/;>30M
http://gasboiler-installation.co.uk/;>30M
http://gashobinstallation.co.uk/;>30M
http://gasoveninstallation.co.uk/;>30M
http://hobinstallation.co.uk/;>30M
http://mmpianotuition.co.uk/;>30M
http://musicwithrachel.co.uk/;>30M
http://nicholas-harrison.co.uk/;>30M
http://oveninstallation.co.uk/;>30M
http://rblbrid.co.uk/;>30M
http://robgwilliams.co.uk/;>30M
http://erposf.org.uk/;>30M
http://musicreprieval.org.uk/;>30M
https://thewesley.org.uk/;>30M
https://expediacorporate.ae/public/ae/en/;>30M
http://boundarymark.com.au/;>30M
http://dcmepods.com.au/;>30M
http://dcd12.com.au/;>30M
http://mandurahfences.com.au/;>30M
http://pbslawyers.com.au/;>30M
http://pbssolicitors.com.au/;>30M
http://supernutrients.com.au/index.html;>30M
http://arquitetosustentavel.com.br/;>30M
http://semanadafisicaifpr.com.br/;>30M
http://cyberboyzband.ca/;>30M
http://www.thehippycafe.ca/;>30M
http://suicide.cf/;>30M
http://delsys.ch/;>30M
http://soluziun.ch/;>30M
http://spotrepair.ch/;>30M
https://www.intrabeco.cl/;>30M
http://atypicalmale.club/;>30M
http://beautifulnow.club/;>30M
http://vrkings.club/;>30M
http://liruoxi.com.cn/;>30M
https://business-evolution.co/;>30M
http://datronix.co/;>30M
http://cestamece.cz/;>30M
https://restauracestrelnice.cz/;>30M
http://autoservice-friedrich.de/;>30M
http://bestattungsinstitut-pieta.de/;>30M
https://expediacorporate.dk/public/dk/da/;>30M
http://lmbsk.eu/;>30M
http://atea-menuiserie-biarritz.fr/;>30M
http://nado-psy-a-vertou.fr/;>30M
http://prisonsroyales.fr/;>30M
http://checkaccount.gq/;>30M
http://parrislabico.gr/;>30M
http://eurofutura.hr/;>30M
http://babcsan.hu/;>30M
http://innobay.hu/;>30M
http://kigyossy.hu/;>30M
http://www.metpress.hu/;>30M
http://nontonfilm.me/;>30M
http://alfafoods.mx/;>30M
http://cbtis57.edu.mx/;>30M
http://montacargashiresa.com.mx/;>30M
http://betinasklep.pl/;>30M
https://seele-token.pro/;>30M
http://deea-k.ro/;>30M
http://shopfiore.ro/;>30M
http://slotgames.ro/;>30M
http://indirimvakti.site/;>30M
https://attracta.sk/;>30M
http://fzstav.sk/;>30M
http://moritz.sk/;>30M
https://babylon.tk/;>30M
http://m.yobt.tv/;>30M
http://partners.yobt.tv/;>30M
http://zansin.org.ua/;>30M
http://dizhana.co.za/;>30M
http://electroads.co.za/;>30M
http://legenddestinations.co.za/;>30M
http://rietpoortcottage.co.za/;>30M
http://tswii-safaris.co.za/;>30M
http://fino-abag.ru/;>30M
http://lift.holdings/;>30M
https://micolock-salve.ru/;>30M
https://instagramverifiedcenter.com/;>30M
https://theoutpost.kiwi/;>30M
http://trilhadalucratividade.com.br/;>30M
http://drsunilsanghi.com/;>30M
http://hydrator.company/;>30M
https://mrlgmresume.info/;>30M
http://xsplusduosizhki.online/;>30M
http://davajtroshkyroku.club/;>30M
https://deraltehase.lima-city.de/;>30M
http://nutriondatalabs.info/;>30M
https://trehoacobe.info/;>30M
http://ocluxuryestates.org/;>30M
http://netdokapp.org/;>30M
http://willow-run-apartments.org/;>30M
http://nsfmaneuver.org/;>30M
http://bit-bay.org/;>30M
http://therozy.org/;>30M
http://qcc158.org/;>30M
http://e-buysuglyhouses.com/;>30M
http://helpcenteraccountsupport.com/;>30M
http://bedepequ.online/;>30M
http://flattestbusroute.com/;>30M
http://091jb.com/;>30M
https://dariasanatoriy.com/;>30M
http://doctoruk.net/;>30M
http://ukdfidgov.com/;>30M
http://pawtasticstl.com/;>30M
https://saryagashcity.com/;>30M
http://asp-network.net/;>30M
http://gmfordown.com/;>30M
http://xn-----6kccbjc5ckecpted1aqgm.xn--p1ai/;>30M
https://technorazbor33.ru/;>30M
https://www.triosla.com/;>30M
http://hbz-consulting.com/;>30M
http://xn---490-u4d6bnbshif8a.xn--p1ai/;>30M
http://ramadakapurthala.com/;>30M
http://kpopfan.world/;>30M
http://aql-lang.net/;>30M
http://mix-15.info/;>30M
http://xn----dtbbke3aracbfdk0aa4o.xn--p1ai/;>30M
https://riovic.solutions/;>30M
https://eda-yar.ru/;>30M
http://latcorboard.info/;>30M
http://loliye.info/;>30M
http://edsokol.ru/;>30M
http://topsportsprognoz.ru/;>30M
http://expertprognoz.ru/;>30M
http://eduardsok.ru/;>30M
http://918kiss-club.com/;>30M
https://kazbron.com/;>30M
http://columbus-vip.net/;>30M
https://geoinvestcompany.com/;>30M
http://xn--490-qdd9albqghf5a.xn--p1ai/;>30M
http://balevedans.club/;>30M
http://tinytalltechnologies.com/;>30M
http://ksinedshop.ru/;>30M
http://successltd.net/;>30M
https://profi-teams.ru/;>30M
http://mvxoxo.com/;>30M
http://skykey.club/;>30M
https://ruslanbaiga.ru/;>30M
http://hostlandbd.com/;>30M
http://war-bonus.su/;>30M
http://grandscore.ru/;>30M
http://destiny2tr.com/;>30M
http://nbu.email/;>30M
http://acroretreat.com/;>30M
http://swisschon.com/;>30M
http://177rb.com/;>30M
https://leggingsprint.pro/;>30M
http://afdbgroup.online/;>30M
http://samsungdestock.biz/;>30M
http://algodev.net/;>30M
http://gamissclothing.online/;>30M
http://zafultoday.club/;>30M
http://lnstagramusa.com/;>30M
http://vbrr-finance.com/;>30M
http://gamissclothes.online/;>30M
http://tisgruz.ru/;>30M
http://llj11.com/;>30M
http://ss8vip.com/;>30M
https://www.wiking.live/;>30M
http://worldbankbonds.org/;>30M
https://iinternationalbk.com/;>30M
http://2020-2050.ru/;>30M
http://miladlia.com/;>30M
http://caprex-ma.com/;>30M
http://bluemfs.com/;>30M
http://2phillipeess.ru/;>30M
http://seeallaccesstv.com/;>30M
http://methglass.com/;>30M
http://becksconsult.com/;>30M
http://ningbocb.com/;>30M
http://tgramm.ru/;>30M
http://konkursotbuzovoy.ru/;>30M
http://becksconsults.com/;>30M
http://3mmaashiinkadghipp.ru/;>30M
http://uffigames.ru/;>30M
http://3phillipeess.ru/;>30M
http://insta-photo-khadijakheir.com/login.html;>30M
http://kevinhocking.com/;>30M
https://instagram-checkpointsecurity.com/;>30M
http://5maassaggzerss.ru/;>30M
http://safe-health-insurance-quotes.com/;>30M
http://safe-home-insurance-quotes.com/;>30M
https://hairjuiceaccelarator.com/;>30M
http://arabbsw.com/;>30M
http://triodosoffshore.com/;>30M
https://saucyselections.netlify.com/;>30M
http://heathlylife.net/public/pages/1d352c5f-12d0-49a2-a27c-db63c45217d6.html;>30M
http://hairsave.site/;>30M
http://nstagramsupports.com/;>30M
http://djrichardmoon.uk/;>30M
http://pingpongfree.ru/;>30M
http://1phillipeessbriitvva.ru/;>30M
http://salammaaallah.org/;>30M
http://sayonara-store.ru/;>30M
